{
    "data" : {
        "lower" : -1.0, 
        "upper" : 1.0, 
        "center" : 0.0, 
        "len" : 80, 
        "requests" : 0
    }, 
    "input" : {
        "used" : [], 
        "unused" : [
            [
                -0.5652173913043478, 
                -1.0, 
                -1.0, 
                1.0, 
                -1.0
            ], 
            [
                -0.21739130434782608, 
                -0.3333333333333333, 
                -1.0, 
                0.0, 
                -1.0
            ], 
            [
                -0.21739130434782608, 
                -0.3333333333333333, 
                0.0, 
                0.0, 
                -1.0
            ], 
            [
                -0.043478260869565216, 
                -1.0, 
                -1.0, 
                1.0, 
                -1.0
            ], 
            [
                -0.5652173913043478, 
                -0.3333333333333333, 
                -1.0, 
                0.0, 
                -1.0
            ], 
            [
                -0.21739130434782608, 
                -1.0, 
                0.0, 
                -1.0, 
                -1.0
            ], 
            [
                -0.13043478260869565, 
                -0.3333333333333333, 
                -1.0, 
                0.0, 
                -1.0
            ], 
            [
                0.30434782608695654, 
                0.3333333333333333, 
                -1.0, 
                0.0, 
                -1.0
            ], 
            [
                -0.043478260869565216, 
                -0.3333333333333333, 
                -1.0, 
                0.0, 
                -1.0
            ], 
            [
                -0.13043478260869565, 
                -1.0, 
                0.0, 
                0.0, 
                -1.0
            ], 
            [
                0.6521739130434783, 
                -1.0, 
                -1.0, 
                0.0, 
                -1.0
            ], 
            [
                0.391304347826087, 
                -1.0, 
                0.0, 
                -1.0, 
                -1.0
            ], 
            [
                -0.4782608695652174, 
                -1.0, 
                0.0, 
                0.0, 
                -1.0
            ], 
            [
                -0.7391304347826086, 
                -1.0, 
                -1.0, 
                0.0, 
                1.0
            ], 
            [
                0.043478260869565216, 
                -1.0, 
                1.0, 
                -1.0, 
                1.0
            ], 
            [
                -0.30434782608695654, 
                -1.0, 
                1.0, 
                -1.0, 
                -1.0
            ], 
            [
                -0.30434782608695654, 
                -1.0, 
                -1.0, 
                0.0, 
                -1.0
            ], 
            [
                -0.7391304347826086, 
                -1.0, 
                1.0, 
                1.0, 
                -1.0
            ], 
            [
                0.7391304347826086, 
                0.3333333333333333, 
                -1.0, 
                0.0, 
                1.0
            ], 
            [
                -0.391304347826087, 
                -1.0, 
                1.0, 
                -1.0, 
                1.0
            ], 
            [
                -0.21739130434782608, 
                -1.0, 
                0.0, 
                0.0, 
                -1.0
            ], 
            [
                0.391304347826087, 
                -0.3333333333333333, 
                -1.0, 
                -1.0, 
                1.0
            ], 
            [
                -0.30434782608695654, 
                -1.0, 
                0.0, 
                1.0, 
                -1.0
            ], 
            [
                -0.13043478260869565, 
                -1.0, 
                -1.0, 
                -1.0, 
                1.0
            ], 
            [
                -0.7391304347826086, 
                -1.0, 
                -1.0, 
                1.0, 
                1.0
            ], 
            [
                -0.9130434782608695, 
                -1.0, 
                -1.0, 
                0.0, 
                -1.0
            ], 
            [
                -0.9130434782608695, 
                -1.0, 
                0.0, 
                1.0, 
                1.0
            ], 
            [
                0.13043478260869565, 
                -1.0, 
                -1.0, 
                0.0, 
                -1.0
            ], 
            [
                0.30434782608695654, 
                -1.0, 
                -1.0, 
                1.0, 
                1.0
            ], 
            [
                -0.21739130434782608, 
                -0.3333333333333333, 
                0.0, 
                0.0, 
                1.0
            ], 
            [
                -0.30434782608695654, 
                -1.0, 
                -1.0, 
                -1.0, 
                -1.0
            ], 
            [
                1.0, 
                -1.0, 
                -1.0, 
                0.0, 
                1.0
            ], 
            [
                0.30434782608695654, 
                -0.3333333333333333, 
                -1.0, 
                1.0, 
                1.0
            ], 
            [
                -0.13043478260869565, 
                -0.3333333333333333, 
                -1.0, 
                0.0, 
                1.0
            ], 
            [
                -0.21739130434782608, 
                -0.3333333333333333, 
                1.0, 
                0.0, 
                -1.0
            ], 
            [
                -0.043478260869565216, 
                0.3333333333333333, 
                -1.0, 
                1.0, 
                -1.0
            ], 
            [
                0.391304347826087, 
                -1.0, 
                0.0, 
                0.0, 
                -1.0
            ], 
            [
                0.21739130434782608, 
                -0.3333333333333333, 
                1.0, 
                0.0, 
                -1.0
            ], 
            [
                0.21739130434782608, 
                -1.0, 
                -1.0, 
                0.0, 
                -1.0
            ], 
            [
                -0.21739130434782608, 
                -1.0, 
                1.0, 
                -1.0, 
                1.0
            ], 
            [
                -0.13043478260869565, 
                -1.0, 
                -1.0, 
                1.0, 
                1.0
            ], 
            [
                -0.8260869565217391, 
                -1.0, 
                -1.0, 
                0.0, 
                -1.0
            ], 
            [
                0.6521739130434783, 
                -1.0, 
                0.0, 
                1.0, 
                -1.0
            ], 
            [
                -0.5652173913043478, 
                -1.0, 
                -1.0, 
                0.0, 
                -1.0
            ], 
            [
                0.6521739130434783, 
                1.0, 
                -1.0, 
                1.0, 
                1.0
            ], 
            [
                -0.043478260869565216, 
                0.3333333333333333, 
                -1.0, 
                0.0, 
                1.0
            ], 
            [
                -0.21739130434782608, 
                -1.0, 
                -1.0, 
                0.0, 
                -1.0
            ], 
            [
                0.30434782608695654, 
                -0.3333333333333333, 
                -1.0, 
                1.0, 
                1.0
            ], 
            [
                -0.21739130434782608, 
