{
    "lWeights" : [
        [
            55.125166, 
            35.565446, 
            43.435882, 
            -118.380906, 
            56.393254, 
            154.959053, 
            -28.569382, 
            6.584839, 
            -35.053547, 
            79.809619, 
            92.54572, 
            8.328067, 
            55.306469, 
            2.677755, 
            73.012813, 
            25.194614
        ], 
        [
            25.045139, 
            62.195964, 
            -6.131613, 
            50.582705, 
            -28.153634, 
            4.695119, 
            -46.608065, 
            104.445847, 
            -36.021928, 
            -17.959054, 
            -37.420648, 
            86.111086, 
            -42.066349, 
            22.147813, 
            31.678106, 
            -48.162346
        ], 
        [
            19.280735, 
            -7.119015, 
            11.841579, 
            -43.070958, 
            14.163881, 
            89.814848, 
            125.932903, 
            -81.3215
        ]
    ], 
    "lNodes" : [
        [
            -0.5331617016059826, 
            0.21239153292646878, 
            -0.4859025997803002, 
            0.3568473408076233
        ], 
        [
            1.0, 
            -1.0, 
            -1.0, 
            1.0
        ], 
        [
            1.0, 
            1.0, 
            1.0, 
            -1.0
        ], 
        [
            -1.0, 
            1.0
        ]
    ], 
    "weightRange" : 1.0, 
    "seed" : null, 
    "acFunction" : 2, 
    "learning" : 0.05, 
    "fMomentum" : 0.001, 
    "bMomentum" : true, 
    "epochs" : 10, 
    "batch size" : 40, 
    "acc req" : 0.985, 
    "acc size" : 150, 
    "allow testing" : false, 
    "show output" : true
}