{
    "lWeights" : [
        [
            -37.373099, 
            -76.597197, 
            328.860185, 
            -266.061904, 
            -166.777528, 
            78.290122, 
            -24.514119, 
            -209.338453, 
            160.03282, 
            -85.273893, 
            -194.61475, 
            65.681908, 
            317.965866, 
            174.797898, 
            -36.141176, 
            235.967964, 
            152.285085, 
            150.406264, 
            -103.173191, 
            205.996526, 
            80.168949, 
            38.484271, 
            -215.014965, 
            15.6256, 
            -137.395225, 
            -162.461784, 
            22.138066, 
            52.706437
        ], 
        [
            21.432675, 
            -43.635433, 
            32.602858, 
            -143.092977, 
            126.496881, 
            -258.926744, 
            -185.28578, 
            -124.420804, 
            -54.782773, 
            25.014044, 
            -11.205742, 
            -7.466095, 
            179.126109, 
            -25.045872, 
            216.481347, 
            197.788012, 
            -198.038384, 
            187.306495, 
            -67.256299, 
            -53.168394, 
            65.32549, 
            -111.072356, 
            -162.974014, 
            -37.993424, 
            -258.127486, 
            -121.858391, 
            106.964252, 
            -279.875155, 
            -27.678097, 
            -228.416947, 
            49.7201, 
            81.499804, 
            -117.376312, 
            -92.000784, 
            -153.278428, 
            363.690736, 
            133.785013, 
            -98.801304, 
            -168.182615, 
            -253.002764, 
            -106.14411, 
            -77.178233, 
            -37.335691, 
            208.418494, 
            -73.228886, 
            60.945376, 
            -203.701413, 
            181.435379, 
            61.452386
        ], 
        [
            303.34589, 
            -154.273631, 
            82.113534, 
            -97.755004, 
            51.073614, 
            183.764211, 
            148.667915, 
            -4.27656, 
            -179.573017, 
            33.128219, 
            -86.789268, 
            -174.557357, 
            85.056692, 
            -256.187396
        ]
    ], 
    "lNodes" : [
        [
            0.5815070419488134, 
            -0.2122343749415335, 
            -0.24664527107071313, 
            0.7067659601553051
        ], 
        [
            1.0, 
            -1.0, 
            1.0, 
            -1.0, 
            -1.0, 
            -1.0, 
            -1.0
        ], 
        [
            1.0, 
            1.0, 
            -1.0, 
            1.0, 
            1.0, 
            -1.0, 
            1.0
        ], 
        [
            1.0, 
            -1.0
        ]
    ], 
    "weightRange" : 1.0, 
    "seed" : null, 
    "acFunction" : 2, 
    "learning" : 0.05, 
    "fMomentum" : 0.001, 
    "bMomentum" : true, 
    "epochs" : 10, 
    "batch size" : 40, 
    "acc req" : 0.985, 
    "acc size" : 150, 
    "allow testing" : false, 
    "show output" : true
}