{
    "lWeights" : [
        [
            -142.075917, 
            -267.183741, 
            142.182767, 
            124.72423, 
            56.873914, 
            -79.42865, 
            169.411459, 
            317.020643, 
            131.382265, 
            -90.224546, 
            -128.224547, 
            -130.633324, 
            179.115947, 
            -153.020813, 
            -149.031492, 
            94.578288, 
            46.18714, 
            48.645364, 
            206.749458, 
            -138.148541
        ], 
        [
            46.173876, 
            205.620304, 
            57.623287, 
            144.455598, 
            -105.335877, 
            -48.299727, 
            205.066304, 
            -51.109907, 
            -123.97482, 
            -99.450983, 
            -229.949341, 
            -47.313145, 
            64.166274, 
            -111.399926, 
            -202.833753, 
            189.495395, 
            102.834852, 
            92.438714, 
            -33.907047, 
            -18.636948
        ], 
        [
            -62.326776, 
            -88.274278, 
            -35.51454, 
            232.275668, 
            -236.301239, 
            253.289595, 
            87.028542, 
            -122.202098
        ]
    ], 
    "lNodes" : [
        [
            0.5375029747095602, 
            -0.24955565450687942, 
            -0.300975725332242, 
            0.4250470552933794
        ], 
        [
            1.0, 
            -1.0, 
            -1.0, 
            1.0, 
            1.0
        ], 
        [
            1.0, 
            1.0, 
            -1.0, 
            1.0
        ], 
        [
            1.0, 
            -1.0
        ]
    ], 
    "weightRange" : 1.0, 
    "seed" : null, 
    "acFunction" : 2, 
    "learning" : 0.05, 
    "fMomentum" : 0.001, 
    "bMomentum" : true, 
    "epochs" : 10, 
    "batch size" : 40, 
    "acc req" : 0.985, 
    "acc size" : 150, 
    "allow testing" : false, 
    "show output" : true
}