{
    "lWeights" : [
        [
            985.293436, 
            -176.116201, 
            -1020.262215, 
            994.397396, 
            1438.153066, 
            1924.479583, 
            955.358846, 
            -459.240637, 
            50.188526, 
            -73.835971, 
            1122.574354, 
            339.422016, 
            317.25165, 
            1757.418869, 
            -379.819824, 
            97.77092, 
            900.270165, 
            -474.955135, 
            166.742147, 
            -714.43054
        ], 
        [
            1059.425477, 
            628.606378, 
            -109.973264, 
            -1793.070745, 
            -1237.655582, 
            900.85497, 
            674.209381, 
            580.970698, 
            -504.366736, 
            -851.56484, 
            879.879855, 
            -556.951053, 
            -892.743242, 
            1207.706525, 
            522.986769, 
            -484.964086, 
            886.037104, 
            -1115.233383, 
            -1877.810682, 
            -635.718121, 
            197.123546, 
            -1427.089284, 
            -207.272441, 
            -3.998011, 
            49.857137
        ], 
        [
            9.068195, 
            159.769286, 
            -223.664949, 
            429.168564, 
            -72.989159, 
            85.736753, 
            -1560.930403, 
            1813.860306, 
            -740.927007, 
            1045.93711
        ]
    ], 
    "lNodes" : [
        [
            -0.036654190915056735, 
            0.6511017897300999, 
            -0.7100997264522798, 
            -0.0516198841575967
        ], 
        [
            1.0, 
            1.0, 
            -1.0, 
            -1.0, 
            1.0
        ], 
        [
            1.0, 
            -1.0, 
            1.0, 
            -1.0, 
            -1.0
        ], 
        [
            1.0, 
            -1.0
        ]
    ], 
    "weightRange" : 1.0, 
    "seed" : null, 
    "acFunction" : 2, 
    "learning" : 0.05, 
    "fMomentum" : 0.001, 
    "bMomentum" : true, 
    "epochs" : 10, 
    "batch size" : 40, 
    "acc req" : 0.98, 
    "acc size" : 150, 
    "allow testing" : false, 
    "show output" : true
}