{
    "lWeights" : [
        [
            -2.052331, 
            9.5133, 
            -5.999744, 
            -6.270849, 
            -2.831692, 
            -3.253094, 
            -10.182265, 
            -8.601362, 
            -7.076525, 
            -7.335133, 
            -5.228456, 
            9.502388, 
            -6.043263, 
            -5.037328, 
            -3.933223, 
            11.171486, 
            0.809921, 
            7.822252, 
            6.511292, 
            1.202135, 
            -2.741357, 
            -1.600004, 
            6.13939, 
            2.831588, 
            -7.318598, 
            1.815984, 
            3.597957, 
            0.558259
        ], 
        [
            -3.621143, 
            -1.030484, 
            -2.865251, 
            5.265376, 
            -8.400206, 
            -1.368114, 
            1.532678, 
            0.950958, 
            2.925083, 
            4.386625, 
            -6.422982, 
            3.87798, 
            -12.719973, 
            8.780807, 
            7.921056, 
            -4.212369, 
            -2.804638, 
            2.832316, 
            2.75131, 
            7.123637, 
            -9.341358, 
            8.170875, 
            -4.004615, 
            -5.804675, 
            4.651538, 
            -8.206421, 
            7.699078, 
            4.463339, 
            -5.222871, 
            -1.254529, 
            -1.178798, 
            -8.145862, 
            1.031899, 
            -1.443306, 
            7.67796, 
            8.734686, 
            3.432202, 
            -0.967994, 
            -2.295109, 
            3.45535, 
            7.753366, 
            5.228166, 
            1.393444, 
            9.152993, 
            1.95306, 
            7.24504, 
            -2.621722, 
            7.6615, 
            7.396743
        ], 
        [
            -1.364127, 
            -7.671928, 
            -2.551918, 
            -1.95926, 
            -2.236631, 
            0.142366, 
            -7.480725, 
            9.026833, 
            11.38244, 
            -1.169639, 
            -9.554889, 
            10.72458, 
            5.731267, 
            1.855481
        ]
    ], 
    "lNodes" : [
        [
            -0.23957048799659625, 
            0.2876477565697651, 
            -0.6491955112326879, 
            0.1219254935122798
        ], 
        [
            0.3591109901147025, 
            -0.999999999198085, 
            -0.6926996975003271, 
            -0.9999870074572695, 
            -0.5327351023485986, 
            -0.861909345070378, 
            0.9931707934634348
        ], 
        [
            -1.0, 
            0.9999999982482489, 
            0.9999790743439779, 
            0.999999999999878, 
            -0.9999971223923364, 
            0.8592648236148758, 
            -0.9999993545409372
        ], 
        [
            -1.0, 
            1.0
        ]
    ], 
    "weightRange" : 1.0, 
    "seed" : null, 
    "acFunction" : 2, 
    "learning" : 0.05, 
    "fMomentum" : 0.001, 
    "bMomentum" : true, 
    "epochs" : 10, 
    "batch size" : 40, 
    "acc req" : 0.98, 
    "acc size" : 150, 
    "allow testing" : false, 
    "show output" : true
}