{
    "lWeights" : [
        [
            551.135008, 
            -257.026376, 
            -682.22389, 
            851.602435, 
            777.667658, 
            1304.103599, 
            -333.102705, 
            -1479.727425, 
            -850.577858, 
            -1062.175002, 
            801.485099, 
            978.391648, 
            626.029034, 
            -947.925712, 
            -1140.256229, 
            992.95244, 
            -745.742083, 
            24.617864, 
            -227.279599, 
            77.827417, 
            -692.507374, 
            -387.590942, 
            548.156578, 
            629.426166
        ], 
        [
            -776.013176, 
            -100.002908, 
            385.470027, 
            -309.3834, 
            908.136556, 
            -995.656522, 
            590.887279, 
            1315.248663, 
            -836.557493, 
            -535.929775, 
            -161.538658, 
            -764.524023, 
            -519.442011, 
            686.230257, 
            -832.672233, 
            190.69026, 
            252.150056, 
            409.669244, 
            982.694115, 
            -1017.326555, 
            52.177477, 
            936.420069, 
            -419.458954, 
            -439.689478, 
            643.152865, 
            -820.951263, 
            913.598562, 
            -997.686758, 
            -457.181165, 
            1015.87201, 
            -588.166903, 
            -1178.442857, 
            -31.159022, 
            -745.584718, 
            -659.016412, 
            510.045811
        ], 
        [
            -341.35553, 
            -93.255754, 
            -1290.07354, 
            1448.832665, 
            609.601157, 
            -504.298216, 
            -437.924614, 
            1045.776587, 
            -266.657387, 
            -97.306315, 
            -124.57034, 
            194.335338
        ]
    ], 
    "lNodes" : [
        [
            -0.3557752633970102, 
            -0.39264425793367186, 
            -0.01875201929911473, 
            0.673138929048801
        ], 
        [
            -1.0, 
            1.0, 
            1.0, 
            -1.0, 
            -1.0, 
            -1.0
        ], 
        [
            -1.0, 
            1.0, 
            -1.0, 
            1.0, 
            1.0, 
            -1.0
        ], 
        [
            -1.0, 
            1.0
        ]
    ], 
    "weightRange" : 1.0, 
    "seed" : null, 
    "acFunction" : 2, 
    "learning" : 0.05, 
    "fMomentum" : 0.001, 
    "bMomentum" : true, 
    "epochs" : 10, 
    "batch size" : 40, 
    "acc req" : 0.985, 
    "acc size" : 150, 
    "allow testing" : false, 
    "show output" : true
}