{
    "lWeights" : [
        [
            -0.748091, 
            6.012182, 
            -7.908636, 
            10.654085, 
            -8.894988, 
            -11.525706, 
            -6.502936, 
            5.51785, 
            9.624711, 
            -5.169663, 
            5.982423, 
            -20.076659, 
            9.576672, 
            9.236938, 
            -4.028939, 
            -2.718685, 
            9.252584, 
            -3.011088, 
            -12.673641, 
            -9.199217, 
            5.159381, 
            0.074857, 
            3.712131, 
            -8.55872, 
            -5.485716, 
            -2.823734, 
            -5.059716, 
            7.933994
        ], 
        [
            -0.787538, 
            -5.912005, 
            6.864236, 
            -6.922098, 
            -6.11217, 
            4.784114, 
            -6.421864, 
            0.657274, 
            1.667613, 
            -0.111146, 
            -5.102998, 
            -1.560363, 
            3.920067, 
            -1.324131, 
            -8.58173, 
            9.357024, 
            8.496058, 
            1.376777, 
            -6.4316, 
            -3.860034, 
            8.078352, 
            2.763869, 
            -5.160505, 
            -5.220304, 
            10.350368, 
            -0.447515, 
            9.517773, 
            -2.801591, 
            -15.707902, 
            -2.200811, 
            -1.959302, 
            -9.025792, 
            11.682752, 
            -6.838629, 
            2.558662, 
            -11.320487, 
            2.0043, 
            2.885567, 
            3.940354, 
            -2.406323, 
            2.19887, 
            6.922601, 
            -6.571875, 
            -0.849002, 
            5.275933, 
            0.756595, 
            -8.997347, 
            -10.922478, 
            7.728328
        ], 
        [
            13.026278, 
            -10.071881, 
            -5.635225, 
            -0.751759, 
            -3.159526, 
            0.76932, 
            1.118434, 
            1.350277, 
            -6.364919, 
            5.909819, 
            -3.245267, 
            1.235977, 
            -1.676725, 
            7.356098
        ]
    ], 
    "lNodes" : [
        [
            -0.5602910527947847, 
            0.46728681706436376, 
            -0.49741917418743403, 
            -0.34344453840348443
        ], 
        [
            0.9999047265649703, 
            0.8355793623458381, 
            0.3385514680442645, 
            0.20498528636833224, 
            0.9936689406956303, 
            0.9999999999999979, 
            0.9904269115106421
        ], 
        [
            -1.0, 
            -0.9979104912450072, 
            0.9999999999996859, 
            -0.9999999999869205, 
            -0.9999999861289962, 
            -0.9999970357188781, 
            0.9999999998761113
        ], 
        [
            -0.9988885411232246, 
            0.9999999983287412
        ]
    ], 
    "weightRange" : 1.0, 
    "seed" : null, 
    "acFunction" : 2, 
    "learning" : 0.05, 
    "fMomentum" : 0.001, 
    "bMomentum" : true, 
    "epochs" : 10, 
    "batch size" : 40, 
    "acc req" : 0.985, 
    "acc size" : 150, 
    "allow testing" : false, 
    "show output" : true
}