{
    "lWeights" : [
        [
            2228.900161, 
            705.425773, 
            1135.733279, 
            884.172742, 
            -2293.436308, 
            2369.178767, 
            1631.767924, 
            -1006.779925, 
            1751.75924, 
            336.181354, 
            695.693619, 
            -1280.590284, 
            -634.642949, 
            1045.801887, 
            -2365.466083, 
            1108.554226, 
            2090.764327, 
            1263.369662, 
            -263.035239, 
            -407.19865
        ], 
        [
            1900.46583, 
            1999.729351, 
            1726.505027, 
            -271.139831, 
            -6.169097, 
            1184.38426, 
            597.411112, 
            1568.580144, 
            -883.904779, 
            554.455251, 
            -90.543057, 
            -1396.137874, 
            -362.007895, 
            67.278274, 
            -21.604354, 
            -1130.072156, 
            1248.056079, 
            840.56477, 
            -273.759116, 
            883.789713, 
            1583.667641, 
            -1305.471955, 
            311.865753, 
            2117.433521, 
            -192.807298
        ], 
        [
            273.754163, 
            86.631005, 
            1860.09809, 
            -1974.464384, 
            240.14133, 
            -1628.014375, 
            -1273.192663, 
            1709.497637, 
            1762.952998, 
            746.895668
        ]
    ], 
    "lNodes" : [
        [
            0.05308756823803445, 
            0.40565095211545876, 
            -0.9787451267581364, 
            -0.6068268819844149
        ], 
        [
            -1.0, 
            1.0, 
            -1.0, 
            -1.0, 
            1.0
        ], 
        [
            1.0, 
            -1.0, 
            -1.0, 
            1.0, 
            -1.0
        ], 
        [
            -1.0, 
            1.0
        ]
    ], 
    "weightRange" : 1.0, 
    "seed" : null, 
    "acFunction" : 2, 
    "learning" : 0.05, 
    "fMomentum" : 0.001, 
    "bMomentum" : true, 
    "epochs" : 10, 
    "batch size" : 40, 
    "acc req" : 0.985, 
    "acc size" : 150, 
    "allow testing" : false, 
    "show output" : true, 
    "is fertile" : true, 
    "is child" : false, 
    "child net" : "637030504174837632_child"
}