{
    "lWeights" : [
        [
            12.792417, 
            -0.361461, 
            -12.010988, 
            10.033646, 
            7.843186, 
            1.918187, 
            -9.528352, 
            -2.298693, 
            16.687624, 
            0.656916, 
            1.646591, 
            10.650948, 
            11.658158, 
            -9.106697, 
            5.118387, 
            9.663374, 
            14.110502, 
            12.05487, 
            11.411273, 
            -0.715107, 
            -1.851665, 
            -5.132167, 
            0.544838, 
            -1.573721, 
            6.230627, 
            8.057388, 
            -7.8829, 
            0.080183
        ], 
        [
            -1.605622, 
            11.704321, 
            -5.604857, 
            -4.012042, 
            1.355936, 
            -1.902722, 
            0.085212, 
            -9.293427, 
            -9.56044, 
            -1.159895, 
            -16.608372, 
            0.142955, 
            -9.242483, 
            7.041744, 
            -2.916037, 
            11.665787, 
            -13.299895, 
            8.212342, 
            -7.43088, 
            -6.946605, 
            -6.991774, 
            -1.591341, 
            10.923274, 
            -6.950447, 
            -9.898347, 
            -10.540438, 
            -4.145064, 
            -1.871992, 
            -5.396698, 
            15.966771, 
            0.518397, 
            -11.943118, 
            7.447137, 
            -5.08952, 
            -0.464461, 
            2.366322, 
            -4.335363, 
            3.130677, 
            -3.35909, 
            -13.977441, 
            -11.102337, 
            -10.457506, 
            8.653303, 
            -9.321703, 
            7.729165, 
            6.295338, 
            -10.35479, 
            5.012232, 
            -6.844331
        ], 
        [
            7.281862, 
            14.946777, 
            15.454745, 
            -1.621398, 
            9.699167, 
            3.357477, 
            -15.793417, 
            12.081401, 
            -5.530602, 
            -4.224586, 
            -13.017384, 
            0.839392, 
            11.055741, 
            -8.270898
        ]
    ], 
    "lNodes" : [
        [
            -0.16302850673185793, 
            -0.458770351023585, 
            -0.1297133133736834, 
            0.5485048691999236
        ], 
        [
            -0.9997580476489828, 
            -0.9999999253021205, 
            -0.7766029116247128, 
            -0.4909606784438317, 
            -0.9968482235052005, 
            -0.999999994885703, 
            0.9999880853600789
        ], 
        [
            1.0, 
            -1.0, 
            1.0, 
            1.0, 
            0.9999750721460345, 
            1.0, 
            0.997273312101792
        ], 
        [
            -1.0, 
            1.0
        ]
    ], 
    "weightRange" : 1.0, 
    "seed" : null, 
    "acFunction" : 2, 
    "learning" : 0.05, 
    "fMomentum" : 0.001, 
    "bMomentum" : true, 
    "epochs" : 10, 
    "batch size" : 40, 
    "acc req" : 0.98, 
    "acc size" : 150, 
    "allow testing" : false, 
    "show output" : true
}