{
    "lWeights" : [
        [
            -42.726764, 
            83.343161, 
            -22.970743, 
            -87.8437, 
            110.755368, 
            -105.457695, 
            -60.527156, 
            -158.764609, 
            -90.631717, 
            -60.856936, 
            -58.562413, 
            73.15021, 
            -79.431295, 
            15.619917, 
            -0.270413, 
            -16.097598, 
            -6.383879, 
            -47.998523, 
            -67.270431, 
            -42.94297
        ], 
        [
            64.834921, 
            -24.63537, 
            -63.099029, 
            18.697346, 
            23.255569, 
            -31.368139, 
            59.679531, 
            -7.402084, 
            -88.442116, 
            -35.407363, 
            -32.693304, 
            -126.619849, 
            2.626611, 
            58.360727, 
            -73.983897, 
            93.457944, 
            26.223349, 
            -96.231145, 
            40.279149, 
            60.840376, 
            -54.16788, 
            -63.34009, 
            59.075678, 
            -27.682751, 
            56.160969
        ], 
        [
            -40.602038, 
            60.54548, 
            89.482806, 
            -92.227765, 
            91.633879, 
            -52.0345, 
            -45.291042, 
            109.74063, 
            34.224334, 
            73.854915
        ]
    ], 
    "lNodes" : [
        [
            -0.634020581384448, 
            -0.4042589813917462, 
            0.3933960841751567, 
            0.45843949189375954
        ], 
        [
            1.0, 
            -0.9871931475746049, 
            1.0, 
            1.0, 
            -1.0
        ], 
        [
            1.0, 
            -1.0, 
            -1.0, 
            1.0, 
            -0.9999999995386585
        ], 
        [
            -1.0, 
            1.0
        ]
    ], 
    "weightRange" : 1.0, 
    "seed" : null, 
    "acFunction" : 2, 
    "learning" : 0.05, 
    "fMomentum" : 0.001, 
    "bMomentum" : true, 
    "epochs" : 10, 
    "batch size" : 40, 
    "acc req" : 0.985, 
    "acc size" : 150, 
    "allow testing" : false, 
    "show output" : true
}