{
    "lWeights" : [
        [
            11.626776, 
            -12.245636, 
            -6.650649, 
            10.827356, 
            -0.92755, 
            -9.24489, 
            -11.858244, 
            -5.479926, 
            15.57269, 
            6.713019, 
            3.598851, 
            3.406155, 
            3.928697, 
            11.904503, 
            7.592859, 
            -4.230466, 
            -8.285744, 
            -5.26102, 
            2.821469, 
            -5.768221
        ], 
        [
            -2.506992, 
            0.576688, 
            -5.844816, 
            10.427707, 
            7.034181, 
            -1.838591, 
            0.822607, 
            -5.969531, 
            -0.863447, 
            10.944035, 
            6.854177, 
            -7.548883, 
            -8.287366, 
            -4.772771, 
            -4.919708, 
            -9.739051, 
            5.98286, 
            7.981053, 
            11.207379, 
            -9.861645, 
            -7.505728, 
            -2.269075, 
            -9.119901, 
            -6.486792, 
            -10.948829
        ], 
        [
            -1.828231, 
            -0.414391, 
            1.63468, 
            -1.349379, 
            11.813885, 
            -10.73536, 
            9.541968, 
            -9.934934, 
            -9.219279, 
            10.661367
        ]
    ], 
    "lNodes" : [
        [
            0.7809892621999149, 
            0.42501131911677215, 
            -0.7935942447282831, 
            0.45867590496194655
        ], 
        [
            0.340593760927357, 
            -1.0, 
            -0.9999999999908281, 
            0.9999980538936755, 
            -0.9999958493115066
        ], 
        [
            -0.9999998167522877, 
            0.999999999999868, 
            1.0, 
            1.0, 
            -0.9876707244697017
        ], 
        [
            1.0, 
            -1.0
        ]
    ], 
    "weightRange" : 1.0, 
    "seed" : null, 
    "acFunction" : 2, 
    "learning" : 0.05, 
    "fMomentum" : 0.001, 
    "bMomentum" : true, 
    "epochs" : 10, 
    "batch size" : 40, 
    "acc req" : 0.985, 
    "acc size" : 150, 
    "allow testing" : false, 
    "show output" : true
}