{
    "lWeights" : [
        [
            -1182.962797, 
            -294.886471, 
            -1305.986273, 
            -929.596976, 
            -884.166382, 
            -597.613348, 
            25.214685, 
            -1740.695291, 
            119.66387, 
            -313.265191, 
            -1361.072175, 
            -850.690417, 
            31.096797, 
            125.000775, 
            -583.108473, 
            -526.971661
        ], 
        [
            -436.328142, 
            238.927588, 
            807.169894, 
            -897.442588, 
            1124.101685, 
            -349.005372, 
            -220.535703, 
            -1135.475216, 
            245.437436, 
            -819.189229, 
            776.288395, 
            1234.558765, 
            238.317111, 
            -1086.989691, 
            1243.172027, 
            -828.689862
        ], 
        [
            -1088.130636, 
            23.639935, 
            350.789832, 
            -899.246908, 
            -1218.22329, 
            1312.031903, 
            -384.582187, 
            737.615989
        ]
    ], 
    "lNodes" : [
        [
            -0.34404949916708133, 
            0.2960145483391769, 
            -0.6627824326361815, 
            0.03656219027614856
        ], 
        [
            1.0, 
            1.0, 
            1.0, 
            1.0
        ], 
        [
            1.0, 
            -1.0, 
            1.0, 
            -1.0
        ], 
        [
            -1.0, 
            1.0
        ]
    ], 
    "weightRange" : 1.0, 
    "seed" : null, 
    "acFunction" : 2, 
    "learning" : 0.05, 
    "fMomentum" : 0.001, 
    "bMomentum" : true, 
    "epochs" : 10, 
    "batch size" : 40, 
    "acc req" : 0.98, 
    "acc size" : 150, 
    "allow testing" : false, 
    "show output" : true
}