{
    "lWeights" : [
        [
            2245.297791, 
            -1552.826497, 
            558.918505, 
            -895.564765, 
            -32.023396, 
            -1078.625258, 
            -686.173206, 
            3222.450186, 
            -216.800433, 
            317.485039, 
            186.729433, 
            1909.334469, 
            352.085815, 
            -920.72174, 
            2325.03922, 
            1998.251567, 
            -378.087043, 
            -478.793907, 
            -1302.170768, 
            921.782135, 
            908.771382, 
            623.667482, 
            -1135.5853, 
            1259.520887, 
            1322.973679, 
            -185.422271, 
            -1609.419778, 
            -723.936639
        ], 
        [
            432.70451, 
            -2640.874229, 
            -594.830241, 
            547.96188, 
            3007.594301, 
            1115.420762, 
            -1560.724353, 
            1484.580354, 
            -625.302541, 
            792.332253, 
            -336.558532, 
            1423.356774, 
            1011.507965, 
            755.490364, 
            -1267.433648, 
            860.747108, 
            1522.546684, 
            1584.763421, 
            1593.522659, 
            -1000.240727, 
            1459.43411, 
            -433.699416, 
            -1134.203493, 
            -810.82628, 
            -1374.664387, 
            809.594315, 
            1252.976646, 
            559.122987, 
            -831.393078, 
            1122.12431, 
            -925.758106, 
            755.291497, 
            493.439152, 
            1326.656033, 
            -1067.543621, 
            1500.532146, 
            520.740872, 
            735.819663, 
            -1698.946606, 
            1419.294284, 
            321.626111, 
            -1071.675731
        ], 
        [
            1081.821003, 
            1398.844835, 
            -1368.728908, 
            2130.026957, 
            605.587637, 
            -345.705052, 
            400.646605, 
            526.7851, 
            1433.685392, 
            -2338.438071, 
            1221.092176, 
            735.479168
        ]
    ], 
    "lNodes" : [
        [
            -0.355010853182759, 
            -0.4815358076984962, 
            0.23083550520171456, 
            0.9428607799812687
        ], 
        [
            -1.0, 
            1.0, 
            1.0, 
            1.0, 
            -1.0, 
            -1.0, 
            1.0
        ], 
        [
            1.0, 
            1.0, 
            -1.0, 
            1.0, 
            -1.0, 
            -1.0
        ], 
        [
            -1.0, 
            1.0
        ]
    ], 
    "weightRange" : 1.0, 
    "seed" : null, 
    "acFunction" : 2, 
    "learning" : 0.05, 
    "fMomentum" : 0.001, 
    "bMomentum" : true, 
    "epochs" : 10, 
    "batch size" : 40, 
    "acc req" : 0.985, 
    "acc size" : 150, 
    "allow testing" : false, 
    "show output" : true, 
    "is fertile" : true, 
    "is child" : false, 
    "child net" : "637027468053910656_child"
}