{
    "lWeights" : [
        [
            45.474979, 
            -97.695002, 
            -115.667457, 
            -32.43078, 
            1.047821, 
            11.894177, 
            67.878292, 
            7.443947, 
            -40.341985, 
            57.581284, 
            -80.248905, 
            -117.767861, 
            -26.163643, 
            37.349608, 
            33.668295, 
            35.20197, 
            -27.700215, 
            -90.148661, 
            -73.566671, 
            -27.079256, 
            -78.284925, 
            -11.549384, 
            -26.296983, 
            8.933479, 
            -41.800127, 
            -19.040302, 
            34.983878, 
            43.305346
        ], 
        [
            33.312879, 
            64.874063, 
            -28.691695, 
            -33.885431, 
            -15.975453, 
            18.459494, 
            78.198901, 
            16.313623, 
            44.799125, 
            14.772997, 
            76.023891, 
            -1.85635, 
            8.934789, 
            18.308289, 
            4.627291, 
            40.543184, 
            77.491735, 
            16.693641, 
            20.049966, 
            71.39619, 
            -92.097507, 
            35.468416, 
            42.736366, 
            9.611929, 
            76.395956, 
            13.981839, 
            -59.200899, 
            -58.340098, 
            70.776147, 
            14.139199, 
            15.589284, 
            58.788838, 
            81.609986, 
            40.079241, 
            1.822961, 
            -70.848702, 
            -23.542665, 
            -59.60579, 
            25.40331, 
            72.558907, 
            -33.667381, 
            -1.773597, 
            -55.824165, 
            -44.340676, 
            41.67825, 
            -27.773385, 
            -23.672808, 
            -9.309168, 
            86.848722
        ], 
        [
            -6.320709, 
            61.415158, 
            -78.492816, 
            30.826476, 
            -53.488986, 
            30.492769, 
            -82.702004, 
            85.228057, 
            -53.732769, 
            27.718427, 
            -4.919707, 
            -15.677842, 
            13.723406, 
            -61.692115
        ]
    ], 
    "lNodes" : [
        [
            -0.2490751357549272, 
            -0.4748753026226674, 
            -0.10874275744717507, 
            0.4544422924793365
        ], 
        [
            -1.0, 
            1.0, 
            0.9999999232463974, 
            1.0, 
            1.0, 
            1.0, 
            -0.9999950089241003
        ], 
        [
            1.0, 
            1.0, 
            1.0, 
            1.0, 
            1.0, 
            0.9999999999999998, 
            -1.0
        ], 
        [
            -1.0, 
            1.0
        ]
    ], 
    "weightRange" : 1.0, 
    "seed" : null, 
    "acFunction" : 2, 
    "learning" : 0.05, 
    "fMomentum" : 0.001, 
    "bMomentum" : true, 
    "epochs" : 10, 
    "batch size" : 40, 
    "acc req" : 0.985, 
    "acc size" : 150, 
    "allow testing" : false, 
    "show output" : true
}