{
    "lWeights" : [
        [
            13.590171, 
            -5.760475, 
            -26.758468, 
            7.008732, 
            -24.88901, 
            38.756783, 
            6.407453, 
            4.736533, 
            8.172955, 
            -16.459376, 
            24.068201, 
            -15.850714, 
            -12.668408, 
            20.934851, 
            8.376507, 
            6.706031, 
            3.572244, 
            1.253795, 
            -1.265241, 
            -14.337712
        ], 
        [
            16.833012, 
            -6.084746, 
            33.029409, 
            1.130927, 
            3.070167, 
            7.542603, 
            -3.672518, 
            -8.452744, 
            22.73523, 
            12.666907, 
            -15.876674, 
            0.048188, 
            -17.943557, 
            -10.780777, 
            -19.509982, 
            -1.485859, 
            -12.144387, 
            -1.518847, 
            0.730509, 
            -14.690314, 
            -17.591619, 
            -3.981604, 
            -16.272092, 
            -24.505807, 
            0.044971
        ], 
        [
            7.730892, 
            -12.612203, 
            -15.007011, 
            -9.324581, 
            19.557408, 
            -24.361975, 
            9.078773, 
            -18.565486, 
            20.151112, 
            13.620465
        ]
    ], 
    "lNodes" : [
        [
            0.3252421233296555, 
            0.4857117198696338, 
            -0.5943481163977857, 
            0.14896751138874484
        ], 
        [
            0.9999999953410422, 
            0.9999999996197093, 
            0.8652407535713588, 
            -0.9999942741754481, 
            -1.0
        ], 
        [
            1.0, 
            0.9999945916091687, 
            1.0, 
            1.0, 
            0.9999999999962522
        ], 
        [
            1.0, 
            -1.0
        ]
    ], 
    "weightRange" : 1.0, 
    "seed" : null, 
    "acFunction" : 2, 
    "learning" : 0.05, 
    "fMomentum" : 0.001, 
    "bMomentum" : true, 
    "epochs" : 10, 
    "batch size" : 40, 
    "acc req" : 0.985, 
    "acc size" : 150, 
    "allow testing" : false, 
    "show output" : true
}