{
    "lWeights" : [
        [
            5.13261, 
            8.53984, 
            -5.185077, 
            -8.618036, 
            -3.357089, 
            6.66655, 
            -10.442676, 
            4.720967, 
            -2.445907, 
            -2.065415, 
            -6.19503, 
            -5.588158, 
            1.745623, 
            5.72051, 
            -1.783824, 
            0.754328
        ], 
        [
            3.428253, 
            0.095842, 
            2.631021, 
            4.152644, 
            -7.409021, 
            -0.068483, 
            3.358967, 
            0.987217, 
            8.29228, 
            4.920219, 
            -1.467811, 
            3.809553, 
            5.634846, 
            -3.928955, 
            -1.560276, 
            -6.768342
        ], 
        [
            -7.278132, 
            9.437962, 
            -1.022296, 
            5.526721, 
            4.30838, 
            -1.269665, 
            0.701315, 
            -5.640497
        ]
    ], 
    "lNodes" : [
        [
            0.40218794395286617, 
            0.26534629013609135, 
            -0.5152105455876969, 
            0.6609090991752821
        ], 
        [
            0.9984697041119338, 
            0.9999999962582193, 
            -0.9932434296639489, 
            0.8224172144535453
        ], 
        [
            -0.9999994870041363, 
            -0.9999998123822311, 
            0.9999910885389289, 
            -0.9995651401449589
        ], 
        [
            0.9999999999092002, 
            -0.9999999987491295
        ]
    ], 
    "weightRange" : 1.0, 
    "seed" : null, 
    "acFunction" : 2, 
    "learning" : 0.05, 
    "fMomentum" : 0.001, 
    "bMomentum" : true, 
    "epochs" : 10, 
    "batch size" : 40, 
    "acc req" : 0.98, 
    "acc size" : 150, 
    "allow testing" : false, 
    "show output" : true
}