{
    "lWeights" : [
        [
            749.788675, 
            -193.787257, 
            240.047363, 
            -304.544167, 
            -695.750416, 
            969.696374, 
            169.027616, 
            -204.801042, 
            1152.474722, 
            -133.279423, 
            -262.315287, 
            12.727422, 
            -946.605298, 
            488.264199, 
            693.868142, 
            130.79166, 
            -433.336212, 
            792.529564, 
            596.347587, 
            -548.941849, 
            138.175513, 
            -49.946292, 
            34.274748, 
            210.819243
        ], 
        [
            19.343299, 
            -214.999939, 
            261.345017, 
            -340.284207, 
            -479.635705, 
            954.397112, 
            -376.55421, 
            -352.809522, 
            -211.591782, 
            -567.286918, 
            353.426557, 
            -262.593584, 
            709.339077, 
            330.338907, 
            181.11065, 
            -890.969431, 
            -151.102919, 
            136.865341, 
            -21.687965, 
            789.17471, 
            -78.078187, 
            335.764406, 
            -511.968725, 
            322.828397, 
            -289.522783, 
            267.860609, 
            639.793752, 
            542.606022, 
            462.27849, 
            0.444503, 
            581.157084, 
            -633.370206, 
            742.229763, 
            330.610235, 
            -758.065138, 
            -656.052089
        ], 
        [
            617.007472, 
            -449.296622, 
            -140.191685, 
            219.183015, 
            142.786724, 
            -294.104299, 
            -565.264419, 
            628.754293, 
            -571.432704, 
            459.454096, 
            520.505615, 
            -446.555863
        ]
    ], 
    "lNodes" : [
        [
            0.042883413019492445, 
            0.08323610742122459, 
            -0.5886634932259246, 
            0.5555596533820707
        ], 
        [
            1.0, 
            -1.0, 
            -1.0, 
            -1.0, 
            1.0, 
            -1.0
        ], 
        [
            -1.0, 
            -1.0, 
            1.0, 
            1.0, 
            1.0, 
            1.0
        ], 
        [
            -1.0, 
            1.0
        ]
    ], 
    "weightRange" : 1.0, 
    "seed" : null, 
    "acFunction" : 2, 
    "learning" : 0.05, 
    "fMomentum" : 0.001, 
    "bMomentum" : true, 
    "epochs" : 10, 
    "batch size" : 40, 
    "acc req" : 0.985, 
    "acc size" : 150, 
    "allow testing" : false, 
    "show output" : true
}