{
    "lWeights" : [
        [
            0.288534, 
            0.784484, 
            0.972691, 
            -0.583637, 
            0.676007, 
            -1.048706, 
            -0.041819, 
            -0.93808, 
            0.675361, 
            -0.462836, 
            -0.173197, 
            -0.250334, 
            0.118994, 
            1.077078, 
            -1.152095, 
            0.565112
        ], 
        [
            0.751134, 
            0.17657, 
            -0.367824, 
            1.016068, 
            -0.508469, 
            1.498762, 
            0.763901, 
            -1.022896, 
            -0.888925, 
            -0.721998, 
            -0.265409, 
            -0.112762
        ], 
        [
            0.322872, 
            0.4445, 
            -0.260612, 
            -0.588391, 
            1.229947, 
            -1.419134
        ]
    ], 
    "lNodes" : [
        [
            0.06315037968111112, 
            -0.30267505341500556, 
            -0.1506752536239688, 
            0.37472380588668536
        ], 
        [
            -0.2388552313686493, 
            0.685969150277594, 
            -0.3199016541633196, 
            0.45940477752277864
        ], 
        [
            -0.05841692050345021, 
            -0.18356812325755179, 
            0.8737050147241849
        ], 
        [
            0.8017847571514667, 
            -0.8203415638816653
        ]
    ], 
    "weightRange" : 1.0, 
    "seed" : null, 
    "acFunction" : 2, 
    "learning" : 0.05, 
    "fMomentum" : 0.001, 
    "bMomentum" : true, 
    "epochs" : 10, 
    "batch size" : 40, 
    "acc req" : 0.985, 
    "acc size" : 150, 
    "allow testing" : false, 
    "show output" : true, 
    "is fertile" : false, 
    "is child" : true, 
    "child net" : null
}