{
    "lWeights" : [
        [
            -260.004521, 
            156.066333, 
            115.682055, 
            -908.851861, 
            -251.680734, 
            773.087876, 
            -803.943954, 
            1046.340278, 
            -254.835568, 
            -403.361619, 
            145.63237, 
            462.117125, 
            -426.421092, 
            583.777617, 
            518.959242, 
            -907.135231, 
            -618.822472, 
            -568.293618, 
            -204.278542, 
            -203.09692, 
            523.436708, 
            -300.14568, 
            -431.898053, 
            438.952109
        ], 
        [
            -300.317224, 
            -26.028971, 
            972.603105, 
            672.424297, 
            -957.009982, 
            -371.355678, 
            -340.565775, 
            -593.274053, 
            -845.071849, 
            -276.985288, 
            567.553567, 
            -345.635032, 
            47.850046, 
            -122.559331, 
            -312.502437, 
            223.521574, 
            -345.470578, 
            -731.188759, 
            -723.181493, 
            616.79778, 
            848.498283, 
            -38.58575, 
            -689.760982, 
            354.176008, 
            216.576516, 
            -76.765239, 
            506.47288, 
            741.009925, 
            -445.001683, 
            -602.840033, 
            -8.660352, 
            -565.057642, 
            -812.446464, 
            -208.122993, 
            432.409392, 
            511.262677
        ], 
        [
            692.093777, 
            242.568818, 
            -342.259257, 
            832.56812, 
            -239.397172, 
            996.705121, 
            32.886571, 
            -45.465181, 
            905.811342, 
            1.980226, 
            30.68249, 
            86.051618
        ]
    ], 
    "lNodes" : [
        [
            -0.5205849901564157, 
            -0.6060423503350834, 
            0.5205893122536455, 
            0.38083781154241336
        ], 
        [
            1.0, 
            -1.0, 
            1.0, 
            1.0, 
            -1.0, 
            -1.0
        ], 
        [
            -1.0, 
            1.0, 
            1.0, 
            1.0, 
            -1.0, 
            -1.0
        ], 
        [
            -1.0, 
            1.0
        ]
    ], 
    "weightRange" : 1.0, 
    "seed" : null, 
    "acFunction" : 2, 
    "learning" : 0.05, 
    "fMomentum" : 0.001, 
    "bMomentum" : true, 
    "epochs" : 10, 
    "batch size" : 40, 
    "acc req" : 0.985, 
    "acc size" : 150, 
    "allow testing" : false, 
    "show output" : true
}