{
    "lWeights" : [
        [
            -1108.833443, 
            -737.776638, 
            2555.609595, 
            -951.390802, 
            1119.335593, 
            852.514019, 
            3063.799281, 
            -1270.833024, 
            680.345415, 
            -449.903704, 
            2254.162295, 
            136.82951, 
            26.940563, 
            -693.149793, 
            915.201895, 
            -287.171504
        ], 
        [
            341.259527, 
            789.151205, 
            286.531338, 
            227.720667, 
            -66.635644, 
            693.614531, 
            919.073316, 
            176.480721, 
            1837.181499, 
            -2127.703674, 
            -1032.697711, 
            1822.993254, 
            235.534242, 
            1893.622006, 
            -1821.783081, 
            -766.978286
        ], 
        [
            1969.50173, 
            -1663.415282, 
            -1394.190845, 
            1753.53778, 
            -116.128461, 
            909.893643, 
            159.898772, 
            -1956.826187
        ]
    ], 
    "lNodes" : [
        [
            0.5568439954135388, 
            -0.24599340684834628, 
            -0.20043078381114435, 
            0.7918837575129345
        ], 
        [
            -1.0, 
            -1.0, 
            1.0, 
            -1.0
        ], 
        [
            1.0, 
            -1.0, 
            -1.0, 
            1.0
        ], 
        [
            1.0, 
            -1.0
        ]
    ], 
    "weightRange" : 1.0, 
    "seed" : null, 
    "acFunction" : 2, 
    "learning" : 0.05, 
    "fMomentum" : 0.001, 
    "bMomentum" : true, 
    "epochs" : 10, 
    "batch size" : 40, 
    "acc req" : 0.985, 
    "acc size" : 150, 
    "allow testing" : false, 
    "show output" : true, 
    "is fertile" : true, 
    "is child" : false, 
    "child net" : "637027467732815872_child"
}