{
    "lWeights" : [
        [
            2158.440504, 
            103.122033, 
            1893.773642, 
            878.280574, 
            -444.535683, 
            1456.82204, 
            455.933016, 
            -1768.997523, 
            1785.285798, 
            2425.255609, 
            1864.960708, 
            -244.073236, 
            1508.963519, 
            1137.84145, 
            329.875126, 
            1480.439966, 
            -851.11679, 
            2028.4734, 
            123.896627, 
            657.514659, 
            848.720523, 
            367.186141, 
            1191.924721, 
            1358.863849
        ], 
        [
            936.819051, 
            -1644.409976, 
            -456.166877, 
            786.088001, 
            2299.630317, 
            -1818.967696, 
            1508.356727, 
            -2144.87587, 
            -533.42507, 
            -203.045869, 
            899.769096, 
            -906.624752
        ]
    ], 
    "lNodes" : [
        [
            -0.1246998247625641, 
            -0.44947557877169814, 
            -0.061864863118444, 
            0.7422733844349273
        ], 
        [
            -1.0, 
            1.0, 
            -1.0, 
            -1.0, 
            1.0, 
            1.0
        ], 
        [
            -1.0, 
            1.0
        ]
    ], 
    "weightRange" : 1.0, 
    "seed" : null, 
    "acFunction" : 2, 
    "learning" : 0.05, 
    "fMomentum" : 0.001, 
    "bMomentum" : true, 
    "epochs" : 10, 
    "batch size" : 40, 
    "acc req" : 0.985, 
    "acc size" : 150, 
    "allow testing" : false, 
    "show output" : true
}