{
    "lWeights" : [
        [
            -14.716745, 
            18.658979, 
            -6.720954, 
            22.177109, 
            -0.782671, 
            7.887944, 
            -14.647683, 
            -20.321691, 
            11.365826, 
            19.631716, 
            -22.223867, 
            10.103476, 
            -12.085101, 
            -10.31858, 
            9.72208, 
            -15.412397, 
            -7.577817, 
            -2.772727, 
            8.789438, 
            0.434158
        ], 
        [
            -14.95945, 
            13.179654, 
            15.503834, 
            -2.930519, 
            -12.335561, 
            15.530223, 
            -12.363248, 
            1.432375, 
            4.410919, 
            2.506064, 
            -5.75864, 
            14.471069, 
            7.722222, 
            -5.39258, 
            -7.586714, 
            -8.647484, 
            -18.277224, 
            -11.743605, 
            10.671867, 
            -11.389686, 
            -12.844132, 
            -21.186767, 
            8.192772, 
            1.712902, 
            -8.616018
        ], 
        [
            10.358586, 
            -10.746429, 
            -18.729254, 
            18.933273, 
            -8.632537, 
            3.673983, 
            2.767887, 
            -10.828924, 
            -4.012956, 
            -0.255033
        ]
    ], 
    "lNodes" : [
        [
            -0.24437329179557077, 
            0.9199392322458251, 
            -0.36830723501410817, 
            -0.40434818189257765
        ], 
        [
            1.0, 
            -0.9999999999999999, 
            -0.9999999997864386, 
            0.9999484242845122, 
            0.9999999999994862
        ], 
        [
            -1.0, 
            -1.0, 
            0.9926169654565018, 
            0.999999998274198, 
            -1.0
        ], 
        [
            0.9999961685658124, 
            -0.999999999999851
        ]
    ], 
    "weightRange" : 1.0, 
    "seed" : null, 
    "acFunction" : 2, 
    "learning" : 0.05, 
    "fMomentum" : 0.001, 
    "bMomentum" : true, 
    "epochs" : 10, 
    "batch size" : 40, 
    "acc req" : 0.985, 
    "acc size" : 150, 
    "allow testing" : false, 
    "show output" : true
}