{
    "lWeights" : [
        [
            26.533631, 
            72.095366, 
            -85.550571, 
            32.673288, 
            5.461389, 
            23.929855, 
            81.345641, 
            48.859761, 
            -42.041845, 
            82.2734, 
            -24.406182, 
            38.309086, 
            -99.037379, 
            -11.69042, 
            37.648501, 
            22.148464, 
            14.374748, 
            -42.774802, 
            -38.302113, 
            0.590375
        ], 
        [
            -42.107957, 
            27.734899, 
            10.211795, 
            -39.450933, 
            -8.772836, 
            -59.910302, 
            -47.872957, 
            30.917589, 
            -38.945818, 
            35.83453, 
            86.385939, 
            18.518247, 
            -14.671667, 
            82.098777, 
            -23.29554, 
            -8.729858, 
            33.033154, 
            -35.265411, 
            -20.363391, 
            23.87548, 
            39.093599, 
            -52.637556, 
            21.589218, 
            -70.604039, 
            -8.686887
        ], 
        [
            -56.311849, 
            41.330201, 
            -72.277104, 
            22.431838, 
            17.708019, 
            -63.239985, 
            -62.766013, 
            82.442084, 
            3.057264, 
            -8.707823
        ]
    ], 
    "lNodes" : [
        [
            0.5924972416329534, 
            0.09841233016647521, 
            -0.4438236371077175, 
            0.8617347263518735
        ], 
        [
            1.0, 
            1.0, 
            -1.0, 
            -0.9999999999770938, 
            -0.9998817675675955
        ], 
        [
            -1.0, 
            -0.9999999999999999, 
            1.0, 
            -1.0, 
            1.0
        ], 
        [
            1.0, 
            -1.0
        ]
    ], 
    "weightRange" : 1.0, 
    "seed" : null, 
    "acFunction" : 2, 
    "learning" : 0.05, 
    "fMomentum" : 0.001, 
    "bMomentum" : true, 
    "epochs" : 10, 
    "batch size" : 40, 
    "acc req" : 0.985, 
    "acc size" : 150, 
    "allow testing" : false, 
    "show output" : true
}