{
    "lWeights" : [
        [
            295.629831, 
            216.991093, 
            -511.614447, 
            345.535877, 
            -288.179781, 
            -420.138945, 
            -112.493203, 
            -268.491949, 
            217.463792, 
            162.595317, 
            205.636095, 
            -736.527662, 
            129.765543, 
            395.716844, 
            -121.418805, 
            -352.757734, 
            -513.905763, 
            -464.498758, 
            -337.239398, 
            -170.965324, 
            131.171839, 
            62.971044, 
            -371.528784, 
            -99.32498
        ], 
        [
            329.891308, 
            308.406505, 
            -312.827744, 
            -149.048992, 
            -277.512259, 
            -65.865054, 
            390.715508, 
            -103.671995, 
            153.9979, 
            -10.821846, 
            51.471707, 
            285.766055, 
            -117.186036, 
            272.401545, 
            -248.049132, 
            -319.084423, 
            -360.01954, 
            196.957696, 
            -176.966876, 
            -66.603891, 
            -44.130082, 
            527.763749, 
            -15.516163, 
            138.494824, 
            -357.014866, 
            179.030405, 
            241.154382, 
            117.187431, 
            260.307692, 
            154.596781, 
            272.537179, 
            267.638988, 
            595.634766, 
            109.132913, 
            125.479513, 
            285.788398
        ], 
        [
            178.939593, 
            -52.208036, 
            -358.011168, 
            362.037832, 
            -377.077955, 
            296.715073, 
            352.272401, 
            -288.343638, 
            -132.566294, 
            -124.129849, 
            -137.995799, 
            264.157215
        ]
    ], 
    "lNodes" : [
        [
            0.4875566997670712, 
            0.16422635240058825, 
            -0.36225041462941815, 
            0.666082908244451
        ], 
        [
            -1.0, 
            -1.0, 
            -1.0, 
            1.0, 
            -1.0, 
            -1.0
        ], 
        [
            -1.0, 
            -1.0, 
            -1.0, 
            1.0, 
            1.0, 
            -1.0
        ], 
        [
            1.0, 
            -1.0
        ]
    ], 
    "weightRange" : 1.0, 
    "seed" : null, 
    "acFunction" : 2, 
    "learning" : 0.05, 
    "fMomentum" : 0.001, 
    "bMomentum" : true, 
    "epochs" : 10, 
    "batch size" : 40, 
    "acc req" : 0.985, 
    "acc size" : 150, 
    "allow testing" : false, 
    "show output" : true
}