{
    "lWeights" : [
        [
            973.935818, 
            -241.422053, 
            -322.740887, 
            -1979.053554, 
            -1179.510977, 
            -452.141134, 
            1998.787658, 
            57.791689, 
            -301.300634, 
            -1477.915793, 
            -398.500141, 
            1219.512698, 
            1330.471705, 
            -1035.850206, 
            -247.643068, 
            207.236093, 
            -1535.677234, 
            804.439964, 
            -54.918196, 
            -1185.31192, 
            -615.129995, 
            -874.426238, 
            -761.061394, 
            -91.848484
        ], 
        [
            2116.958641, 
            -893.090791, 
            -296.66462, 
            627.2887, 
            -39.303745, 
            -541.597894, 
            -737.629919, 
            -436.850779, 
            317.244712, 
            -359.486717, 
            -427.083932, 
            -408.968999, 
            616.807433, 
            910.183912, 
            254.040752, 
            361.16989, 
            -760.264549, 
            -855.01309, 
            -1393.011014, 
            332.986304, 
            -259.900721, 
            1781.820123, 
            -1206.912153, 
            -959.124112, 
            -1079.84147, 
            1130.32379, 
            -288.782811, 
            -558.805458, 
            279.046654, 
            109.743201, 
            148.741739, 
            -1266.412187, 
            579.765034, 
            3.561974, 
            291.225774, 
            -1264.903094
        ], 
        [
            1579.826355, 
            -1386.184641, 
            -527.015211, 
            919.554078, 
            -785.551523, 
            -378.445295, 
            -716.45454, 
            616.335787, 
            597.30015, 
            -189.125949, 
            -378.144191, 
            -377.993272
        ]
    ], 
    "lNodes" : [
        [
            -0.301329064174401, 
            -0.12830452727252317, 
            -0.3967992762831972, 
            0.6366894896205569
        ], 
        [
            -1.0, 
            -1.0, 
            -1.0, 
            1.0, 
            1.0, 
            -1.0
        ], 
        [
            -1.0, 
            1.0, 
            -1.0, 
            1.0, 
            0.9999994584113598, 
            1.0
        ], 
        [
            -1.0, 
            1.0
        ]
    ], 
    "weightRange" : 1.0, 
    "seed" : null, 
    "acFunction" : 2, 
    "learning" : 0.05, 
    "fMomentum" : 0.001, 
    "bMomentum" : true, 
    "epochs" : 10, 
    "batch size" : 40, 
    "acc req" : 0.985, 
    "acc size" : 150, 
    "allow testing" : false, 
    "show output" : true
}