{
    "lWeights" : [
        [
            37.952381, 
            -89.363943, 
            32.667449, 
            -27.467285, 
            -15.27975, 
            -20.545441, 
            3.377582, 
            50.420433, 
            -97.437759, 
            -17.585861, 
            87.881641, 
            34.874801, 
            5.652978, 
            -53.688098, 
            12.458967, 
            58.85042, 
            30.055657, 
            10.605387, 
            -9.045983, 
            -34.045373
        ], 
        [
            8.330788, 
            54.673317, 
            -85.603611, 
            18.515313, 
            77.83474, 
            62.898964, 
            6.626575, 
            16.938606, 
            19.656306, 
            -51.010216, 
            22.115702, 
            1.115473, 
            -82.909668, 
            47.229468, 
            -18.159809, 
            40.507348, 
            5.340815, 
            93.56037, 
            19.962535, 
            -36.550186, 
            58.101409, 
            3.206132, 
            -16.185648, 
            58.263551, 
            -13.416209
        ], 
        [
            -42.250857, 
            48.212741, 
            -16.437493, 
            -37.811944, 
            -62.746935, 
            82.420202, 
            11.272085, 
            12.69679, 
            52.854394, 
            11.578442
        ]
    ], 
    "lNodes" : [
        [
            -0.5348059047083342, 
            0.4154097146085831, 
            -0.6006229133909148, 
            -0.4330450912463516
        ], 
        [
            -1.0, 
            0.9999999999998826, 
            -0.999759796623154, 
            0.9999999980593496, 
            0.9999998252064289
        ], 
        [
            1.0, 
            -1.0, 
            1.0, 
            1.0, 
            -1.0
        ], 
        [
            -1.0, 
            1.0
        ]
    ], 
    "weightRange" : 1.0, 
    "seed" : null, 
    "acFunction" : 2, 
    "learning" : 0.05, 
    "fMomentum" : 0.001, 
    "bMomentum" : true, 
    "epochs" : 10, 
    "batch size" : 40, 
    "acc req" : 0.985, 
    "acc size" : 150, 
    "allow testing" : false, 
    "show output" : true
}