{
    "lWeights" : [
        [
            -1154.977988, 
            -711.452683, 
            -1710.251502, 
            2233.675764, 
            -2488.529409, 
            714.968256, 
            1427.198041, 
            1820.235997, 
            -1666.943664, 
            -359.579635, 
            -202.077227, 
            -554.868617, 
            -366.445255, 
            243.334114, 
            931.341829, 
            1652.693602
        ], 
        [
            -2017.254947, 
            518.635905, 
            -746.906456, 
            1863.317306, 
            -463.348694, 
            1453.466519, 
            -544.575232, 
            -1441.222941, 
            -150.80445, 
            645.426714, 
            -797.508005, 
            -334.938633, 
            2463.660957, 
            -1151.349012, 
            650.422386, 
            5.270862
        ], 
        [
            1142.904686, 
            -2300.57336, 
            -1380.879323, 
            -954.174034, 
            30.222928, 
            -1586.152553, 
            -998.245557, 
            391.006656
        ]
    ], 
    "lNodes" : [
        [
            -0.13928852158737715, 
            -0.44158026095709213, 
            -0.0831972774463135, 
            0.7008865490057011
        ], 
        [
            1.0, 
            -0.9999999999999813, 
            1.0, 
            1.0
        ], 
        [
            1.0, 
            -1.0, 
            -1.0, 
            1.0
        ], 
        [
            1.0, 
            1.0
        ]
    ], 
    "weightRange" : 1.0, 
    "seed" : null, 
    "acFunction" : 2, 
    "learning" : 0.05, 
    "fMomentum" : 0.001, 
    "bMomentum" : true, 
    "epochs" : 10, 
    "batch size" : 40, 
    "acc req" : 0.985, 
    "acc size" : 150, 
    "allow testing" : false, 
    "show output" : true
}