{
    "lWeights" : [
        [
            662.611966, 
            -667.42635, 
            812.786024, 
            681.05923, 
            -997.760178, 
            1567.317629, 
            -845.89924, 
            -38.426002, 
            208.882227, 
            336.61971, 
            986.807991, 
            -594.512867, 
            447.632023, 
            -1106.38588, 
            -885.231674, 
            300.970398, 
            310.120631, 
            41.415471, 
            700.202543, 
            -403.806383
        ], 
        [
            -752.849565, 
            715.421472, 
            1319.75464, 
            640.736605, 
            -543.677067, 
            454.514082, 
            319.982167, 
            545.505381, 
            -928.958357, 
            215.085134, 
            313.835251, 
            511.135498, 
            722.066197, 
            179.226885, 
            -417.448187, 
            724.8904, 
            404.879786, 
            1094.566243, 
            793.300553, 
            6.769442, 
            -696.788436, 
            -883.948559, 
            52.562587, 
            -542.682522, 
            13.71043
        ], 
        [
            -819.284916, 
            330.374511, 
            863.999157, 
            -943.314301, 
            1087.561657, 
            -369.937147, 
            473.927907, 
            -1313.447739, 
            -633.556368, 
            -345.102282
        ]
    ], 
    "lNodes" : [
        [
            0.8496419531402116, 
            0.4482407660329209, 
            -0.7521097637150795, 
            0.544272165998345
        ], 
        [
            1.0, 
            -1.0, 
            1.0, 
            1.0, 
            -1.0
        ], 
        [
            1.0, 
            1.0, 
            1.0, 
            1.0, 
            -1.0
        ], 
        [
            1.0, 
            -1.0
        ]
    ], 
    "weightRange" : 1.0, 
    "seed" : null, 
    "acFunction" : 2, 
    "learning" : 0.05, 
    "fMomentum" : 0.001, 
    "bMomentum" : true, 
    "epochs" : 10, 
    "batch size" : 40, 
    "acc req" : 0.985, 
    "acc size" : 150, 
    "allow testing" : false, 
    "show output" : true
}