{
    "lWeights" : [
        [
            -289.105283, 
            435.438061, 
            -162.242937, 
            141.237545, 
            378.965467, 
            317.76679, 
            -692.520306, 
            277.807451, 
            -77.44284, 
            -367.222318, 
            -198.353562, 
            264.298606, 
            -459.021503, 
            -191.799137, 
            -157.512371, 
            -31.460087, 
            559.696971, 
            -415.526542, 
            -21.889739, 
            120.346197, 
            -155.841139, 
            389.640061, 
            139.374253, 
            410.322435
        ], 
        [
            624.527186, 
            -532.019448, 
            -143.287546, 
            39.776701, 
            -510.82394, 
            -331.29684, 
            -293.041429, 
            138.793809, 
            -165.15355, 
            -118.152198, 
            343.030112, 
            -282.540419, 
            408.96312, 
            -78.062791, 
            -118.762896, 
            132.371097, 
            366.389125, 
            -256.640273, 
            -102.592296, 
            40.75663, 
            233.199819, 
            142.656035, 
            -227.284545, 
            427.99582, 
            -369.161834, 
            289.312575, 
            -53.771877, 
            -24.813138, 
            -13.110323, 
            -249.92864, 
            174.98184, 
            186.041394, 
            -338.108464, 
            -465.316209, 
            -283.209556, 
            419.624384
        ], 
        [
            -566.539698, 
            434.621457, 
            204.060579, 
            -553.019255, 
            -358.564263, 
            -18.603902, 
            -78.171855, 
            521.201415, 
            302.9585, 
            -222.515704, 
            116.795419, 
            156.988675
        ]
    ], 
    "lNodes" : [
        [
            0.3994043369462533, 
            0.2678308830407825, 
            -0.3755357873651108, 
            0.5884812278931049
        ], 
        [
            -1.0, 
            1.0, 
            -1.0, 
            1.0, 
            -1.0, 
            1.0
        ], 
        [
            -1.0, 
            1.0, 
            1.0, 
            -1.0, 
            -0.9999999951512981, 
            1.0
        ], 
        [
            1.0, 
            -1.0
        ]
    ], 
    "weightRange" : 1.0, 
    "seed" : null, 
    "acFunction" : 2, 
    "learning" : 0.05, 
    "fMomentum" : 0.001, 
    "bMomentum" : true, 
    "epochs" : 10, 
    "batch size" : 40, 
    "acc req" : 0.985, 
    "acc size" : 150, 
    "allow testing" : false, 
    "show output" : true
}