{
    "lWeights" : [
        [
            -8.140935, 
            13.409215, 
            -0.680889, 
            -15.857147, 
            -14.708528, 
            10.732597, 
            -5.15419, 
            0.459921, 
            -5.2773, 
            -29.12128, 
            -3.305772, 
            3.860863, 
            -6.091103, 
            14.585906, 
            -19.36694, 
            9.002837, 
            -5.788849, 
            -17.191008, 
            -6.635908, 
            -3.642158
        ], 
        [
            17.359155, 
            -12.661979, 
            0.813844, 
            12.255096, 
            -2.174352, 
            6.222318, 
            -12.000516, 
            13.935034, 
            7.847957, 
            -5.400057, 
            -4.573539, 
            -13.286602, 
            1.335672, 
            1.182775, 
            14.014253, 
            -20.21165, 
            -8.155562, 
            -19.516864, 
            4.107505, 
            -11.561046, 
            9.404019, 
            -16.802384, 
            -9.100321, 
            -25.430587, 
            1.79454
        ], 
        [
            11.36285, 
            -11.318672, 
            6.433263, 
            -16.659361, 
            14.392098, 
            -15.283043, 
            14.86918, 
            -13.379233, 
            -10.423074, 
            4.857103
        ]
    ], 
    "lNodes" : [
        [
            -0.15457672587240118, 
            0.8920623992037329, 
            -0.5311564391410171, 
            -0.6856069905525701
        ], 
        [
            0.9999946525690685, 
            -0.9998510417364059, 
            0.999999999999936, 
            -0.9999634009087169, 
            -0.9999999993458802
        ], 
        [
            0.9999999999999983, 
            0.9999999994508108, 
            0.9999999999999952, 
            1.0, 
            1.0
        ], 
        [
            1.0, 
            -1.0
        ]
    ], 
    "weightRange" : 1.0, 
    "seed" : null, 
    "acFunction" : 2, 
    "learning" : 0.05, 
    "fMomentum" : 0.001, 
    "bMomentum" : true, 
    "epochs" : 10, 
    "batch size" : 40, 
    "acc req" : 0.985, 
    "acc size" : 150, 
    "allow testing" : false, 
    "show output" : true
}