{
    "lWeights" : [
        [
            467.15009, 
            -519.957276, 
            -450.219986, 
            328.034891, 
            -795.871341, 
            395.031863, 
            84.898758, 
            -106.99532, 
            608.30945, 
            -528.191371, 
            967.838684, 
            -282.553334, 
            132.771789, 
            103.416002, 
            880.307632, 
            245.51202, 
            -445.175281, 
            596.009473, 
            310.563805, 
            -356.062988, 
            45.216807, 
            290.426217, 
            388.705571, 
            -223.886153, 
            -27.937571, 
            102.81356, 
            547.686789, 
            -79.766284
        ], 
        [
            -490.915153, 
            -366.329815, 
            -639.23751, 
            272.913185, 
            -508.178295, 
            528.304523, 
            -188.925519, 
            597.007832, 
            71.842802, 
            -339.988504, 
            352.378693, 
            158.477101, 
            107.423293, 
            -39.826375, 
            565.942516, 
            108.375279, 
            62.640674, 
            340.555453, 
            -513.255531, 
            -338.121819, 
            441.878291, 
            -125.379822, 
            -449.310035, 
            -579.750679, 
            223.327937, 
            354.292881, 
            685.137252, 
            -681.172557, 
            527.322905, 
            15.717446, 
            599.085059, 
            -540.124593, 
            -592.791348, 
            -548.168483, 
            -274.647336, 
            411.161924, 
            -458.735345, 
            9.545121, 
            -5.12338, 
            330.807517, 
            132.963386, 
            -501.134532, 
            -457.522528, 
            6.686849, 
            85.89396, 
            372.423467, 
            378.029568, 
            -269.41386, 
            -364.518298
        ], 
        [
            -275.445751, 
            218.639376, 
            -330.590195, 
            148.902632, 
            -667.50988, 
            467.320156, 
            348.07098, 
            564.376396, 
            -240.732626, 
            -298.980373, 
            179.209962, 
            -489.137392, 
            -181.063684, 
            382.157221
        ]
    ], 
    "lNodes" : [
        [
            0.5477864555163735, 
            0.7706541139844415, 
            -0.8959829409610787, 
            -0.23951371650436
        ], 
        [
            -1.0, 
            -1.0, 
            -1.0, 
            1.0, 
            -1.0, 
            1.0, 
            1.0
        ], 
        [
            -1.0, 
            -1.0, 
            -1.0, 
            1.0, 
            1.0, 
            1.0, 
            -1.0
        ], 
        [
            1.0, 
            -1.0
        ]
    ], 
    "weightRange" : 1.0, 
    "seed" : null, 
    "acFunction" : 2, 
    "learning" : 0.05, 
    "fMomentum" : 0.001, 
    "bMomentum" : true, 
    "epochs" : 10, 
    "batch size" : 40, 
    "acc req" : 0.98, 
    "acc size" : 150, 
    "allow testing" : false, 
    "show output" : true
}