{
    "lWeights" : [
        [
            365.228138, 
            -564.022129, 
            642.708219, 
            665.341494, 
            414.5918, 
            -1018.793727, 
            -172.35704, 
            382.95637, 
            -58.016997, 
            -655.435245, 
            370.921176, 
            -478.060235, 
            404.498367, 
            -177.543296, 
            34.647286, 
            272.667414
        ], 
        [
            391.289424, 
            -15.611325, 
            -584.703245, 
            196.120293, 
            824.344465, 
            228.072936, 
            505.203179, 
            -410.750205, 
            298.48172, 
            392.844522, 
            -236.006603, 
            409.596278, 
            -285.235053, 
            481.660293, 
            -307.331625, 
            192.822741
        ], 
        [
            -325.031702, 
            381.346813, 
            308.115099, 
            206.045321, 
            -119.601867, 
            640.539076, 
            604.509837, 
            -244.671574
        ]
    ], 
    "lNodes" : [
        [
            0.5256329821373198, 
            0.532791761928104, 
            -0.6150920800396321, 
            0.641626885621539
        ], 
        [
            1.0, 
            -1.0, 
            1.0, 
            1.0
        ], 
        [
            -1.0, 
            1.0, 
            -1.0, 
            1.0
        ], 
        [
            1.0, 
            -1.0
        ]
    ], 
    "weightRange" : 1.0, 
    "seed" : null, 
    "acFunction" : 2, 
    "learning" : 0.05, 
    "fMomentum" : 0.001, 
    "bMomentum" : true, 
    "epochs" : 10, 
    "batch size" : 40, 
    "acc req" : 0.985, 
    "acc size" : 150, 
    "allow testing" : false, 
    "show output" : true
}