{
    "lWeights" : [
        [
            -48.798295, 
            -119.623095, 
            208.355406, 
            316.723567, 
            30.34029, 
            266.869004, 
            2.174674, 
            -63.174836, 
            157.13058, 
            -86.096559, 
            369.422019, 
            93.222606, 
            177.569169, 
            235.061099, 
            221.638601, 
            108.903503, 
            211.411077, 
            -157.963418, 
            13.122095, 
            -100.634168, 
            74.475319, 
            -51.032665, 
            -7.198903, 
            90.938061
        ], 
        [
            -206.922619, 
            85.812048, 
            -100.286906, 
            51.454444, 
            -17.577168, 
            -62.39757, 
            170.494704, 
            48.727534, 
            -80.740349, 
            -236.581027, 
            163.608919, 
            -189.254078, 
            160.916538, 
            129.06727, 
            49.232726, 
            -48.324381, 
            -203.298751, 
            147.639747, 
            215.533917, 
            -59.006676, 
            -246.873336, 
            142.967342, 
            138.801657, 
            20.26527, 
            -38.357449, 
            231.806055, 
            -24.978733, 
            -129.595568, 
            -255.623165, 
            208.637903, 
            -123.909497, 
            228.126486, 
            -234.802464, 
            141.208659, 
            209.275679, 
            130.955691
        ], 
        [
            210.285877, 
            28.952691, 
            152.353372, 
            -156.181083, 
            -107.321094, 
            202.528617, 
            81.865228, 
            -59.259489, 
            -250.471313, 
            129.145724, 
            278.517853, 
            -137.857907
        ]
    ], 
    "lNodes" : [
        [
            -0.19279723658496134, 
            -0.6007738159829671, 
            0.21777414004781703, 
            0.7307509752039062
        ], 
        [
            1.0, 
            1.0, 
            -1.0, 
            -1.0, 
            -1.0, 
            -1.0
        ], 
        [
            -1.0, 
            -1.0, 
            1.0, 
            -1.0, 
            1.0, 
            -1.0
        ], 
        [
            -1.0, 
            1.0
        ]
    ], 
    "weightRange" : 1.0, 
    "seed" : null, 
    "acFunction" : 2, 
    "learning" : 0.05, 
    "fMomentum" : 0.001, 
    "bMomentum" : true, 
    "epochs" : 10, 
    "batch size" : 40, 
    "acc req" : 0.985, 
    "acc size" : 150, 
    "allow testing" : false, 
    "show output" : true
}