{
    "lWeights" : [
        [
            -67.864296, 
            4.24677, 
            -13.70155, 
            -76.485563, 
            -36.109446, 
            -19.082644, 
            -38.821784, 
            -61.107664, 
            49.996964, 
            20.91949, 
            10.708783, 
            -57.834763, 
            55.649846, 
            -34.136155, 
            14.385154, 
            -25.433275, 
            -55.763382, 
            -44.467634, 
            -45.424889, 
            -13.473491, 
            -24.404352, 
            7.114771, 
            -42.54948, 
            -16.264261
        ], 
        [
            -36.237375, 
            -77.326592, 
            -51.86586, 
            41.087409, 
            31.256903, 
            -8.396354, 
            22.79079, 
            -39.031289, 
            29.821787, 
            0.756569, 
            -57.92992, 
            18.658012, 
            9.674985, 
            39.673671, 
            -43.759684, 
            6.085892, 
            -13.008712, 
            1.664795, 
            -9.705878, 
            -49.529074, 
            20.766522, 
            33.457638, 
            -47.801495, 
            -15.172093, 
            36.039008, 
            -55.251641, 
            28.278954, 
            -48.387375, 
            47.684339, 
            -11.075174, 
            12.854439, 
            -59.372784, 
            24.843789, 
            -33.097855, 
            -23.262755, 
            -24.776518
        ], 
        [
            11.560871, 
            20.195126, 
            61.927799, 
            -80.817087, 
            31.540737, 
            13.424643, 
            0.189109, 
            46.199967, 
            11.961154, 
            16.072201, 
            30.211146, 
            14.556904
        ]
    ], 
    "lNodes" : [
        [
            -0.2269216623758735, 
            -0.47905869850737337, 
            0.07057531177978336, 
            0.7968302463242314
        ], 
        [
            0.9389816672044912, 
            0.9999999999998656, 
            -1.0, 
            0.999999999632609, 
            -1.0, 
            0.9999999999999714
        ], 
        [
            -1.0, 
            -1.0, 
            1.0, 
            1.0, 
            -1.0, 
            -1.0
        ], 
        [
            -1.0, 
            1.0
        ]
    ], 
    "weightRange" : 1.0, 
    "seed" : null, 
    "acFunction" : 2, 
    "learning" : 0.05, 
    "fMomentum" : 0.001, 
    "bMomentum" : true, 
    "epochs" : 10, 
    "batch size" : 40, 
    "acc req" : 0.985, 
    "acc size" : 150, 
    "allow testing" : false, 
    "show output" : true
}