{
    "lWeights" : [
        [
            870.444012, 
            321.14906, 
            404.616689, 
            167.378393, 
            -357.902338, 
            276.395256, 
            136.002303, 
            -108.827341, 
            -766.169464, 
            -324.836338, 
            -373.163601, 
            448.929995, 
            570.150262, 
            -364.985145, 
            -174.077707, 
            -5.899817, 
            599.346942, 
            151.696153, 
            6.335385, 
            114.593313
        ], 
        [
            501.27738, 
            -25.874519, 
            213.435385, 
            -367.299166, 
            18.497343, 
            343.759656, 
            60.124046, 
            595.064595, 
            -278.646879, 
            -362.608597, 
            333.552673, 
            70.63859, 
            311.908814, 
            -279.687635, 
            39.634036, 
            -468.429305, 
            112.568434, 
            -405.281829, 
            436.285918, 
            201.553317, 
            301.932047, 
            -356.113036, 
            -556.764339, 
            429.373352, 
            31.46401
        ], 
        [
            159.467007, 
            -314.482946, 
            -340.297885, 
            -307.398379, 
            551.220647, 
            -170.393327, 
            -316.666584, 
            429.074937, 
            16.022574, 
            465.122058
        ]
    ], 
    "lNodes" : [
        [
            -0.3741499542075013, 
            0.15292594491238443, 
            -0.47254140909384623, 
            0.5379228384116678
        ], 
        [
            -1.0, 
            0.9999999993250576, 
            -1.0, 
            -0.9992023019331943, 
            1.0
        ], 
        [
            1.0, 
            -1.0, 
            -1.0, 
            1.0, 
            -1.0
        ], 
        [
            -1.0, 
            1.0
        ]
    ], 
    "weightRange" : 1.0, 
    "seed" : null, 
    "acFunction" : 2, 
    "learning" : 0.05, 
    "fMomentum" : 0.001, 
    "bMomentum" : true, 
    "epochs" : 10, 
    "batch size" : 40, 
    "acc req" : 0.985, 
    "acc size" : 150, 
    "allow testing" : false, 
    "show output" : true
}