{
    "lWeights" : [
        [
            -121.818943, 
            -91.429312, 
            -49.795633, 
            -95.402286, 
            100.110776, 
            -73.68343, 
            88.851158, 
            -201.022234, 
            -78.578917, 
            198.942598, 
            -84.51377, 
            -156.861629, 
            -124.467324, 
            3.908156, 
            -160.65554, 
            0.331702, 
            -60.888026, 
            -38.393702, 
            73.548522, 
            -15.45346
        ], 
        [
            -63.995803, 
            -59.663064, 
            22.639365, 
            51.113922, 
            4.387445, 
            27.124694, 
            -95.109059, 
            157.999836, 
            -58.768332, 
            -78.937432, 
            -152.812201, 
            -47.038497, 
            151.581482, 
            142.236753, 
            -6.107527, 
            -12.309607, 
            69.622692, 
            73.061123, 
            44.129777, 
            -30.509183, 
            152.544839, 
            -43.23272, 
            -132.061891, 
            21.686142, 
            8.807557
        ], 
        [
            83.842491, 
            -91.287625, 
            -27.954564, 
            -58.153459, 
            -104.978734, 
            120.656509, 
            -14.332633, 
            29.150025, 
            118.324925, 
            50.374655
        ]
    ], 
    "lNodes" : [
        [
            0.29486763443884356, 
            0.6418145011917814, 
            -0.5465849613371528, 
            0.14380279512989072
        ], 
        [
            -1.0, 
            1.0, 
            -1.0, 
            -1.0, 
            1.0
        ], 
        [
            1.0, 
            -1.0, 
            -1.0, 
            -1.0, 
            -1.0
        ], 
        [
            1.0, 
            -1.0
        ]
    ], 
    "weightRange" : 1.0, 
    "seed" : null, 
    "acFunction" : 2, 
    "learning" : 0.05, 
    "fMomentum" : 0.001, 
    "bMomentum" : true, 
    "epochs" : 10, 
    "batch size" : 40, 
    "acc req" : 0.98, 
    "acc size" : 150, 
    "allow testing" : false, 
    "show output" : true
}