{
    "lWeights" : [
        [
            -0.736902, 
            0.748519, 
            -0.153907, 
            -1.470795, 
            0.743225, 
            -0.095853, 
            0.190662, 
            0.301413, 
            -0.642845, 
            -0.339448, 
            -0.477042, 
            0.594089, 
            -0.362298, 
            -0.880383, 
            1.012332, 
            -0.131298, 
            -0.617504, 
            0.800381, 
            -0.189985, 
            1.471242, 
            0.249863, 
            1.165049, 
            0.681784, 
            -0.916663, 
            -1.083417, 
            -1.033551, 
            -1.15454, 
            -1.257172
        ], 
        [
            -0.034596, 
            -0.187099, 
            0.869582, 
            -0.808723, 
            -1.283721, 
            -0.809031, 
            0.552399, 
            -1.259665, 
            -0.383984, 
            0.183663, 
            1.370234, 
            -0.864119, 
            -1.234724, 
            1.009802, 
            -0.697228, 
            -0.687061, 
            -1.361876, 
            -0.554669, 
            0.936761, 
            -1.276114, 
            -0.147634, 
            -1.126428, 
            -0.063241, 
            1.575803, 
            1.275947, 
            0.253613, 
            0.899098, 
            1.271108, 
            1.177988, 
            0.268233, 
            1.261167, 
            0.642103, 
            0.523166, 
            1.303001, 
            -1.043689, 
            1.401741, 
            -0.073708, 
            1.361327, 
            0.516076, 
            -1.271222, 
            1.048011, 
            1.621199
        ], 
        [
            -1.238907, 
            1.185772, 
            0.588242, 
            -0.517417, 
            -0.025545, 
            0.812491, 
            0.00262, 
            0.137321, 
            1.303878, 
            -0.522037, 
            -1.597157, 
            1.479069
        ]
    ], 
    "lNodes" : [
        [
            0.30667993567415935, 
            0.16531149086799854, 
            -0.7994270575311778, 
            0.5927148403757149
        ], 
        [
            -0.28664749166644043, 
            0.5596701477607765, 
            -0.1518027577382081, 
            -0.9480273448802423, 
            -0.13377328332885627, 
            -0.9603000826609487, 
            -0.7746920220704426
        ], 
        [
            -0.9361855645057108, 
            -0.8617263959424817, 
            -0.8456942240327797, 
            0.7895684583703473, 
            0.8925506829605795, 
            -0.9996313576919401
        ], 
        [
            0.9979333116323011, 
            -0.9965978324467634
        ]
    ], 
    "weightRange" : 1.0, 
    "seed" : null, 
    "acFunction" : 2, 
    "learning" : 0.05, 
    "fMomentum" : 0.001, 
    "bMomentum" : true, 
    "epochs" : 10, 
    "batch size" : 40, 
    "acc req" : 0.985, 
    "acc size" : 150, 
    "allow testing" : false, 
    "show output" : true, 
    "is fertile" : false, 
    "is child" : true, 
    "child net" : null
}