{
    "lWeights" : [
        [
            2.173142, 
            -1.988388, 
            -1.340841, 
            -0.607728, 
            -0.144887, 
            0.806523, 
            1.103893, 
            0.450942, 
            0.792896, 
            -0.64385, 
            0.036417, 
            -0.972111, 
            0.929764, 
            0.436661, 
            0.616201, 
            -0.922544, 
            -0.177876, 
            -1.381454, 
            0.177411, 
            -0.703028, 
            -0.917012, 
            -0.173902, 
            0.584652, 
            0.766777, 
            1.626197, 
            -1.515418, 
            -0.419691, 
            -0.690799
        ], 
        [
            0.212936, 
            -0.332294, 
            -0.38183, 
            -0.355945, 
            0.66208, 
            1.633561, 
            1.513675, 
            0.40885, 
            -0.720126, 
            0.431444, 
            0.986176, 
            -1.171614, 
            0.579577, 
            -1.242339, 
            -0.129595, 
            -0.145105, 
            0.850681, 
            0.67227, 
            0.935823, 
            -0.815724, 
            0.716904, 
            0.006407, 
            0.428123, 
            0.19974, 
            -1.021666, 
            1.621999, 
            -0.808848, 
            -1.235006, 
            -0.881098, 
            0.426204, 
            0.33765, 
            -0.445879, 
            -1.361343, 
            -1.247509, 
            -0.751264, 
            1.118958, 
            0.465753, 
            0.859235, 
            -0.731799, 
            -0.576214, 
            1.215982, 
            0.026888, 
            -1.262973, 
            1.397422, 
            0.593519, 
            -0.628016, 
            0.779004, 
            1.073956, 
            0.083705
        ], 
        [
            0.232537, 
            0.011245, 
            0.018934, 
            -1.561793, 
            -1.334054, 
            -1.037542, 
            -1.820683, 
            0.835982, 
            1.105362, 
            -1.292932, 
            1.670108, 
            -0.687479, 
            -0.163133, 
            -1.525512
        ]
    ], 
    "lNodes" : [
        [
            -0.09782287317280722, 
            0.7466538445707529, 
            -0.8708165507140242, 
            -0.8099966356601835
        ], 
        [
            -0.2651347747562592, 
            0.8062882694046752, 
            -0.6727541919311297, 
            -0.02757350832470433, 
            0.3463884225751723, 
            0.9166227441378473, 
            0.9179973605723762
        ], 
        [
            -0.07858019558880938, 
            0.895825340375157, 
            0.8669576984646793, 
            -0.7335333565049248, 
            -0.9692102376476529, 
            0.9790302096812459, 
            -0.9647273190419413
        ], 
        [
            0.7157076826883897, 
            -0.696741545851033
        ]
    ], 
    "weightRange" : 1.0, 
    "seed" : null, 
    "acFunction" : 2, 
    "learning" : 0.05, 
    "fMomentum" : 0.001, 
    "bMomentum" : true, 
    "epochs" : 10, 
    "batch size" : 40, 
    "acc req" : 0.985, 
    "acc size" : 150, 
    "allow testing" : false, 
    "show output" : true, 
    "is fertile" : false, 
    "is child" : true, 
    "child net" : null
}