{
    "lWeights" : [
        [
            91.901378, 
            -207.402023, 
            239.394877, 
            -147.110735, 
            145.661226, 
            40.168079, 
            -277.745269, 
            24.145962, 
            -77.270942, 
            -192.490774, 
            -147.369278, 
            -176.753622, 
            115.546331, 
            163.958233, 
            -80.581146, 
            60.138671, 
            -46.452331, 
            15.774902, 
            -91.618397, 
            23.491592
        ], 
        [
            -75.007219, 
            -135.238108, 
            47.553397, 
            72.245203, 
            -76.160287, 
            177.837142, 
            -149.613136, 
            197.622089, 
            -167.34221, 
            -172.864069, 
            -45.545157, 
            -150.952326, 
            -28.51428, 
            90.29004, 
            182.516437, 
            1.426594, 
            174.199104, 
            82.920682, 
            -101.377041, 
            22.121091, 
            132.504008, 
            33.877174, 
            218.960197, 
            -28.028578, 
            110.129806
        ], 
        [
            -9.832258, 
            157.736729, 
            -64.893307, 
            112.40607, 
            -135.581087, 
            103.415936, 
            244.633855, 
            -79.001952, 
            80.946347, 
            -177.297465
        ]
    ], 
    "lNodes" : [
        [
            -0.2639739235157101, 
            0.14827855878644103, 
            -0.54060533741142, 
            0.35050055920783424
        ], 
        [
            1.0, 
            1.0, 
            -1.0, 
            -1.0, 
            -0.9999999999998737
        ], 
        [
            0.9999999999994316, 
            -1.0, 
            -1.0, 
            -1.0, 
            -1.0
        ], 
        [
            -1.0, 
            1.0
        ]
    ], 
    "weightRange" : 1.0, 
    "seed" : null, 
    "acFunction" : 2, 
    "learning" : 0.05, 
    "fMomentum" : 0.001, 
    "bMomentum" : true, 
    "epochs" : 10, 
    "batch size" : 40, 
    "acc req" : 0.98, 
    "acc size" : 150, 
    "allow testing" : false, 
    "show output" : true
}