{
    "lWeights" : [
        [
            41.880584, 
            3.011956, 
            -52.483338, 
            -46.296121, 
            -54.750706, 
            78.902354, 
            25.794884, 
            12.683715, 
            3.389201, 
            -105.750922, 
            -36.892132, 
            41.724921, 
            -48.053493, 
            35.707114, 
            17.908993, 
            61.494201, 
            -64.124675, 
            45.66311, 
            -45.922798, 
            41.129791, 
            -35.585519, 
            -43.204813, 
            -29.419204, 
            -27.491218, 
            -30.70398, 
            -22.851873, 
            -16.687717, 
            45.246515
        ], 
        [
            -23.578621, 
            54.15025, 
            -11.19011, 
            -10.620686, 
            -4.664465, 
            -22.344045, 
            33.597632, 
            7.771721, 
            -20.480027, 
            -19.207795, 
            51.568984, 
            9.535448, 
            -57.6776, 
            1.657666, 
            -27.501217, 
            -78.250513, 
            -56.797283, 
            -65.119979, 
            -43.747898, 
            -31.232002, 
            -54.435968, 
            -44.180477, 
            -42.219477, 
            -51.177522, 
            4.499957, 
            49.426659, 
            -40.398705, 
            17.622621, 
            24.634244, 
            -52.040023, 
            -13.490823, 
            22.244969, 
            11.989471, 
            -40.196759, 
            -44.624659, 
            9.177162, 
            -2.979255, 
            49.208901, 
            19.25449, 
            -22.996221, 
            -24.028437, 
            17.845671, 
            35.058484, 
            3.807174, 
            -16.63721, 
            -52.353762, 
            -27.677037, 
            53.122812, 
            68.184111
        ], 
        [
            40.317004, 
            -11.977172, 
            62.893143, 
            -47.757482, 
            56.597915, 
            -39.957099, 
            2.749058, 
            -9.019716, 
            -1.747789, 
            -33.068523, 
            25.648096, 
            -69.799118, 
            62.45905, 
            -35.868443
        ]
    ], 
    "lNodes" : [
        [
            -0.3581550310451507, 
            -0.04823627580477983, 
            -0.20899476597669459, 
            0.695949153004719
        ], 
        [
            -1.0, 
            -1.0, 
            0.9999999999999997, 
            -0.9999999999749192, 
            0.999999999687929, 
            -1.0, 
            1.0
        ], 
        [
            1.0, 
            -1.0, 
            -1.0, 
            -1.0, 
            -1.0, 
            1.0, 
            -1.0
        ], 
        [
            -1.0, 
            1.0
        ]
    ], 
    "weightRange" : 1.0, 
    "seed" : null, 
    "acFunction" : 2, 
    "learning" : 0.05, 
    "fMomentum" : 0.001, 
    "bMomentum" : true, 
    "epochs" : 10, 
    "batch size" : 40, 
    "acc req" : 0.985, 
    "acc size" : 150, 
    "allow testing" : false, 
    "show output" : true
}