{
    "lWeights" : [
        [
            -3.496565, 
            0.09826, 
            6.552343, 
            0.636816, 
            -2.980946, 
            3.676678, 
            3.884444, 
            0.210365, 
            -3.424725, 
            -1.033639, 
            3.570476, 
            -4.396656, 
            -0.969209, 
            -0.048495, 
            0.562166, 
            2.46092
        ], 
        [
            -5.543011, 
            3.831615, 
            -1.052167, 
            -0.201046, 
            -0.946502, 
            -3.599593, 
            3.083755, 
            -1.315595, 
            -6.834898, 
            1.055847, 
            -0.866077, 
            1.324704
        ], 
        [
            4.857262, 
            -2.759689, 
            0.297065, 
            5.115973, 
            -4.494093, 
            2.139463
        ]
    ], 
    "lNodes" : [
        [
            -0.31064621508772694, 
            0.023305406608867464, 
            -0.3022336140607836, 
            0.643038089782409
        ], 
        [
            0.8913693187007725, 
            0.3242406213420842, 
            -0.9903115445278756, 
            0.9913302774004381
        ], 
        [
            -0.9999983804111247, 
            0.9983602532464012, 
            0.9999871304577765
        ], 
        [
            -0.9999999726971747, 
            0.9999999959325966
        ]
    ], 
    "weightRange" : 1.0, 
    "seed" : null, 
    "acFunction" : 2, 
    "learning" : 0.05, 
    "fMomentum" : 0.001, 
    "bMomentum" : true, 
    "epochs" : 10, 
    "batch size" : 40, 
    "acc req" : 0.985, 
    "acc size" : 150, 
    "allow testing" : false, 
    "show output" : true
}