{
    "lWeights" : [
        [
            -26.269162, 
            34.786762, 
            -23.886336, 
            -8.18672, 
            -27.963794, 
            20.634372, 
            -5.976013, 
            40.654953, 
            21.831923, 
            -36.536591, 
            16.140939, 
            13.794401, 
            -12.974077, 
            20.039681, 
            -3.183711, 
            -25.468826, 
            19.718467, 
            -10.818336, 
            -1.153985, 
            16.219075, 
            5.847123, 
            -5.086733, 
            11.21439, 
            -15.183653
        ], 
        [
            -4.387835, 
            7.515589, 
            -20.686832, 
            6.563806, 
            32.524291, 
            3.322781, 
            -23.516592, 
            -8.619805, 
            1.161468, 
            36.234926, 
            -5.838074, 
            19.650239, 
            3.572677, 
            22.211335, 
            -6.433831, 
            6.50012, 
            -16.038513, 
            1.656494, 
            27.256273, 
            23.588345, 
            19.005129, 
            -20.817605, 
            25.066004, 
            7.618832, 
            -17.423935, 
            12.775562, 
            -3.936085, 
            -18.875955, 
            11.490186, 
            -15.231177, 
            -15.349267, 
            24.555494, 
            -26.014407, 
            21.612344, 
            22.17713, 
            15.599911
        ], 
        [
            -33.919388, 
            15.837151, 
            -8.754792, 
            21.126738, 
            16.448512, 
            5.327121, 
            7.178162, 
            -18.172903, 
            -6.270019, 
            14.956066, 
            13.320543, 
            -5.334824
        ]
    ], 
    "lNodes" : [
        [
            0.1823695274358364, 
            0.5097194729968906, 
            -0.41097206366984723, 
            0.681133327877647
        ], 
        [
            -0.9972326802887548, 
            1.0, 
            0.9999999999334495, 
            -0.9999999999918681, 
            0.9903078223514482, 
            0.9998887246685253
        ], 
        [
            -1.0, 
            1.0, 
            -1.0, 
            1.0, 
            -1.0, 
            0.9999999993033416
        ], 
        [
            1.0, 
            -1.0
        ]
    ], 
    "weightRange" : 1.0, 
    "seed" : null, 
    "acFunction" : 2, 
    "learning" : 0.05, 
    "fMomentum" : 0.001, 
    "bMomentum" : true, 
    "epochs" : 10, 
    "batch size" : 40, 
    "acc req" : 0.98, 
    "acc size" : 150, 
    "allow testing" : false, 
    "show output" : true
}