{
    "lWeights" : [
        [
            -22.15404, 
            -6.595113, 
            -17.714588, 
            -40.033894, 
            -21.092047, 
            26.320199, 
            -14.525489, 
            13.16363, 
            -44.189701, 
            3.581342, 
            -2.037376, 
            -5.53238, 
            24.075726, 
            -34.97672, 
            25.99752, 
            -24.129392, 
            -0.376866, 
            23.382314, 
            -15.067822, 
            -15.618998
        ], 
        [
            -18.805742, 
            2.611508, 
            -7.28509, 
            9.02197, 
            11.690389, 
            16.602711, 
            -28.233129, 
            14.164785, 
            -19.261566, 
            -9.0552, 
            6.913916, 
            -2.15206, 
            -3.229435, 
            11.541099, 
            -10.277561, 
            -43.495821, 
            5.325472, 
            20.406926, 
            -9.176097, 
            -20.060435, 
            -2.615028, 
            -17.031084, 
            2.736027, 
            4.926678, 
            -14.216592
        ], 
        [
            30.157275, 
            -31.77903, 
            4.473979, 
            -2.931979, 
            -0.87579, 
            12.149175, 
            16.163546, 
            -20.910076, 
            18.646512, 
            -15.622912
        ]
    ], 
    "lNodes" : [
        [
            0.06315614881480358, 
            -0.30267505341500556, 
            -0.1506752536239688, 
            0.37472380588668536
        ], 
        [
            -0.9999999999999997, 
            0.9998251613273819, 
            0.03119587630454431, 
            0.9999999983916049, 
            -0.9999999999479591
        ], 
        [
            -0.9999459712340154, 
            -0.9999999251225594, 
            1.0, 
            -1.0, 
            -1.0
        ], 
        [
            -1.0, 
            1.0
        ]
    ], 
    "weightRange" : 1.0, 
    "seed" : null, 
    "acFunction" : 2, 
    "learning" : 0.05, 
    "fMomentum" : 0.001, 
    "bMomentum" : true, 
    "epochs" : 10, 
    "batch size" : 40, 
    "acc req" : 0.98, 
    "acc size" : 150, 
    "allow testing" : false, 
    "show output" : true
}