{
    "lWeights" : [
        [
            -35.330912, 
            44.013453, 
            58.19449, 
            -28.996278, 
            11.35586, 
            -33.416269, 
            -35.104734, 
            23.679766, 
            17.614825, 
            53.074723, 
            15.046922, 
            21.100781, 
            -1.64938, 
            28.577347, 
            35.677769, 
            -40.385672, 
            -15.146953, 
            -15.336616, 
            5.511217, 
            8.811028
        ], 
        [
            -9.474805, 
            -7.815914, 
            -28.789515, 
            6.545262, 
            -27.435739, 
            32.355382, 
            -1.929971, 
            38.308758, 
            25.960678, 
            21.799206, 
            33.695216, 
            35.616222, 
            -5.364023, 
            -26.622475, 
            -4.53872, 
            -19.235255, 
            29.647404, 
            -17.957596, 
            22.152431, 
            -5.561357, 
            -2.943108, 
            17.961626, 
            36.429663, 
            -14.90808, 
            33.844031
        ], 
        [
            20.007281, 
            -11.676184, 
            13.033071, 
            -21.086479, 
            41.280666, 
            -33.136664, 
            -1.479743, 
            2.241248, 
            42.271893, 
            -10.217751
        ]
    ], 
    "lNodes" : [
        [
            -0.0963777051828455, 
            0.040495122489681845, 
            -0.547249402287462, 
            0.49018612982714566
        ], 
        [
            -1.0, 
            -1.0, 
            -0.9999999996715623, 
            -0.9999999870977256, 
            -0.9999999999989772
        ], 
        [
            -1.0, 
            -1.0, 
            -1.0, 
            -0.9999999999920868, 
            -0.9999999999999997
        ], 
        [
            -1.0, 
            1.0
        ]
    ], 
    "weightRange" : 1.0, 
    "seed" : null, 
    "acFunction" : 2, 
    "learning" : 0.05, 
    "fMomentum" : 0.001, 
    "bMomentum" : true, 
    "epochs" : 10, 
    "batch size" : 40, 
    "acc req" : 0.985, 
    "acc size" : 150, 
    "allow testing" : false, 
    "show output" : true
}