{
    "lWeights" : [
        [
            72.779349, 
            -82.993992, 
            41.092044, 
            -146.534148, 
            -132.020036, 
            -136.525283, 
            -46.236363, 
            -25.473911, 
            -101.905473, 
            -242.285771, 
            129.803335, 
            15.516919, 
            24.751928, 
            34.544074, 
            -145.592109, 
            18.893476, 
            -100.029879, 
            -5.079223, 
            -70.127042, 
            -41.415361
        ], 
        [
            44.339359, 
            -127.050803, 
            -84.237852, 
            -81.505072, 
            -38.719073, 
            -35.142032, 
            30.813015, 
            -126.890893, 
            -2.074095, 
            -91.94596, 
            16.544979, 
            24.083013, 
            -19.902103, 
            121.746379, 
            46.543994, 
            -94.22052, 
            60.603899, 
            -13.725326, 
            135.233744, 
            36.171795, 
            -177.247882, 
            148.89141, 
            -53.28509, 
            -84.942672, 
            77.549349
        ], 
        [
            189.868263, 
            -127.172585, 
            -59.846637, 
            120.32258, 
            -38.905334, 
            -49.271484, 
            -61.646208, 
            -48.816077, 
            -7.083951, 
            -3.011831
        ]
    ], 
    "lNodes" : [
        [
            -0.12267774340335622, 
            0.03755245147747217, 
            -0.008637215413444758, 
            0.2848868399756312
        ], 
        [
            -0.9999999937747793, 
            -1.0, 
            -0.999999554384856, 
            -0.9999904672091185, 
            -0.9979608940712597
        ], 
        [
            1.0, 
            -1.0, 
            1.0, 
            -1.0, 
            -1.0
        ], 
        [
            1.0, 
            -1.0
        ]
    ], 
    "weightRange" : 1.0, 
    "seed" : null, 
    "acFunction" : 2, 
    "learning" : 0.05, 
    "fMomentum" : 0.001, 
    "bMomentum" : true, 
    "epochs" : 10, 
    "batch size" : 40, 
    "acc req" : 0.985, 
    "acc size" : 150, 
    "allow testing" : false, 
    "show output" : true
}