{
    "lWeights" : [
        [
            2068.134334, 
            629.756422, 
            -1213.025675, 
            923.737885, 
            -585.527218, 
            -2379.329788, 
            2951.036208, 
            -1549.204345, 
            -363.038887, 
            -746.202477, 
            -715.92978, 
            -456.658, 
            2174.516824, 
            1829.454521, 
            -465.984216, 
            1276.420995, 
            -1791.091039, 
            1253.369446, 
            262.566816, 
            65.017073, 
            1826.209987, 
            147.10314, 
            -998.892046, 
            338.776702
        ], 
        [
            -2804.252588, 
            101.314813, 
            653.90854, 
            -1229.519711, 
            -1058.677668, 
            -889.323258, 
            982.721834, 
            1079.252998, 
            -463.486875, 
            -1389.110533, 
            294.43111, 
            -758.954883, 
            1234.749836, 
            -1685.294735, 
            1591.679168, 
            -452.004498, 
            145.096714, 
            -1655.276666, 
            1520.534825, 
            -1546.295522, 
            1781.720173, 
            -691.914763, 
            -1128.497617, 
            -742.064513, 
            -678.830038, 
            688.150065, 
            1530.630811, 
            987.673606, 
            227.482373, 
            1884.91639
        ], 
        [
            -2020.904527, 
            2236.055639, 
            -622.086087, 
            509.285131, 
            620.795846, 
            -262.448812, 
            -1302.847915, 
            293.768022, 
            -1333.155697, 
            20.8508
        ]
    ], 
    "lNodes" : [
        [
            -0.11029862478275607, 
            0.028260897222419725, 
            -0.5619402502853943, 
            0.6559717031743
        ], 
        [
            -1.0, 
            -1.0, 
            1.0, 
            -1.0, 
            1.0, 
            -1.0
        ], 
        [
            1.0, 
            -1.0, 
            -1.0, 
            -1.0, 
            1.0
        ], 
        [
            -1.0, 
            1.0
        ]
    ], 
    "weightRange" : 1.0, 
    "seed" : null, 
    "acFunction" : 2, 
    "learning" : 0.05, 
    "fMomentum" : 0.001, 
    "bMomentum" : true, 
    "epochs" : 10, 
    "batch size" : 40, 
    "acc req" : 0.985, 
    "acc size" : 150, 
    "allow testing" : false, 
    "show output" : true, 
    "is fertile" : true, 
    "is child" : false, 
    "child net" : "637030506989805696_child"
}