{
    "lWeights" : [
        [
            87.015974, 
            -133.23628, 
            -180.307484, 
            23.295823, 
            114.448389, 
            -68.945554, 
            78.545297, 
            145.269718, 
            75.061635, 
            -219.379445, 
            110.951582, 
            57.260944, 
            20.313898, 
            -134.191961, 
            91.621269, 
            126.339296, 
            -96.181448, 
            46.174942, 
            52.877514, 
            37.888119, 
            104.26615, 
            -1.923497, 
            113.370277, 
            -40.360004, 
            121.259758, 
            85.707107, 
            7.78204, 
            36.945845
        ], 
        [
            157.376535, 
            41.701771, 
            -7.236906, 
            -58.733934, 
            162.980028, 
            -5.166243, 
            -128.03031, 
            125.416455, 
            -2.19379, 
            94.103152, 
            -16.45619, 
            -34.507091, 
            36.16265, 
            -132.837331, 
            -92.582436, 
            171.881697, 
            167.936413, 
            12.246175, 
            37.649455, 
            -132.448559, 
            135.999374, 
            117.495886, 
            49.343469, 
            -73.61936, 
            97.702401, 
            53.012848, 
            32.742181, 
            102.26647, 
            84.249833, 
            49.023014, 
            -49.741581, 
            -83.001959, 
            44.014811, 
            -50.116354, 
            116.609802, 
            -73.548749, 
            114.113086, 
            103.393994, 
            -143.609892, 
            -72.08685, 
            90.384068, 
            126.814294, 
            136.913991, 
            -102.686632, 
            -0.979823, 
            106.016962, 
            121.686097, 
            41.481617, 
            105.059276
        ], 
        [
            114.980521, 
            -96.465083, 
            -88.709776, 
            31.70535, 
            -102.067373, 
            120.52681, 
            -47.739548, 
            56.5472, 
            44.346753, 
            -63.639867, 
            108.229341, 
            -80.286857, 
            3.51236, 
            10.850659
        ]
    ], 
    "lNodes" : [
        [
            -0.49941226950508044, 
            -0.9041411129030448, 
            0.738143752557779, 
            0.4690217045382215
        ], 
        [
            -1.0, 
            1.0, 
            1.0, 
            -1.0, 
            -1.0, 
            1.0, 
            1.0
        ], 
        [
            -1.0, 
            1.0, 
            1.0, 
            0.9771643039603394, 
            -1.0, 
            1.0, 
            1.0
        ], 
        [
            -1.0, 
            1.0
        ]
    ], 
    "weightRange" : 1.0, 
    "seed" : null, 
    "acFunction" : 2, 
    "learning" : 0.05, 
    "fMomentum" : 0.001, 
    "bMomentum" : true, 
    "epochs" : 10, 
    "batch size" : 40, 
    "acc req" : 0.985, 
    "acc size" : 150, 
    "allow testing" : false, 
    "show output" : true
}