{
    "lWeights" : [
        [
            831.222775, 
            -290.606643, 
            776.370155, 
            -333.98671, 
            572.420965, 
            -134.0682, 
            -336.761937, 
            1269.118651, 
            -314.711537, 
            -204.074058, 
            -461.980659, 
            771.360881, 
            789.014159, 
            685.310404, 
            471.391565, 
            -563.242036, 
            -699.791242, 
            224.914266, 
            793.497507, 
            -55.423613
        ], 
        [
            -2.787718, 
            -460.582015, 
            -499.277283, 
            -141.101211, 
            -345.323433, 
            858.251008, 
            -387.941257, 
            577.199915, 
            -147.562033, 
            225.167374, 
            -629.887063, 
            -523.803334, 
            -465.139418, 
            634.468459, 
            -467.270571, 
            -617.297061, 
            288.529938, 
            17.213081, 
            42.29355, 
            416.481339, 
            -436.389953, 
            91.63896, 
            -573.966318, 
            -117.988541, 
            -721.165448
        ], 
        [
            -761.474797, 
            630.294614, 
            -353.822078, 
            -343.622434, 
            -660.782442, 
            614.170444, 
            537.89636, 
            -510.144686, 
            321.998567, 
            347.670066
        ]
    ], 
    "lNodes" : [
        [
            0.19160014134377545, 
            0.18776263157303918, 
            -0.8198720572080901, 
            0.5778990152486427
        ], 
        [
            1.0, 
            -1.0, 
            -1.0, 
            -1.0, 
            -1.0
        ], 
        [
            1.0, 
            1.0, 
            -1.0, 
            -1.0, 
            1.0
        ], 
        [
            -1.0, 
            1.0
        ]
    ], 
    "weightRange" : 1.0, 
    "seed" : null, 
    "acFunction" : 2, 
    "learning" : 0.05, 
    "fMomentum" : 0.001, 
    "bMomentum" : true, 
    "epochs" : 10, 
    "batch size" : 40, 
    "acc req" : 0.985, 
    "acc size" : 150, 
    "allow testing" : false, 
    "show output" : true
}