{
    "lWeights" : [
        [
            -1908.783149, 
            -1255.596688, 
            -666.574891, 
            712.80076, 
            562.927097, 
            -16.729659, 
            -336.699333, 
            397.072826, 
            -1358.303846, 
            1052.912473, 
            526.943579, 
            1650.378463, 
            239.631726, 
            739.125869, 
            -688.198359, 
            384.10789, 
            589.622323, 
            1069.09798, 
            950.886966, 
            413.925901, 
            711.823904, 
            277.471531, 
            -1000.398866, 
            214.7756, 
            212.029877, 
            -8.742664, 
            -1111.766144, 
            -596.721893
        ], 
        [
            785.051534, 
            251.146305, 
            483.358456, 
            -376.056021, 
            1218.103365, 
            -1305.455598, 
            -131.147083, 
            280.072909, 
            1408.607768, 
            -1100.573221, 
            -1042.332701, 
            1235.516362, 
            -11.70918, 
            -501.582104, 
            320.675182, 
            -216.290596, 
            -1199.018618, 
            579.151427, 
            -689.033738, 
            -1097.026112, 
            822.718964, 
            316.213533, 
            535.394992, 
            -909.995426, 
            -121.08782, 
            -1029.792442, 
            780.019082, 
            143.964165, 
            -1373.903012, 
            727.417219, 
            489.905185, 
            -1000.67872, 
            393.795819, 
            -231.538025, 
            1099.18574, 
            -452.077136, 
            1037.034215, 
            -667.157305, 
            -993.859135, 
            -160.828117, 
            257.610992, 
            -206.68207, 
            362.579584, 
            -758.741692, 
            -925.073675, 
            -637.323164, 
            -214.092084, 
            775.193486, 
            124.870698
        ], 
        [
            -911.297673, 
            631.215026, 
            -1198.32015, 
            221.634399, 
            -367.484783, 
            -1290.774761, 
            418.512859, 
            460.082918, 
            -622.884198, 
            833.101704, 
            746.290651, 
            -574.335935, 
            652.236352, 
            -723.889743
        ]
    ], 
    "lNodes" : [
        [
            0.8502765578463823, 
            0.6212193214516908, 
            -0.7702629935167036, 
            0.46596470171035753
        ], 
        [
            -1.0, 
            -1.0, 
            -1.0, 
            1.0, 
            1.0, 
            -1.0, 
            -1.0
        ], 
        [
            -1.0, 
            -1.0, 
            1.0, 
            1.0, 
            -1.0, 
            1.0, 
            1.0
        ], 
        [
            1.0, 
            -1.0
        ]
    ], 
    "weightRange" : 1.0, 
    "seed" : null, 
    "acFunction" : 2, 
    "learning" : 0.05, 
    "fMomentum" : 0.001, 
    "bMomentum" : true, 
    "epochs" : 10, 
    "batch size" : 40, 
    "acc req" : 0.985, 
    "acc size" : 150, 
    "allow testing" : false, 
    "show output" : true
}