{
    "lWeights" : [
        [
            940.043788, 
            1442.123004, 
            -366.262036, 
            -38.840783, 
            1502.008852, 
            1521.0915, 
            -51.719293, 
            528.36415, 
            1289.201556, 
            1001.567035, 
            1166.928828, 
            -564.819868, 
            -939.870669, 
            1042.46013, 
            -387.208392, 
            62.973221, 
            -428.789527, 
            -744.265903, 
            109.732232, 
            535.974454
        ], 
        [
            808.64149, 
            -1093.00246, 
            476.830622, 
            -1176.435069, 
            751.803144, 
            558.149294, 
            -1461.990318, 
            258.537549, 
            -70.260653, 
            -524.391182, 
            -556.258708, 
            971.769321, 
            -177.294578, 
            590.172229, 
            -980.846371, 
            -744.284033, 
            -515.805695, 
            1270.598961, 
            -125.566655, 
            791.033463, 
            -548.019903, 
            293.274693, 
            1114.578464, 
            -1493.438584, 
            22.721842
        ], 
        [
            -255.42967, 
            -936.234024, 
            -906.255735, 
            478.905428, 
            995.765461, 
            -1521.818192, 
            -1206.913748, 
            861.772013, 
            672.317299, 
            -685.499298
        ]
    ], 
    "lNodes" : [
        [
            -0.10650541937996237, 
            0.2651966158647244, 
            -0.8040019816055312, 
            0.020104203606208477
        ], 
        [
            -1.0, 
            1.0, 
            1.0, 
            -1.0, 
            1.0
        ], 
        [
            -1.0, 
            1.0, 
            -1.0, 
            1.0, 
            -1.0
        ], 
        [
            -1.0, 
            1.0
        ]
    ], 
    "weightRange" : 1.0, 
    "seed" : null, 
    "acFunction" : 2, 
    "learning" : 0.05, 
    "fMomentum" : 0.001, 
    "bMomentum" : true, 
    "epochs" : 10, 
    "batch size" : 40, 
    "acc req" : 0.985, 
    "acc size" : 150, 
    "allow testing" : false, 
    "show output" : true
}