{
    "lWeights" : [
        [
            59.150787, 
            -26.626824, 
            -188.60388, 
            -36.261393, 
            -72.164625, 
            5.27569, 
            -13.276757, 
            -26.883224, 
            -10.327491, 
            64.899358, 
            -170.289252, 
            -59.146187, 
            21.325489, 
            93.764451, 
            24.181902, 
            -86.170281, 
            -98.362837, 
            -20.569304, 
            3.757169, 
            -103.934572, 
            31.385599, 
            -31.691011, 
            -24.823495, 
            -19.081488
        ], 
        [
            -22.942414, 
            90.465587, 
            -12.536327, 
            72.096694, 
            49.359096, 
            -26.304803, 
            -52.389711, 
            -83.134508, 
            -16.762352, 
            1.996827, 
            87.807248, 
            -68.828519, 
            -68.866067, 
            70.783529, 
            -5.66715, 
            -40.720295, 
            21.259075, 
            -127.378511, 
            -88.430452, 
            -104.838844, 
            -49.249526, 
            -16.516452, 
            96.662774, 
            66.794339, 
            -92.810108, 
            53.7068, 
            92.72439, 
            -23.211743, 
            92.854338, 
            10.264132, 
            -45.497375, 
            -37.624531, 
            60.402949, 
            -49.109554, 
            -34.208276, 
            90.056032
        ], 
        [
            29.662623, 
            -80.842233, 
            26.684706, 
            -55.635117, 
            -45.734572, 
            62.817392, 
            86.945697, 
            2.713264, 
            -96.334976, 
            28.944858, 
            44.082227, 
            -63.27107
        ]
    ], 
    "lNodes" : [
        [
            0.039263281627472606, 
            -0.22059368299737697, 
            -0.42610980679346067, 
            0.8013039089991544
        ], 
        [
            -0.6778594319948813, 
            -1.0, 
            0.9999999927575914, 
            -0.9997082217650161, 
            1.0, 
            0.999997141201034
        ], 
        [
            -1.0, 
            1.0, 
            1.0, 
            -1.0, 
            -1.0, 
            -0.999998825660336
        ], 
        [
            -1.0, 
            1.0
        ]
    ], 
    "weightRange" : 1.0, 
    "seed" : null, 
    "acFunction" : 2, 
    "learning" : 0.05, 
    "fMomentum" : 0.001, 
    "bMomentum" : true, 
    "epochs" : 10, 
    "batch size" : 40, 
    "acc req" : 0.985, 
    "acc size" : 150, 
    "allow testing" : false, 
    "show output" : true
}