{
    "lWeights" : [
        [
            7.88122, 
            -11.157403, 
            18.7422, 
            29.52401, 
            19.442346, 
            9.938563, 
            9.624038, 
            23.754504, 
            -24.083894, 
            -13.006294, 
            7.419281, 
            4.053838, 
            27.825976, 
            12.292266, 
            16.723239, 
            7.350403, 
            2.858567, 
            -20.920743, 
            0.899739, 
            20.322844, 
            -6.896758, 
            -0.423592, 
            -17.202308, 
            -8.412648, 
            12.134711, 
            14.400583, 
            8.553862, 
            7.061074
        ], 
        [
            8.487423, 
            -18.626593, 
            -9.000832, 
            16.059412, 
            0.468836, 
            -24.391083, 
            -6.169626, 
            -20.492739, 
            -0.491583, 
            -5.663748, 
            -18.110189, 
            28.025183, 
            -6.84779, 
            0.067373, 
            12.479555, 
            4.917322, 
            19.078466, 
            -20.629242, 
            -5.970708, 
            4.54845, 
            15.663529, 
            18.145831, 
            -11.348234, 
            14.603946, 
            -16.147749, 
            -8.715146, 
            -6.345256, 
            0.573713, 
            -4.987025, 
            4.455779, 
            -5.674388, 
            -21.412585, 
            -13.944146, 
            1.273649, 
            15.058277, 
            4.442559, 
            -21.805872, 
            -7.060326, 
            -16.290262, 
            0.635732, 
            -14.393598, 
            11.392464, 
            -13.149578, 
            -7.163115, 
            12.224572, 
            14.148764, 
            6.892162, 
            -12.90311, 
            18.300992
        ], 
        [
            8.207712, 
            -12.611217, 
            -15.76317, 
            9.906156, 
            15.559218, 
            7.461199, 
            -11.172134, 
            10.466298, 
            -12.646073, 
            16.020323, 
            -17.230157, 
            13.813402, 
            1.718099, 
            -13.173654
        ]
    ], 
    "lNodes" : [
        [
            -0.33023242397363506, 
            0.9741362859077932, 
            -0.2907144549507829, 
            -0.49818598434218075
        ], 
        [
            0.9999999999999682, 
            -0.9999999999948581, 
            -0.999999999999931, 
            -0.9862306681043893, 
            -0.9999999950373653, 
            0.9999999999972413, 
            0.9999990565452882
        ], 
        [
            -0.9999279094913559, 
            -1.0, 
            -1.0, 
            1.0, 
            0.9999999140869624, 
            -1.0, 
            -0.9999996845330992
        ], 
        [
            -0.9999999999999863, 
            1.0
        ]
    ], 
    "weightRange" : 1.0, 
    "seed" : null, 
    "acFunction" : 2, 
    "learning" : 0.05, 
    "fMomentum" : 0.001, 
    "bMomentum" : true, 
    "epochs" : 10, 
    "batch size" : 40, 
    "acc req" : 0.985, 
    "acc size" : 150, 
    "allow testing" : false, 
    "show output" : true
}