{
    "lWeights" : [
        [
            65.404672, 
            -67.074369, 
            -45.475356, 
            93.041488, 
            44.481448, 
            -112.632122, 
            -54.250421, 
            -52.896614, 
            -33.960771, 
            -73.609269, 
            76.311794, 
            32.747133, 
            48.831512, 
            -31.281549, 
            -13.503168, 
            -18.588793
        ], 
        [
            58.710208, 
            -74.709896, 
            -51.635566, 
            60.059156, 
            -22.322602, 
            79.764547, 
            90.303503, 
            -52.350184, 
            -18.014085, 
            -29.970871, 
            23.861938, 
            17.87769, 
            -9.742342, 
            26.530086, 
            -62.537888, 
            48.358131
        ], 
        [
            26.192497, 
            -38.011018, 
            -44.315381, 
            29.443036, 
            -77.008376, 
            39.182057, 
            1.821216, 
            -62.184196
        ]
    ], 
    "lNodes" : [
        [
            -0.3275497768066403, 
            -0.077041089329347, 
            -0.44744222112133025, 
            0.5837784263982468
        ], 
        [
            0.9999999999999999, 
            1.0, 
            -1.0, 
            -1.0
        ], 
        [
            1.0, 
            0.9999999164420021, 
            1.0, 
            -1.0
        ], 
        [
            -1.0, 
            1.0
        ]
    ], 
    "weightRange" : 1.0, 
    "seed" : null, 
    "acFunction" : 2, 
    "learning" : 0.05, 
    "fMomentum" : 0.001, 
    "bMomentum" : true, 
    "epochs" : 10, 
    "batch size" : 40, 
    "acc req" : 0.985, 
    "acc size" : 150, 
    "allow testing" : false, 
    "show output" : true
}