{
    "lWeights" : [
        [
            -9.033412, 
            6.736404, 
            -12.775401, 
            15.811762, 
            4.743291, 
            -7.101438, 
            13.005982, 
            1.192128, 
            -1.66467, 
            13.853108, 
            1.88499, 
            8.061905, 
            6.76777, 
            11.942228, 
            8.625288, 
            -2.958085, 
            -0.536981, 
            7.035801, 
            2.398059, 
            6.464142
        ], 
        [
            -8.135815, 
            -8.37021, 
            8.550084, 
            8.833993, 
            8.910797, 
            6.861186, 
            11.931355, 
            -11.283751, 
            0.932716, 
            -5.420348, 
            11.907812, 
            2.409897, 
            -12.076551, 
            -9.786674, 
            5.923618, 
            7.266825, 
            -0.088101, 
            -1.116466, 
            16.43784, 
            -10.380693, 
            11.366677, 
            4.55167, 
            -3.47175, 
            6.881156, 
            -12.010991
        ], 
        [
            2.394169, 
            -3.260284, 
            8.502914, 
            -7.067816, 
            -1.495776, 
            2.815348, 
            9.908202, 
            -9.458493, 
            -8.585225, 
            11.252244
        ]
    ], 
    "lNodes" : [
        [
            -0.7226344749006628, 
            0.5283015337870959, 
            -0.5488734572554763, 
            -0.6312683561108232
        ], 
        [
            0.9985341846657546, 
            -0.9694374605248931, 
            0.9361079936181911, 
            -1.0, 
            -0.9998942677240815
        ], 
        [
            -1.0, 
            -1.0, 
            0.9999999999834647, 
            -1.0, 
            1.0
        ], 
        [
            -1.0, 
            1.0
        ]
    ], 
    "weightRange" : 1.0, 
    "seed" : null, 
    "acFunction" : 2, 
    "learning" : 0.05, 
    "fMomentum" : 0.001, 
    "bMomentum" : true, 
    "epochs" : 10, 
    "batch size" : 40, 
    "acc req" : 0.98, 
    "acc size" : 150, 
    "allow testing" : false, 
    "show output" : true
}