{
    "lWeights" : [
        [
            393.457696, 
            258.898819, 
            33.452325, 
            -136.843864, 
            91.220059, 
            -130.319979, 
            443.832152, 
            -168.055494, 
            -149.744375, 
            298.291324, 
            248.580241, 
            -54.877202, 
            -21.037966, 
            93.850986, 
            26.056316, 
            -200.631825
        ], 
        [
            245.663373, 
            80.678601, 
            -110.063433, 
            235.023488, 
            253.984465, 
            195.62766, 
            -101.401685, 
            -213.641928, 
            240.461547, 
            168.112949, 
            -234.894346, 
            -215.42413, 
            -85.687085, 
            116.040437, 
            88.968148, 
            -22.611638
        ], 
        [
            330.557574, 
            -307.766826, 
            86.946236, 
            23.122297, 
            -40.410419, 
            258.92985, 
            98.154789, 
            38.588457
        ]
    ], 
    "lNodes" : [
        [
            0.22921489301862707, 
            0.6023229446916148, 
            -0.7847373295711547, 
            0.3664857197414004
        ], 
        [
            1.0, 
            -1.0, 
            1.0, 
            -1.0
        ], 
        [
            1.0, 
            -1.0, 
            -1.0, 
            1.0
        ], 
        [
            1.0, 
            -1.0
        ]
    ], 
    "weightRange" : 1.0, 
    "seed" : null, 
    "acFunction" : 2, 
    "learning" : 0.05, 
    "fMomentum" : 0.001, 
    "bMomentum" : true, 
    "epochs" : 10, 
    "batch size" : 40, 
    "acc req" : 0.985, 
    "acc size" : 150, 
    "allow testing" : false, 
    "show output" : true
}