{
    "lWeights" : [
        [
            82.035308, 
            -28.129016, 
            -55.639037, 
            -55.41221, 
            59.51423, 
            48.736307, 
            -40.587338, 
            -105.503154, 
            36.513187, 
            2.555619, 
            57.451548, 
            25.362673, 
            23.859262, 
            -58.95996, 
            -47.66995, 
            -18.107248, 
            -60.452928, 
            3.394545, 
            -22.927858, 
            -22.681288, 
            -34.86367, 
            62.139432, 
            54.660815, 
            -21.471168
        ], 
        [
            -33.486849, 
            29.693277, 
            50.437457, 
            -49.32855, 
            23.952355, 
            7.710919, 
            33.872262, 
            85.479423, 
            -33.358516, 
            42.715413, 
            -45.759045, 
            29.288669, 
            -13.660146, 
            65.646702, 
            -18.999651, 
            5.854016, 
            -34.629641, 
            -54.624013, 
            -26.373988, 
            26.200204, 
            11.550827, 
            -55.366848, 
            31.440817, 
            -73.306201, 
            66.972055, 
            -11.771812, 
            49.248792, 
            -21.29108, 
            59.107527, 
            28.211118, 
            -3.666851, 
            -41.764416, 
            30.731577, 
            -18.656593, 
            52.683665, 
            -20.551107
        ], 
        [
            62.935276, 
            21.085292, 
            -82.679797, 
            37.577208, 
            51.65517, 
            -57.740259, 
            -40.264273, 
            29.115554, 
            -31.674431, 
            -74.321642, 
            52.693675, 
            -2.383167
        ]
    ], 
    "lNodes" : [
        [
            -0.26496909907765975, 
            0.8705392389811674, 
            -0.3801882525254701, 
            -0.0711330550933378
        ], 
        [
            -1.0, 
            -1.0, 
            1.0, 
            1.0, 
            1.0, 
            0.9999999863770982
        ], 
        [
            1.0, 
            -1.0, 
            1.0, 
            -1.0, 
            1.0, 
            -1.0
        ], 
        [
            1.0, 
            -1.0
        ]
    ], 
    "weightRange" : 1.0, 
    "seed" : null, 
    "acFunction" : 2, 
    "learning" : 0.05, 
    "fMomentum" : 0.001, 
    "bMomentum" : true, 
    "epochs" : 10, 
    "batch size" : 40, 
    "acc req" : 0.985, 
    "acc size" : 150, 
    "allow testing" : false, 
    "show output" : true
}