{
    "lWeights" : [
        [
            200.671226, 
            73.510177, 
            150.857542, 
            45.942446, 
            -150.604427, 
            172.365133, 
            106.93454, 
            33.752771, 
            -59.35015, 
            270.126079, 
            161.179015, 
            59.603809, 
            117.125303, 
            119.809557, 
            92.936157, 
            -102.848005, 
            173.283531, 
            99.640005, 
            -148.561919, 
            -83.915446, 
            120.080193, 
            19.754312, 
            54.117199, 
            134.403629, 
            -2.654586, 
            -92.660617, 
            -46.9325, 
            -52.545312
        ], 
        [
            -4.113832, 
            -143.301472, 
            158.461536, 
            51.071754, 
            -54.495966, 
            -95.328031, 
            67.875399, 
            -124.469454, 
            -134.368033, 
            -43.86512, 
            -86.446926, 
            132.214469, 
            -47.538471, 
            50.897659, 
            51.98029, 
            -133.601847, 
            -135.977935, 
            165.159856, 
            -14.660185, 
            78.592749, 
            195.682786, 
            132.011297, 
            -8.092331, 
            -95.836128, 
            103.504495, 
            78.792398, 
            135.351417, 
            14.428266, 
            -46.151136, 
            -21.949065, 
            -88.868744, 
            -119.629451, 
            125.961893, 
            -120.370871, 
            20.270981, 
            22.45951, 
            -53.818419, 
            -154.48009, 
            98.468447, 
            143.776711, 
            -1.807939, 
            31.721476, 
            -96.426261, 
            -108.105915, 
            108.850758, 
            84.824631, 
            27.056012, 
            -25.205808, 
            30.898653
        ], 
        [
            61.930754, 
            -97.383869, 
            -40.749789, 
            97.935226, 
            21.396761, 
            -67.230957, 
            145.848627, 
            -85.30916, 
            -97.763616, 
            23.651691, 
            -26.35884, 
            -54.603026, 
            140.533504, 
            -113.452832
        ]
    ], 
    "lNodes" : [
        [
            -0.4998161088635528, 
            0.325897016617586, 
            -0.5513834622094901, 
            0.16895350846085994
        ], 
        [
            -1.0, 
            0.9999999934486674, 
            -1.0, 
            -1.0, 
            1.0, 
            -0.9999999915293799, 
            -1.0
        ], 
        [
            -1.0, 
            1.0, 
            -0.9999999999977291, 
            -1.0, 
            1.0, 
            -1.0, 
            -1.0
        ], 
        [
            -1.0, 
            1.0
        ]
    ], 
    "weightRange" : 1.0, 
    "seed" : null, 
    "acFunction" : 2, 
    "learning" : 0.05, 
    "fMomentum" : 0.001, 
    "bMomentum" : true, 
    "epochs" : 10, 
    "batch size" : 40, 
    "acc req" : 0.98, 
    "acc size" : 150, 
    "allow testing" : false, 
    "show output" : true
}