{
    "lWeights" : [
        [
            27.365005, 
            -51.930757, 
            -55.447871, 
            -32.958298, 
            -51.341259, 
            -34.05222, 
            -0.494911, 
            -34.475594, 
            -42.441798, 
            -108.09614, 
            53.147876, 
            3.657006, 
            -36.85069, 
            -36.270717, 
            34.483594, 
            -69.701123, 
            -46.67729, 
            32.024901, 
            42.129936, 
            -3.321844, 
            -38.563732, 
            -23.864351, 
            13.485447, 
            17.586724
        ], 
        [
            -31.330211, 
            43.024798, 
            19.528192, 
            15.895438, 
            -24.472244, 
            -2.074105, 
            -3.881298, 
            -59.197036, 
            -52.145293, 
            -3.217603, 
            39.024636, 
            44.947941, 
            -61.003676, 
            17.93162, 
            -11.150314, 
            -28.738792, 
            53.225586, 
            4.367989, 
            -0.734408, 
            -69.420243, 
            -3.407646, 
            30.746289, 
            82.812373, 
            24.334643, 
            -0.698924, 
            29.410011, 
            -52.547637, 
            -7.47626, 
            52.43734, 
            -3.904344, 
            20.691907, 
            0.752424, 
            -8.528341, 
            30.778412, 
            27.150042, 
            -18.252799
        ], 
        [
            17.674516, 
            4.453002, 
            30.611541, 
            0.179559, 
            39.581696, 
            4.495529, 
            -29.571781, 
            9.108664, 
            -48.719603, 
            85.836159, 
            4.907656, 
            56.41439
        ]
    ], 
    "lNodes" : [
        [
            -0.16514866336383766, 
            0.844989840858831, 
            -0.378198031317983, 
            -0.23174845649544906
        ], 
        [
            -0.6435312973789554, 
            -0.999989271742176, 
            -1.0, 
            -1.0, 
            1.0, 
            -0.9999993550747235
        ], 
        [
            1.0, 
            1.0, 
            0.9999999967337768, 
            -1.0, 
            -1.0, 
            -1.0
        ], 
        [
            1.0, 
            -1.0
        ]
    ], 
    "weightRange" : 1.0, 
    "seed" : null, 
    "acFunction" : 2, 
    "learning" : 0.05, 
    "fMomentum" : 0.001, 
    "bMomentum" : true, 
    "epochs" : 10, 
    "batch size" : 40, 
    "acc req" : 0.985, 
    "acc size" : 150, 
    "allow testing" : false, 
    "show output" : true
}