{
    "lWeights" : [
        [
            -458.232513, 
            -415.103355, 
            -717.755403, 
            -1386.730777, 
            -634.818907, 
            -1567.610807, 
            1398.040604, 
            1429.575345, 
            -1700.474835, 
            1252.463802, 
            -1479.505776, 
            986.645174, 
            111.393607, 
            1979.995744, 
            -1164.830888, 
            -984.378012, 
            -361.547448, 
            605.393718, 
            241.944065, 
            -1504.900856, 
            1110.731025, 
            -750.920856, 
            -312.59526, 
            71.129042, 
            -1246.575272, 
            -1278.321133, 
            -275.444284, 
            419.224281
        ], 
        [
            243.022917, 
            1181.416561, 
            1161.448054, 
            779.400259, 
            1157.740287, 
            -1318.577434, 
            -1385.210139, 
            -1435.571351, 
            -1408.413758, 
            -1311.05864, 
            1226.167289, 
            502.79185, 
            208.972298, 
            1429.68879, 
            -971.042257, 
            845.512064, 
            226.460062, 
            -1558.410019, 
            808.169673, 
            -1292.876395, 
            1732.812744, 
            -1730.197853, 
            1619.761527, 
            159.746926, 
            884.175528, 
            -253.502707, 
            -1926.391811, 
            686.316719, 
            -69.824576, 
            -1736.551244, 
            -496.42462, 
            -866.110414, 
            -228.118213, 
            285.564444, 
            371.826365, 
            -973.098169, 
            99.151652, 
            1384.962524, 
            1235.813227, 
            -596.350193, 
            1089.916725, 
            -1138.045937, 
            1547.322502, 
            -1484.569167, 
            -886.922657, 
            -411.570644, 
            -1217.062264, 
            2039.565251, 
            -1512.777385
        ], 
        [
            1272.985491, 
            -1796.920501, 
            135.361895, 
            221.41804, 
            -1979.956181, 
            -555.693765, 
            -1352.968257, 
            1576.634451, 
            795.385467, 
            1374.476822, 
            517.995895, 
            -1024.600084, 
            -457.095598, 
            -688.516463
        ]
    ], 
    "lNodes" : [
        [
            -0.4465958505505917, 
            0.02005335887774233, 
            -0.4605078941133392, 
            0.5628495048964783
        ], 
        [
            1.0, 
            1.0, 
            1.0, 
            -1.0, 
            -1.0, 
            1.0, 
            -1.0
        ], 
        [
            -1.0, 
            1.0, 
            1.0, 
            1.0, 
            1.0, 
            -1.0, 
            1.0
        ], 
        [
            -1.0, 
            1.0
        ]
    ], 
    "weightRange" : 1.0, 
    "seed" : null, 
    "acFunction" : 2, 
    "learning" : 0.05, 
    "fMomentum" : 0.001, 
    "bMomentum" : true, 
    "epochs" : 10, 
    "batch size" : 40, 
    "acc req" : 0.985, 
    "acc size" : 150, 
    "allow testing" : false, 
    "show output" : true
}