{
    "lWeights" : [
        [
            26.555533, 
            81.9488, 
            120.459407, 
            162.175269, 
            37.608028, 
            -58.817123, 
            188.459229, 
            145.324809, 
            194.188659, 
            108.97352, 
            -149.625416, 
            13.969463, 
            -139.109309, 
            -69.52117, 
            84.547769, 
            89.111283, 
            -141.310262, 
            97.067352, 
            73.932501, 
            -71.899399, 
            16.875268, 
            -13.781755, 
            -12.001082, 
            126.659681, 
            10.893927, 
            246.411593, 
            28.862122, 
            -62.15965
        ], 
        [
            141.624725, 
            47.544223, 
            147.979592, 
            45.917794, 
            -28.428167, 
            -12.681334, 
            -58.616359, 
            97.553489, 
            -6.589268, 
            -87.002017, 
            -65.641154, 
            -170.719506, 
            -10.847838, 
            -76.220723, 
            76.211955, 
            2.097364, 
            -181.839749, 
            -19.694953, 
            62.996076, 
            173.836038, 
            -149.286528, 
            68.182373, 
            -34.407773, 
            38.856919, 
            -98.332396, 
            91.95127, 
            -132.50316, 
            -161.764805, 
            146.831237, 
            83.167371, 
            -180.57229, 
            -135.768872, 
            -171.361429, 
            -103.230639, 
            -3.552291, 
            28.141956, 
            -92.405368, 
            100.926793, 
            -84.842253, 
            142.236359, 
            -84.92084, 
            156.765266, 
            116.412281, 
            -20.289013, 
            -64.737268, 
            -134.384312, 
            77.401659, 
            -126.532154, 
            -23.07322
        ], 
        [
            87.869763, 
            -122.335207, 
            58.546645, 
            -49.168241, 
            -161.438234, 
            52.755784, 
            4.096011, 
            75.327481, 
            -155.635018, 
            44.645134, 
            -128.812729, 
            -34.249786, 
            -124.736865, 
            89.560709
        ]
    ], 
    "lNodes" : [
        [
            -0.3841738239981539, 
            0.2760330331116907, 
            -0.625131927542163, 
            -0.01752184547678162
        ], 
        [
            -1.0, 
            -1.0, 
            1.0, 
            -1.0, 
            -1.0, 
            1.0, 
            -1.0
        ], 
        [
            -1.0, 
            -1.0, 
            1.0, 
            1.0, 
            1.0, 
            1.0, 
            1.0
        ], 
        [
            -1.0, 
            1.0
        ]
    ], 
    "weightRange" : 1.0, 
    "seed" : null, 
    "acFunction" : 2, 
    "learning" : 0.05, 
    "fMomentum" : 0.001, 
    "bMomentum" : true, 
    "epochs" : 10, 
    "batch size" : 40, 
    "acc req" : 0.985, 
    "acc size" : 150, 
    "allow testing" : false, 
    "show output" : true
}