{
    "lWeights" : [
        [
            -1471.637092, 
            -999.261379, 
            -1903.912246, 
            237.133546, 
            -1288.324217, 
            -731.962992, 
            -2588.927124, 
            -439.826957, 
            991.422569, 
            630.299134, 
            1065.341832, 
            -1622.477815, 
            1091.05622, 
            -113.329052, 
            -1656.853783, 
            -841.237524, 
            -12.224324, 
            96.30358, 
            1220.817851, 
            -894.527105
        ], 
        [
            238.968812, 
            1084.413686, 
            1048.058201, 
            -1264.667468, 
            204.223101, 
            1069.581784, 
            1448.245829, 
            -706.137442, 
            1349.041583, 
            -2077.201093, 
            767.106583, 
            412.336069, 
            302.507914, 
            -904.26989, 
            -204.712992, 
            168.374161, 
            -396.299176, 
            -585.347141, 
            1130.112595, 
            879.033497, 
            1471.621938, 
            1547.458139, 
            361.703167, 
            484.590978, 
            -117.856852
        ], 
        [
            -837.544875, 
            1685.452076, 
            -850.867531, 
            1248.953186, 
            96.66212, 
            -761.902279, 
            937.242184, 
            -1663.70959, 
            1147.38199, 
            -1100.694554
        ]
    ], 
    "lNodes" : [
        [
            0.21236902263663832, 
            -0.32667532282869405, 
            0.18071811661317777, 
            0.21199887249152088
        ], 
        [
            -1.0, 
            1.0, 
            -1.0, 
            -1.0, 
            -1.0
        ], 
        [
            -1.0, 
            -1.0, 
            -1.0, 
            1.0, 
            -1.0
        ], 
        [
            1.0, 
            -1.0
        ]
    ], 
    "weightRange" : 1.0, 
    "seed" : null, 
    "acFunction" : 2, 
    "learning" : 0.05, 
    "fMomentum" : 0.001, 
    "bMomentum" : true, 
    "epochs" : 10, 
    "batch size" : 40, 
    "acc req" : 0.985, 
    "acc size" : 150, 
    "allow testing" : false, 
    "show output" : true
}