{
    "lWeights" : [
        [
            4.768267, 
            -398.946789, 
            -4.626712, 
            499.297883, 
            414.249483, 
            -402.175685, 
            -233.412912, 
            296.458444, 
            -185.204949, 
            419.194191, 
            -212.919635, 
            428.999032, 
            167.375287, 
            305.14258, 
            295.244515, 
            -104.3293, 
            -472.728806, 
            -117.891133, 
            -88.340927, 
            119.456561
        ], 
        [
            -87.650571, 
            30.391673, 
            132.862471, 
            -162.540124, 
            321.665969, 
            -217.564911, 
            524.231664, 
            -135.057619, 
            -120.330715, 
            -4.614285, 
            -2.062673, 
            -236.832223, 
            312.579015, 
            -300.372324, 
            -298.160706, 
            -129.472942, 
            -284.12049, 
            400.207671, 
            370.623167, 
            32.299839, 
            107.270904, 
            -295.863171, 
            316.094187, 
            32.844356, 
            -215.959916
        ], 
        [
            179.928887, 
            58.214644, 
            -319.862369, 
            464.217375, 
            263.616951, 
            -150.470359, 
            201.061401, 
            -145.699625, 
            -311.348112, 
            406.362996
        ]
    ], 
    "lNodes" : [
        [
            -0.17182643561286232, 
            0.7991520952527063, 
            -0.7989876580438107, 
            -0.5118251998145068
        ], 
        [
            -1.0, 
            -1.0, 
            1.0, 
            -1.0, 
            -1.0
        ], 
        [
            1.0, 
            -1.0, 
            -1.0, 
            -1.0, 
            -1.0
        ], 
        [
            1.0, 
            -1.0
        ]
    ], 
    "weightRange" : 1.0, 
    "seed" : null, 
    "acFunction" : 2, 
    "learning" : 0.05, 
    "fMomentum" : 0.001, 
    "bMomentum" : true, 
    "epochs" : 10, 
    "batch size" : 40, 
    "acc req" : 0.985, 
    "acc size" : 150, 
    "allow testing" : false, 
    "show output" : true
}