{
    "lWeights" : [
        [
            -22.869269, 
            36.675754, 
            -30.268169, 
            25.030166, 
            -43.32867, 
            -16.649772, 
            -18.04656, 
            -22.940344, 
            -33.729599, 
            19.515678, 
            30.552071, 
            4.746665, 
            -7.853672, 
            13.163171, 
            -38.124478, 
            -17.823794
        ], 
        [
            -34.56517, 
            -14.083776, 
            23.112653, 
            21.952523, 
            8.592913, 
            20.272859, 
            9.406981, 
            -17.244871, 
            -29.592161, 
            -28.232361, 
            15.716993, 
            25.928999, 
            9.337636, 
            -19.301601, 
            -9.116492, 
            -22.673718
        ], 
        [
            20.975487, 
            -25.169093, 
            16.730489, 
            -13.228406, 
            -15.78, 
            18.619639, 
            -33.325848, 
            29.72624
        ]
    ], 
    "lNodes" : [
        [
            0.4832875408346494, 
            0.4967127788151037, 
            -0.5340349365670838, 
            0.2914700346436072
        ], 
        [
            -0.9999999999999953, 
            0.9935833510958788, 
            -1.0, 
            -0.9999984274569692
        ], 
        [
            1.0, 
            1.0, 
            -1.0, 
            -1.0
        ], 
        [
            1.0, 
            -1.0
        ]
    ], 
    "weightRange" : 1.0, 
    "seed" : null, 
    "acFunction" : 2, 
    "learning" : 0.05, 
    "fMomentum" : 0.001, 
    "bMomentum" : true, 
    "epochs" : 10, 
    "batch size" : 40, 
    "acc req" : 0.985, 
    "acc size" : 150, 
    "allow testing" : false, 
    "show output" : true
}