{
    "lWeights" : [
        [
            -997.393345, 
            405.975697, 
            1622.821455, 
            -269.508883, 
            640.945552, 
            -1787.187405, 
            1271.460151, 
            -483.856908, 
            -19.107896, 
            1227.03969, 
            -1273.172396, 
            -557.146412, 
            198.763349, 
            1286.37009, 
            893.816073, 
            -276.059915, 
            -897.286072, 
            -535.206723, 
            -769.112405, 
            213.538509
        ], 
        [
            -1154.690284, 
            -1026.362146, 
            58.089271, 
            1529.003716, 
            -398.784236, 
            -242.467064, 
            896.106994, 
            -250.587383, 
            -173.40573, 
            -1187.139179, 
            940.26781, 
            -956.556402, 
            521.653704, 
            497.861387, 
            1074.870626, 
            -1133.329188, 
            -561.701555, 
            -944.031607, 
            -69.633921, 
            924.728092, 
            -196.931349, 
            -530.942799, 
            282.155742, 
            -1447.76443, 
            -674.694247
        ], 
        [
            951.54408, 
            -703.526719, 
            -619.498101, 
            -358.417415, 
            835.766128, 
            -1079.845831, 
            -1335.300992, 
            1091.528368, 
            391.892915, 
            -1394.515711
        ]
    ], 
    "lNodes" : [
        [
            0.1898982469044992, 
            0.3356557791107103, 
            -0.9549744760591896, 
            0.07937114123862259
        ], 
        [
            1.0, 
            1.0, 
            -1.0, 
            -1.0, 
            -1.0
        ], 
        [
            -1.0, 
            1.0, 
            -1.0, 
            1.0, 
            -1.0
        ], 
        [
            -1.0, 
            1.0
        ]
    ], 
    "weightRange" : 1.0, 
    "seed" : null, 
    "acFunction" : 2, 
    "learning" : 0.05, 
    "fMomentum" : 0.001, 
    "bMomentum" : true, 
    "epochs" : 10, 
    "batch size" : 40, 
    "acc req" : 0.985, 
    "acc size" : 150, 
    "allow testing" : false, 
    "show output" : true
}