{
    "lWeights" : [
        [
            1445.96015, 
            422.573544, 
            1247.695976, 
            38.54407, 
            -299.77048, 
            -910.781074, 
            1390.08349, 
            1231.135467, 
            999.555123, 
            109.326425, 
            -800.127515, 
            836.115735, 
            -294.141064, 
            866.386123, 
            1323.010737, 
            550.464368, 
            -659.914922, 
            243.610769, 
            971.602074, 
            27.436453, 
            663.93156, 
            -885.028789, 
            -875.074445, 
            568.663712
        ], 
        [
            71.066275, 
            -677.6496, 
            -1100.513099, 
            -819.761008, 
            1303.225215, 
            879.448393, 
            -816.870221, 
            -989.881407, 
            -456.593138, 
            -524.1187, 
            -297.358496, 
            182.249105, 
            -845.100539, 
            -37.155045, 
            -900.74154, 
            -1042.960787, 
            -246.283826, 
            -102.661488, 
            199.391657, 
            333.161691, 
            -467.174097, 
            -864.195729, 
            -124.379235, 
            -864.781909, 
            -627.902321, 
            165.961073, 
            -924.850823, 
            911.955008, 
            -544.4933, 
            -963.607232, 
            1081.882436, 
            579.739453, 
            -1153.532812, 
            951.726702, 
            563.885004, 
            -780.823877
        ], 
        [
            308.959399, 
            180.170944, 
            -607.40768, 
            633.619143, 
            -364.05721, 
            732.437261, 
            -1307.719936, 
            797.240307, 
            722.826147, 
            -450.960559, 
            89.702519, 
            -133.918643
        ]
    ], 
    "lNodes" : [
        [
            0.5380077739076506, 
            0.6792854550284942, 
            -0.7864346177870636, 
            0.47325531702083157
        ], 
        [
            1.0, 
            1.0, 
            1.0, 
            -1.0, 
            -1.0, 
            1.0
        ], 
        [
            -1.0, 
            -1.0, 
            -1.0, 
            -1.0, 
            1.0, 
            1.0
        ], 
        [
            1.0, 
            -1.0
        ]
    ], 
    "weightRange" : 1.0, 
    "seed" : null, 
    "acFunction" : 2, 
    "learning" : 0.05, 
    "fMomentum" : 0.001, 
    "bMomentum" : true, 
    "epochs" : 10, 
    "batch size" : 40, 
    "acc req" : 0.985, 
    "acc size" : 150, 
    "allow testing" : false, 
    "show output" : true
}