{
    "lWeights" : [
        [
            1.132842, 
            -2.647595, 
            0.834581, 
            -3.003899, 
            0.531237, 
            1.474186, 
            1.616945, 
            -1.122224, 
            -0.471911, 
            -0.635384, 
            0.785445, 
            -2.052944, 
            0.241805, 
            0.313177, 
            -0.076373, 
            -2.008387
        ], 
        [
            0.64197, 
            -1.553289, 
            -0.499474, 
            0.636874, 
            -1.956086, 
            -0.82658, 
            1.251372, 
            -2.046107, 
            0.479344, 
            -1.085596, 
            0.16863, 
            1.162353, 
            -2.24385, 
            1.026559, 
            0.749139, 
            -1.563873
        ], 
        [
            1.267559, 
            -0.987596, 
            -1.077739, 
            0.859669, 
            0.567838, 
            0.157767, 
            1.159537, 
            -0.667548
        ]
    ], 
    "lNodes" : [
        [
            -0.3355111813022377, 
            -0.661481700449397, 
            0.23017209813255224, 
            0.4636133009629285
        ], 
        [
            -0.6218411301392173, 
            -0.08767826469499494, 
            -0.8349344849317686, 
            0.33329190781704104
        ], 
        [
            -0.8800016583344284, 
            0.979574131695273, 
            0.3002208512161589, 
            -0.9364448084854821
        ], 
        [
            -0.9958391053202972, 
            0.9831378615582046
        ]
    ], 
    "weightRange" : 1.0, 
    "seed" : null, 
    "acFunction" : 2, 
    "learning" : 0.05, 
    "fMomentum" : 0.001, 
    "bMomentum" : true, 
    "epochs" : 10, 
    "batch size" : 40, 
    "acc req" : 0.985, 
    "acc size" : 150, 
    "allow testing" : false, 
    "show output" : true, 
    "is fertile" : false, 
    "is child" : true, 
    "child net" : null
}