{
    "lWeights" : [
        [
            38.673655, 
            -23.156067, 
            3.021515, 
            57.311628, 
            42.04399, 
            -59.214446, 
            71.561742, 
            89.196286, 
            -15.128464, 
            25.927571, 
            93.294726, 
            -13.581209, 
            -4.308342, 
            -33.803334, 
            53.413062, 
            -2.057187, 
            6.734922, 
            40.630598, 
            8.082866, 
            45.028871, 
            39.846298, 
            6.996313, 
            17.496258, 
            -66.270893, 
            21.355004, 
            11.757614, 
            -47.893637, 
            -5.275539
        ], 
        [
            -43.21682, 
            74.604933, 
            27.800884, 
            -49.725366, 
            -36.20656, 
            -22.854655, 
            -37.946496, 
            -19.530063, 
            -36.464853, 
            49.568812, 
            -0.226272, 
            -8.350729, 
            -6.737541, 
            38.195746, 
            63.862669, 
            -52.657166, 
            48.504, 
            -39.120197, 
            46.646456, 
            -40.538682, 
            -26.834074, 
            14.768699, 
            24.48122, 
            -78.464164, 
            -28.498973, 
            40.959051, 
            -63.138412, 
            33.765263, 
            -37.287582, 
            -42.284733, 
            54.604272, 
            -11.360427, 
            -20.487499, 
            8.638441, 
            -5.377196, 
            -18.631344, 
            1.749764, 
            64.181788, 
            -10.640095, 
            14.869134, 
            24.08861, 
            2.812739, 
            -50.649282, 
            27.964542, 
            -32.156266, 
            11.608719, 
            -9.737436, 
            -46.834997, 
            25.983395
        ], 
        [
            -16.09854, 
            52.134295, 
            25.418959, 
            -25.710346, 
            -36.57894, 
            55.334287, 
            -9.349439, 
            61.175484, 
            -7.335222, 
            44.789247, 
            -41.809078, 
            9.881541, 
            37.567686, 
            35.015782
        ]
    ], 
    "lNodes" : [
        [
            -0.36783275281425554, 
            -0.08943411899852943, 
            -0.4269886057681952, 
            0.5844840284786819
        ], 
        [
            -1.0, 
            1.0, 
            -1.0, 
            -1.0, 
            -0.9999999992156983, 
            -1.0, 
            -1.0
        ], 
        [
            1.0, 
            -1.0, 
            -1.0, 
            1.0, 
            -1.0, 
            1.0, 
            1.0
        ], 
        [
            -0.9999999996216452, 
            1.0
        ]
    ], 
    "weightRange" : 1.0, 
    "seed" : null, 
    "acFunction" : 2, 
    "learning" : 0.05, 
    "fMomentum" : 0.001, 
    "bMomentum" : true, 
    "epochs" : 10, 
    "batch size" : 40, 
    "acc req" : 0.985, 
    "acc size" : 150, 
    "allow testing" : false, 
    "show output" : true
}