{
    "lWeights" : [
        [
            -3.49512, 
            -3.563407, 
            -3.420359, 
            5.79233, 
            5.274724, 
            1.804514, 
            3.678291, 
            -4.772281, 
            2.293362, 
            -2.53478, 
            3.470317, 
            -4.099193, 
            4.147666, 
            -3.643357, 
            -2.259331, 
            -0.603301, 
            3.747343, 
            2.668734, 
            2.844666, 
            3.829523, 
            -2.165127, 
            0.594544, 
            -6.189611, 
            -1.86686, 
            -0.456078, 
            -0.764949, 
            -0.555966, 
            -2.765013
        ], 
        [
            -3.569814, 
            1.355055, 
            5.21956, 
            -2.491511, 
            -2.10552, 
            4.269368, 
            -3.428459, 
            -4.609748, 
            -4.560303, 
            2.574197, 
            -1.788583, 
            -4.457913, 
            -3.539107, 
            4.018807, 
            -3.623954, 
            -2.156587, 
            0.701792, 
            -2.706988, 
            3.489884, 
            -4.610711, 
            2.889283, 
            1.011202, 
            4.177699, 
            -0.968623, 
            -0.052836, 
            -0.760071, 
            3.393328, 
            2.484954, 
            -2.918682, 
            3.245747, 
            2.918822, 
            4.89744, 
            1.985281, 
            -5.18848, 
            -4.341296, 
            -4.588972, 
            3.861717, 
            -1.694198, 
            3.469112, 
            -1.420055, 
            -4.324995, 
            5.072181, 
            -3.040571, 
            -2.910288, 
            1.091127, 
            2.627871, 
            -1.397733, 
            -0.626203, 
            -5.313941
        ], 
        [
            2.901898, 
            -1.718956, 
            4.179994, 
            -2.924571, 
            -2.107881, 
            4.281953, 
            3.716345, 
            -3.834889, 
            -1.011029, 
            -3.416696, 
            1.466843, 
            -4.403735, 
            2.46004, 
            -4.164966
        ]
    ], 
    "lNodes" : [
        [
            0.14402209578204214, 
            0.20015566124222162, 
            -0.8120490231977082, 
            0.5329841694172417
        ], 
        [
            0.5999035589580689, 
            -0.9935040435312955, 
            -0.9999158472259425, 
            -0.7071190334533061, 
            -0.9923092216892778, 
            -0.9807176729275957, 
            0.08479365512879226
        ], 
        [
            0.9999999999714221, 
            -0.9911663876604857, 
            -0.5265554085835662, 
            -0.999911489804675, 
            -0.44795782134891193, 
            0.999999999999999, 
            -0.9999999998901886
        ], 
        [
            -0.9996909932985102, 
            0.9993948159430205
        ]
    ], 
    "weightRange" : 1.0, 
    "seed" : null, 
    "acFunction" : 2, 
    "learning" : 0.05, 
    "fMomentum" : 0.001, 
    "bMomentum" : true, 
    "epochs" : 10, 
    "batch size" : 40, 
    "acc req" : 0.98, 
    "acc size" : 150, 
    "allow testing" : false, 
    "show output" : true
}