{
    "lWeights" : [
        [
            -51.73923, 
            53.196342, 
            80.298518, 
            35.681739, 
            -42.385894, 
            -0.761966, 
            -16.938499, 
            95.061466, 
            -28.524278, 
            28.162377, 
            -65.9795, 
            23.800502, 
            -50.980045, 
            60.775765, 
            31.708832, 
            13.596469, 
            18.042843, 
            28.544202, 
            30.174784, 
            10.026514, 
            -7.454156, 
            62.056076, 
            -65.711643, 
            -8.02138
        ], 
        [
            -48.611994, 
            -15.508302, 
            79.637994, 
            -87.776193, 
            38.435785, 
            -57.117786, 
            23.62474, 
            -27.942586, 
            -88.594126, 
            51.110722, 
            -18.139652, 
            -6.910301
        ]
    ], 
    "lNodes" : [
        [
            -0.20179708514520192, 
            -0.517001126298892, 
            0.13590798457793962, 
            0.7780263145930513
        ], 
        [
            1.0, 
            -1.0, 
            -0.9945029479037704, 
            1.0, 
            -0.999987916256451, 
            -0.999999999999504
        ], 
        [
            -1.0, 
            1.0
        ]
    ], 
    "weightRange" : 1.0, 
    "seed" : null, 
    "acFunction" : 2, 
    "learning" : 0.05, 
    "fMomentum" : 0.001, 
    "bMomentum" : true, 
    "epochs" : 10, 
    "batch size" : 40, 
    "acc req" : 0.985, 
    "acc size" : 150, 
    "allow testing" : false, 
    "show output" : true
}