{
    "lWeights" : [
        [
            -63.519943, 
            -55.389927, 
            53.627219, 
            62.853858, 
            67.280036, 
            -50.603609, 
            63.779106, 
            95.529548, 
            -1.123923, 
            88.742539, 
            55.077225, 
            65.008998, 
            27.542484, 
            -55.799312, 
            -28.464945, 
            20.483066
        ], 
        [
            -49.094992, 
            25.04345, 
            -29.864531, 
            58.048859, 
            12.131132, 
            -71.047191, 
            -38.233317, 
            58.491786, 
            -16.107311, 
            -28.909354, 
            -8.59016, 
            -75.360271, 
            -77.297162, 
            64.827331, 
            69.168288, 
            -26.925944
        ], 
        [
            -45.36269, 
            61.74659, 
            33.845634, 
            -48.204036, 
            29.394503, 
            3.434892, 
            -31.101827, 
            54.341317
        ]
    ], 
    "lNodes" : [
        [
            0.0946743684601461, 
            0.8072045710522476, 
            -0.6775497016822107, 
            -0.2025787210053011
        ], 
        [
            1.0, 
            -1.0, 
            1.0, 
            1.0
        ], 
        [
            -1.0, 
            1.0, 
            1.0, 
            -1.0
        ], 
        [
            1.0, 
            -1.0
        ]
    ], 
    "weightRange" : 1.0, 
    "seed" : null, 
    "acFunction" : 2, 
    "learning" : 0.05, 
    "fMomentum" : 0.001, 
    "bMomentum" : true, 
    "epochs" : 10, 
    "batch size" : 40, 
    "acc req" : 0.985, 
    "acc size" : 150, 
    "allow testing" : false, 
    "show output" : true
}