{
    "child iterations" : 15, 
    "is fertile" : false, 
    "is classifier" : false, 
    "is child" : false, 
    "weights" : [
        [
            3.587492, 
            -2.345866, 
            2.227897, 
            -1.000464, 
            -2.833801, 
            -1.913227, 
            -0.06341616671047778, 
            4.565931, 
            -0.153357, 
            2.971096, 
            0.82505, 
            -1.344449, 
            -2.062725, 
            0.7598955624734112, 
            4.620773, 
            -4.945467, 
            2.211611, 
            1.820121, 
            0.479645, 
            0.0474, 
            0.38957935444892433, 
            -0.969843, 
            -2.280456, 
            -0.681935, 
            1.705616, 
            -1.439236, 
            1.324797, 
            0.7108140845762152, 
            2.083295, 
            -1.174483, 
            -1.287988, 
            1.790885, 
            -1.195581, 
            -1.44205, 
            -0.3510956457475216
        ], 
        [
            3.359138, 
            -4.326074, 
            -2.646591, 
            2.956565, 
            4.409928, 
            -2.031675, 
            1.039714, 
            -0.442698, 
            -1.303748, 
            1.281412, 
            -1.965247, 
            1.932759, 
            1.72852, 
            0.305709
        ]
    ], 
    "momentum weights" : [
        [
            3.587492, 
            -2.345866, 
            2.227897, 
            -1.000464, 
            -2.833801, 
            -1.913227, 
            -0.06341616671047778, 
            4.565931, 
            -0.153357, 
            2.971096, 
            0.82505, 
            -1.344449, 
            -2.062725, 
            0.7598955624734112, 
            4.620773, 
            -4.945467, 
            2.211611, 
            1.820121, 
            0.479645, 
            0.0474, 
            0.38957935444892433, 
            -0.969843, 
            -2.280456, 
            -0.681935, 
            1.705616, 
            -1.439236, 
            1.324797, 
            0.7108140845762152, 
            2.083295, 
            -1.174483, 
            -1.287988, 
            1.790885, 
            -1.195581, 
            -1.44205, 
            -0.3510956457475216
        ], 
        [
            3.359138, 
            -4.326074, 
            -2.646591, 
            2.956565, 
            4.409928, 
            -2.031675, 
            1.039714, 
            -0.442698, 
            -1.303748, 
            1.281412, 
            -1.965247, 
            1.932759, 
            1.72852, 
            0.305709
        ]
    ], 
    "nodes" : [
        [
            0.20921042194001543, 
            -0.3001979442238828, 
            0.1524414672496608, 
            0.23904089036798593, 
            1.0
        ], 
        [
            0.9591930598302029, 
            -0.9941788121101782, 
            -0.912065701433081, 
            0.9653506213123193, 
            -0.9296437249106806, 
            -0.7159007245210371, 
            0.7615941559557649
        ], 
        [
            0.9999973664648805, 
            -0.9999997773144669
        ]
    ], 
    "pre activation nodes" : [
        [
            0.0, 
            0.0, 
            0.0, 
            0.0, 
            0.0
        ], 
        [
            1.9357178970687907, 
            -2.918241637942188, 
            -1.5396747636305095, 
            2.0190730736200924, 
            -1.6557593443208776, 
            -0.8991848434533508, 
            1.0
        ], 
        [
            6.770164663111434, 
            -8.0053261475598
        ]
    ], 
    "average nodes" : [
        [
            0.0, 
            0.0, 
            0.0, 
            0.0, 
            0.0
        ], 
        [
            0.0, 
            0.0, 
            0.0, 
            0.0, 
            0.0, 
            0.0, 
            0.0
        ], 
        [
            0.0, 
            0.0
        ]
    ], 
    "input width" : 4, 
    "output width" : 2, 
    "hidden width" : 6, 
    "hidden length" : 1, 
    "hidden layer details" : {
        "items" : 3, 
        "0" : "is shallow", 
        "1" : "probabilities", 
        "2" : "width", 
        "is shallow" : true, 
        "probabilities" : {
            "2" : 0.85, 
            "3" : 0.12, 
            "1" : 0.03
        }, 
        "width" : {
            "no change" : 0.6, 
            "decrease" : 0.35, 
            "increase" : 0.05
        }
    }, 
    "weight range" : 1.0, 
    "activation function" : 2, 
    "learning rate" : 0.05, 
    "momentum active" : true, 
    "momentum" : 0.001, 
    "accuracy requirement" : 0.985, 
    "epochs" : 10, 
    "batch size" : 40, 
    "accuracy sample size" : 150, 
    "fitness sample size" : 15, 
    "allow testing" : false, 
    "show output" : true, 
    "use bias" : true, 
    "clear bias" : false, 
    "bias value" : 1.0, 
    "child" : null
}