{
    "child iterations" : 15, 
    "is fertile" : false, 
    "is classifier" : false, 
    "is child" : false, 
    "weights" : [
        [
            0.606789, 
            0.497806, 
            -0.820657, 
            0.857858, 
            -0.940819, 
            0.466428, 
            1.037743, 
            0.06735, 
            -0.228929, 
            0.664235, 
            0.9244532619756922, 
            1.105458, 
            -0.048697, 
            -1.03621, 
            1.116163, 
            0.152621, 
            -0.928289, 
            0.434391, 
            -0.05238, 
            0.758888, 
            0.148785, 
            -0.36293487167883254, 
            -0.767612, 
            -1.106157, 
            0.015354, 
            0.794879, 
            -0.849269, 
            0.984114, 
            -0.04327, 
            0.989896, 
            -0.244618, 
            -1.084703, 
            -0.8289752442868061, 
            0.036024, 
            0.971423, 
            -0.414192, 
            0.671687, 
            0.119269, 
            0.583938, 
            -0.755094, 
            0.32982, 
            -0.992316, 
            -0.075922, 
            -0.8703642095505957, 
            -0.142442, 
            0.862857, 
            0.571687, 
            -0.716828, 
            0.77709, 
            -0.659237, 
            -1.123798, 
            0.267207, 
            1.091604, 
            -0.593572, 
            0.10697511285644778, 
            0.770943, 
            0.469412, 
            -0.404935, 
            -0.962961, 
            -0.122781, 
            0.169896, 
            0.35014, 
            0.269823, 
            0.986707, 
            -0.923722, 
            0.04529156809847312, 
            -0.980538, 
            0.306312, 
            0.211442, 
            0.64431, 
            -1.014874, 
            0.033557, 
            0.389026, 
            1.044266, 
            -0.126049, 
            -0.318836, 
            0.9604869925448403, 
            -0.87632, 
            0.310185, 
            -1.154713, 
            0.251583, 
            -0.579061, 
            1.156549, 
            0.855969, 
            0.297966, 
            -0.951333, 
            0.406047, 
            0.38756475026326953, 
            0.271242, 
            0.044474, 
            0.050379, 
            0.355973, 
            0.66325, 
            -0.328223, 
            0.149146, 
            -0.017222, 
            0.37177, 
            0.103808, 
            0.3717365730345452, 
            -0.405981, 
            -0.005, 
            -0.108306, 
            0.527576, 
            0.890135, 
            0.218397, 
            0.63753, 
            -0.747286, 
            -0.32789, 
            -0.581579, 
            0.5512941957214239, 
            0.84618, 
            -0.162522, 
            0.366814, 
            0.975448, 
            0.593199, 
            -0.126715, 
            -0.246744, 
            -0.231261, 
            0.548571, 
            -0.683188, 
            0.9631530271560549
        ], 
        [
            -0.407064, 
            -0.239203, 
            0.59132, 
            0.917482, 
            -0.518136, 
            -0.774224, 
            -0.166946, 
            0.516324, 
            0.781584, 
            -0.848489, 
            0.197436
        ]
    ], 
    "momentum weights" : [
        [
            0.606789, 
            0.497806, 
            -0.820657, 
            0.857858, 
            -0.940819, 
            0.466428, 
            1.037743, 
            0.06735, 
            -0.228929, 
            0.664235, 
            0.9244532619756922, 
            1.105458, 
            -0.048697, 
            -1.03621, 
            1.116163, 
            0.152621, 
            -0.928289, 
            0.434391, 
            -0.05238, 
            0.758888, 
            0.148785, 
            -0.36293487167883254, 
            -0.767612, 
            -1.106157, 
            0.015354, 
            0.794879, 
            -0.849269, 
            0.984114, 
            -0.04327, 
            0.989896, 
            -0.244618, 
            -1.084703, 
            -0.8289752442868061, 
            0.036024, 
            0.971423, 
            -0.414192, 
            0.671687, 
            0.119269, 
            0.583938, 
            -0.755094, 
            0.32982, 
            -0.992316, 
            -0.075922, 
            -0.8703642095505957, 
            -0.142442, 
            0.862857, 
            0.571687, 
            -0.716828, 
            0.77709, 
            -0.659237, 
            -1.123798, 
            0.267207, 
            1.091604, 
            -0.593572, 
            0.10697511285644778, 
            0.770943, 
            0.469412, 
            -0.404935, 
            -0.962961, 
            -0.122781, 
            0.169896, 
            0.35014, 
            0.269823, 
            0.986707, 
            -0.923722, 
            0.04529156809847312, 
            -0.980538, 
            0.306312, 
            0.211442, 
            0.64431, 
            -1.014874, 
            0.033557, 
            0.389026, 
            1.044266, 
            -0.126049, 
            -0.318836, 
            0.9604869925448403, 
            -0.87632, 
            0.310185, 
            -1.154713, 
            0.251583, 
            -0.579061, 
            1.156549, 
            0.855969, 
            0.297966, 
            -0.951333, 
            0.406047, 
            0.38756475026326953, 
            0.271242, 
            0.044474, 
            0.050379, 
            0.355973, 
            0.66325, 
            -0.328223, 
            0.149146, 
            -0.017222, 
            0.37177, 
            0.103808, 
            0.3717365730345452, 
            -0.405981, 
            -0.005, 
            -0.108306, 
            0.527576, 
            0.890135, 
            0.218397, 
            0.63753, 
            -0.747286, 
            -0.32789, 
            -0.581579, 
            0.5512941957214239, 
            0.84618, 
            -0.162522, 
            0.366814, 
            0.975448, 
            0.593199, 
            -0.126715, 
            -0.246744, 
            -0.231261, 
            0.548571, 
            -0.683188, 
            0.9631530271560549
        ], 
        [
            -0.407064, 
            -0.239203, 
            0.59132, 
            0.917482, 
            -0.518136, 
            -0.774224, 
            -0.166946, 
            0.516324, 
            0.781584, 
            -0.848489, 
            0.197436
        ]
    ], 
    "nodes" : [
        [
            -1.0, 
            -1.0, 
            0.9999999999999954, 
            -0.8012295488348963, 
            -1.0, 
            -0.546067415730337, 
            -0.9999999999999919, 
            -0.10932135728542441, 
            1.0, 
            0.850806451612903, 
            1.0
        ], 
        [
            -0.7347247836511364, 
            -0.9992055580931427, 
            0.9700626587228062, 
            0.5606802806625372, 
            0.9769254168809105, 
            0.8059811610778149, 
            -0.015586213469482654, 
            -0.9308879231781116, 
            -0.628235955081672, 
            -0.9118932976372779, 
            0.7615941559557649
        ], 
        [
            0.42270008725558494
        ]
    ],