{
    "child iterations" : 15, 
    "is fertile" : false, 
    "is classifier" : false, 
    "is child" : false, 
    "weights" : [
        [
            -0.527342, 
            0.185221, 
            0.070267, 
            0.344735, 
            0.744943, 
            1.023477, 
            0.606125, 
            0.324721, 
            0.239876, 
            -0.600839063215759, 
            -0.156213, 
            0.152438, 
            0.875868, 
            1.03115, 
            -0.57023, 
            0.982518, 
            0.476298, 
            -0.573823, 
            -0.320473, 
            -0.8111507958888815, 
            -0.211719, 
            -0.315298, 
            0.279076, 
            -0.948829, 
            -0.283781, 
            1.014419, 
            -0.74447, 
            -0.725601, 
            -0.70956, 
            0.7309580333979473, 
            0.104731, 
            -0.339939, 
            0.64714, 
            -0.788556, 
            -0.915689, 
            -0.17782, 
            0.526709, 
            0.192984, 
            -0.614826, 
            -0.49305652346389106, 
            -0.656819, 
            -0.662156, 
            0.805711, 
            0.190039, 
            0.882442, 
            0.466112, 
            -0.094584, 
            -0.732337, 
            -0.877059, 
            -0.7023305384624527, 
            0.221487, 
            0.470643, 
            0.580847, 
            0.386365, 
            -0.273536, 
            -0.124351, 
            -0.273567, 
            1.031754, 
            -1.003705, 
            0.7986144290260406, 
            -0.664328, 
            -0.459352, 
            0.637059, 
            0.384444, 
            0.496738, 
            -0.287795, 
            0.401502, 
            0.227606, 
            0.107187, 
            0.9530884210885544, 
            -0.483395, 
            0.698415, 
            0.211763, 
            0.65064, 
            0.329099, 
            0.809967, 
            0.881009, 
            -0.35136, 
            -0.09349, 
            -0.33973332409253176, 
            0.712161, 
            0.098021, 
            -0.237305, 
            -0.974543, 
            1.040116, 
            -0.336566, 
            0.783462, 
            -0.664349, 
            -0.101946, 
            -0.37231980508975715, 
            0.328195, 
            0.082373, 
            0.076778, 
            -0.10527, 
            0.226356, 
            -0.300822, 
            -0.679728, 
            -0.299046, 
            1.042303, 
            0.8574238397276237, 
            -0.224086, 
            0.45539, 
            0.507221, 
            0.478421, 
            -0.687155, 
            -0.301755, 
            0.441338, 
            -0.084471, 
            -0.258337, 
            0.9730243265940637
        ], 
        [
            1.043197, 
            0.342177, 
            -0.397411, 
            -0.93219, 
            0.944448, 
            -0.137509, 
            0.107583, 
            0.709758, 
            0.125968, 
            -0.442624, 
            0.5145952354874983, 
            0.695205, 
            -0.050706, 
            0.255615, 
            0.481306, 
            0.398645, 
            0.254271, 
            -0.823478, 
            0.366157, 
            -0.733963, 
            -0.946601, 
            0.8003943266093712, 
            0.875539, 
            -0.512166, 
            0.682205, 
            0.993288, 
            0.360821, 
            -0.951237, 
            0.542066, 
            1.021189, 
            -0.453024, 
            -0.397542, 
            0.663638449539284, 
            0.916612, 
            0.628211, 
            -0.26271, 
            -0.102586, 
            -0.103732, 
            0.112775, 
            0.80365, 
            0.727651, 
            0.846575, 
            -0.80646, 
            -0.5067639326749565, 
            -0.163533, 
            -0.199229, 
            0.524033, 
            1.069799, 
            -0.373022, 
            -0.801458, 
            0.222642, 
            0.942064, 
            0.3616, 
            -0.04791, 
            -0.4414214423069853, 
            -0.432627, 
            0.617504, 
            -1.060776, 
            -0.876212, 
            0.97938, 
            -0.790824, 
            -0.886782, 
            0.286002, 
            -0.55615, 
            0.317052, 
            -0.2553664869896066, 
            -0.521935, 
            -0.789226, 
            -0.508132, 
            0.049492, 
            -0.535686, 
            0.794435, 
            -0.896763, 
            0.478735, 
            0.587084, 
            0.888316, 
            -0.9963066745006377, 
            0.135981, 
            0.978192, 
            0.076965, 
            0.057447, 
            -1.036707, 
            0.863368, 
            -0.419545, 
            -0.03612, 
            -0.547361, 
            0.544529, 
            0.9900247607680621, 
            -0.432228, 
            0.369747, 
            -0.980466, 
            0.224727, 
            0.041647, 
            0.920615, 
            0.744615, 
            -0.15136, 
            -1.00075, 
            0.473054, 
            -0.9164785855665287, 
            -0.794932, 
            0.256237, 
            -0.296891, 
            0.663341, 
            -0.698014, 
            -0.075924, 
            -0.55354, 
            -0.158567, 
            -0.369499, 
            0.875464, 
            -0.008795880242292053
        ], 
        [
            0.21394, 
            -0.455197, 
            -0.078476, 
            0.848881, 
            -0.75612, 
            -0.085953, 
            -0.326828, 
            -0.539444, 
            -1.142442, 
            -0.948999, 
            -0.521654
        ]
    ],