{
    "child iterations" : 15, 
    "is fertile" : false, 
    "is classifier" : false, 
    "is child" : false, 
    "weights" : [
        [
            -3.110959, 
            4.028859, 
            4.902759, 
            0.39621622716821925, 
            1.570473, 
            4.358314, 
            4.597636, 
            0.7150306478895383, 
            -0.780362, 
            7.006151, 
            2.255973, 
            0.4126781241528663, 
            -2.048424, 
            -0.625908, 
            0.753027, 
            -0.28301579736508686, 
            2.416741, 
            2.784011, 
            2.399924, 
            -0.6489647633285622
        ], 
        [
            -1.973178, 
            -2.4362, 
            -0.512493, 
            0.8897726675096922, 
            2.319012, 
            3.542031, 
            -2.649015, 
            -0.9704091441410962, 
            2.681488, 
            0.618091, 
            -3.154622, 
            0.39148589094930264, 
            -0.166951, 
            -1.656729, 
            2.090504, 
            -0.4479425558973622
        ], 
        [
            2.742485, 
            -0.903449, 
            1.18896, 
            -3.002093, 
            -2.753613, 
            3.11952, 
            -1.378856, 
            -0.570337
        ]
    ], 
    "momentum weights" : [
        [
            -3.110959, 
            4.028859, 
            4.902759, 
            0.39621622716821925, 
            1.570473, 
            4.358314, 
            4.597636, 
            0.7150306478895383, 
            -0.780362, 
            7.006151, 
            2.255973, 
            0.4126781241528663, 
            -2.048424, 
            -0.625908, 
            0.753027, 
            -0.28301579736508686, 
            2.416741, 
            2.784011, 
            2.399924, 
            -0.6489647633285622
        ], 
        [
            -1.973178, 
            -2.4362, 
            -0.512493, 
            0.8897726675096922, 
            2.319012, 
            3.542031, 
            -2.649015, 
            -0.9704091441410962, 
            2.681488, 
            0.618091, 
            -3.154622, 
            0.39148589094930264, 
            -0.166951, 
            -1.656729, 
            2.090504, 
            -0.4479425558973622
        ], 
        [
            2.742485, 
            -0.903449, 
            1.18896, 
            -3.002093, 
            -2.753613, 
            3.11952, 
            -1.378856, 
            -0.570337
        ]
    ], 
    "nodes" : [
        [
            -0.3355111813022377, 
            -0.661481700449397, 
            0.23017209813255224, 
            0.4636133009629285, 
            1.0
        ], 
        [
            0.8597457757831413, 
            -0.12752192564599865, 
            -0.8891564923225901, 
            0.7615941559557649
        ], 
        [
            -0.9997549653030238, 
            -0.9996718648349314, 
            0.9996276078751798, 
            0.7615941559557649
        ], 
        [
            -0.999999616164292, 
            0.9999962113914931
        ]
    ], 
    "pre activation nodes" : [
        [
            0.0, 
            0.0, 
            0.0, 
            0.0, 
            0.0
        ], 
        [
            1.2923692072683617, 
            -0.12821999667819073, 
            -1.4178831711329423, 
            1.0
        ], 
        [
            -4.503567696420494, 
            -4.357534022679311, 
            4.294262063522529, 
            1.0
        ], 
        [
            -7.733099104141743, 
            6.588328520559383
        ]
    ], 
    "average nodes" : [
        [
            0.0, 
            0.0, 
            0.0, 
            0.0, 
            0.0
        ], 
        [
            0.0, 
            0.0, 
            0.0, 
            0.0
        ], 
        [
            0.0, 
            0.0, 
            0.0, 
            0.0
        ], 
        [
            0.0, 
            0.0
        ]
    ], 
    "input width" : 4, 
    "output width" : 2, 
    "hidden width" : 4, 
    "hidden length" : 2, 
    "hidden layer details" : {
        "items" : 3, 
        "0" : "is shallow", 
        "1" : "probabilities", 
        "2" : "width", 
        "is shallow" : true, 
        "probabilities" : {
            "2" : 0.85, 
            "3" : 0.12, 
            "1" : 0.03
        }, 
        "width" : {
            "no change" : 0.6, 
            "decrease" : 0.35, 
            "increase" : 0.05
        }
    }, 
    "weight range" : 1.0, 
    "activation function" : 2, 
    "learning rate" : 0.05, 
    "momentum active" : true, 
    "momentum" : 0.001, 
    "accuracy requirement" : 0.985, 
    "epochs" : 10, 
    "batch size" : 40, 
    "accuracy sample size" : 150, 
    "fitness sample size" : 15, 
    "allow testing" : false, 
    "show output" : true, 
    "use bias" : true, 
    "clear bias" : false, 
    "bias value" : 1.0, 
    "child" : null
}