{
    "child iterations" : 15, 
    "is fertile" : false, 
    "is classifier" : false, 
    "is child" : false, 
    "weights" : [
        [
            3.616287, 
            -2.007511, 
            4.492566, 
            3.991641, 
            -0.5050376796817249, 
            0.595921, 
            -2.750196, 
            6.057469, 
            -1.086829, 
            0.9938478181735841, 
            2.757915, 
            1.644396, 
            4.720942, 
            4.507377, 
            0.030364679289379914, 
            -1.443722, 
            0.931302, 
            0.199339, 
            -0.986297, 
            0.17428497140385968, 
            1.0233, 
            -2.306698, 
            0.788309, 
            1.822621, 
            0.7499911585444128
        ], 
        [
            2.150583, 
            -0.362201, 
            1.216354, 
            -1.120847, 
            0.957986366802726, 
            1.451902, 
            -1.411785, 
            -2.946203, 
            1.779305, 
            0.3930869656629259, 
            2.134773, 
            1.288186, 
            1.946793, 
            -3.568334, 
            -0.6623175233266818, 
            -0.355305, 
            2.36226, 
            1.156534, 
            -2.444885, 
            -0.033722293673713155, 
            2.610581, 
            2.486279, 
            -0.219052, 
            0.545843, 
            -0.6660580093979409
        ], 
        [
            1.116841, 
            -1.840505, 
            -0.838939, 
            -0.642674, 
            0.6026601544194172, 
            2.244576, 
            -3.569476, 
            -2.037462, 
            -2.342232, 
            -0.3881818325253883, 
            1.817057, 
            -0.712591, 
            -2.161117, 
            0.234108, 
            0.5700518186571382, 
            -2.48254, 
            -2.237031, 
            0.688423, 
            -4.449685, 
            0.511713123295257, 
            2.008072, 
            2.045056, 
            1.977008, 
            2.1332, 
            0.6299075062424191
        ], 
        [
            2.209269, 
            -0.027297, 
            -1.149266, 
            1.491936, 
            -0.524525, 
            1.476196, 
            2.487716, 
            -2.663805, 
            -1.583265, 
            0.003812
        ]
    ], 
    "momentum weights" : [
        [
            3.616287, 
            -2.007511, 
            4.492566, 
            3.991641, 
            -0.5050376796817249, 
            0.595921, 
            -2.750196, 
            6.057469, 
            -1.086829, 
            0.9938478181735841, 
            2.757915, 
            1.644396, 
            4.720942, 
            4.507377, 
            0.030364679289379914, 
            -1.443722, 
            0.931302, 
            0.199339, 
            -0.986297, 
            0.17428497140385968, 
            1.0233, 
            -2.306698, 
            0.788309, 
            1.822621, 
            0.7499911585444128
        ], 
        [
            2.150583, 
            -0.362201, 
            1.216354, 
            -1.120847, 
            0.957986366802726, 
            1.451902, 
            -1.411785, 
            -2.946203, 
            1.779305, 
            0.3930869656629259, 
            2.134773, 
            1.288186, 
            1.946793, 
            -3.568334, 
            -0.6623175233266818, 
            -0.355305, 
            2.36226, 
            1.156534, 
            -2.444885, 
            -0.033722293673713155, 
            2.610581, 
            2.486279, 
            -0.219052, 
            0.545843, 
            -0.6660580093979409
        ], 
        [
            1.116841, 
            -1.840505, 
            -0.838939, 
            -0.642674, 
            0.6026601544194172, 
            2.244576, 
            -3.569476, 
            -2.037462, 
            -2.342232, 
            -0.3881818325253883, 
            1.817057, 
            -0.712591, 
            -2.161117, 
            0.234108, 
            0.5700518186571382, 
            -2.48254, 
            -2.237031, 
            0.688423, 
            -4.449685, 
            0.511713123295257, 
            2.008072, 
            2.045056, 
            1.977008, 
            2.1332, 
            0.6299075062424191
        ], 
        [
            2.209269, 
            -0.027297, 
            -1.149266, 
            1.491936, 
            -0.524525, 
            1.476196, 
            2.487716, 
            -2.663805, 
            -1.583265, 
            0.003812
        ]
    ], 
    "nodes" : [
        [
            -0.015570891835954696, 
            0.6318985807137217, 
            -0.38217847373295705, 
            -0.15202269565454601, 
            1.0
        ], 
        [
            0.4691778359229228, 
            -0.9998599561341196, 
            0.9912112918449739, 
            -0.46131542641503137, 
            0.7615941559557649
        ], 
        [
            0.9990491809488274, 
            0.9974013426717292, 
            0.9998490462094547, 
            -0.9996306257496187, 
            0.7615941559557649
        ], 
        [
            0.9999999788448081, 
            -0.9807831943153402, 
            -0.9995624206233861, 
            0.9974335040946729, 
            0.7615941559557649
        ], 
        [
            0.9999308636309517, 
            -0.9999737336491729
        ]
    ], 
    "pre activation nodes" : [
        [
            0.0, 
            0.0, 
            0.0, 
            0.0, 
            0.0
        ], 
        [
            0.5090155852232768, 
            -4.783316006445116, 
            2.7115153442945847, 
            -0.49898104658051845, 
            1.0
        ], 
        [
            3.825429221838906, 
            3.32230369329067, 
            4.745804245839251, 
            -4.2983313378041865, 
            1.0
        ], 
        [
            9.182263824373884, 
            -2.3177312029506076, 
            -4.213590401648328, 
            3.328538439967736, 
            1.0
        ], 
        [
            5.1362711262810645, 
            -5.620177960743545
        ]
    ], 
    "average nodes" : [
        [
            0.0, 
            0.0, 
            0.0, 
            0.0, 
            0.0
        ], 
        [
            0.0, 
            0.0, 
            0.0, 
            0.0, 
            0.0
        ], 
        [
            0.0, 
            0.0, 
            0.0, 
            0.0, 
            0.0
        ], 
        [
            0.0, 
            0.0, 
            0.0, 
            0.0, 
            0.0
        ], 
        [
            0.0, 
            0.0
        ]
    ], 
    "input width" : 4, 
    "output width" : 2, 
    "hidden width" : 4, 
    "hidden length" : 3, 
    "hidden layer details" : {
        "items" : 3, 
        "0" : "is shallow", 
        "1" : "probabilities", 
        "2" : "width", 
        "is shallow" : true, 
        "probabilities" : {
            "1" : 0.03, 
            "2" : 0.8, 
            "3" : 0.17
        }, 
        "width" : {
            "no change" : 0.6, 
            "decrease" : 0.35, 
            "increase" : 0.05
        }
    }, 
    "weight range" : 1.0, 
    "activation function" : 2, 
    "learning rate" : 0.05, 
    "momentum active" : true, 
    "momentum" : 0.001, 
    "accuracy requirement" : 0.97, 
    "epochs" : 8, 
    "batch size" : 20, 
    "accuracy sample size" : 150, 
    "fitness sample size" : 15, 
    "allow testing" : false, 
    "show output" : true, 
    "use bias" : true, 
    "clear bias" : false, 
    "bias value" : 1.0, 
    "child" : null
}