{
    "child iterations" : 15, 
    "is fertile" : false, 
    "is classifier" : false, 
    "is child" : false, 
    "weights" : [
        [
            5.802832, 
            -2.77096, 
            -3.708336, 
            3.107319, 
            2.700846, 
            0.087026, 
            -0.02255362602514155, 
            4.189243, 
            -0.428897, 
            -3.505172, 
            -2.513146, 
            3.762747, 
            -2.179032, 
            0.7789562555541794, 
            1.504731, 
            1.539994, 
            -3.229191, 
            -0.499011, 
            9.286208, 
            0.959142, 
            -0.820270861657562, 
            0.939155, 
            0.555914, 
            0.311653, 
            -0.946125, 
            -2.020867, 
            -0.571804, 
            -0.9237670088528347, 
            0.073896, 
            2.812224, 
            -0.250729, 
            -2.396608, 
            4.70433, 
            0.959651, 
            0.37046581785900967
        ], 
        [
            -2.873845, 
            2.617191, 
            -1.778212, 
            -2.128298, 
            2.411863, 
            -0.303356, 
            -0.22031105947127627, 
            1.773395, 
            -1.481816, 
            -1.98925, 
            -2.001757, 
            -0.366525, 
            -0.586353, 
            0.09630653991536797, 
            -0.110991, 
            -0.547643, 
            4.138251, 
            2.53956, 
            -1.160971, 
            0.39518, 
            -0.8425692668430294, 
            -0.26759, 
            1.374135, 
            1.420316, 
            -0.856436, 
            1.814258, 
            -2.588869, 
            -0.20239264325480977, 
            -3.01935, 
            1.566896, 
            -3.233248, 
            -2.486922, 
            2.617631, 
            -2.873016, 
            0.6838947863635889, 
            -1.056612, 
            1.784405, 
            -0.557771, 
            0.106235, 
            -1.602404, 
            2.913051, 
            -0.45361175192087133, 
            1.703843, 
            -0.592038, 
            2.081891, 
            2.550182, 
            2.479019, 
            -1.67373, 
            0.7712621286274655
        ], 
        [
            1.101243, 
            3.097058, 
            2.873192, 
            -0.943842, 
            -3.246767, 
            1.346784, 
            -3.808888, 
            -0.695728, 
            -0.681439, 
            -3.031541, 
            -1.431021, 
            1.875031, 
            3.517935, 
            -1.490324
        ]
    ], 
    "momentum weights" : [
        [
            5.802832, 
            -2.77096, 
            -3.708336, 
            3.107319, 
            2.700846, 
            0.087026, 
            -0.02255362602514155, 
            4.189243, 
            -0.428897, 
            -3.505172, 
            -2.513146, 
            3.762747, 
            -2.179032, 
            0.7789562555541794, 
            1.504731, 
            1.539994, 
            -3.229191, 
            -0.499011, 
            9.286208, 
            0.959142, 
            -0.820270861657562, 
            0.939155, 
            0.555914, 
            0.311653, 
            -0.946125, 
            -2.020867, 
            -0.571804, 
            -0.9237670088528347, 
            0.073896, 
            2.812224, 
            -0.250729, 
            -2.396608, 
            4.70433, 
            0.959651, 
            0.37046581785900967
        ], 
        [
            -2.873845, 
            2.617191, 
            -1.778212, 
            -2.128298, 
            2.411863, 
            -0.303356, 
            -0.22031105947127627, 
            1.773395, 
            -1.481816, 
            -1.98925, 
            -2.001757, 
            -0.366525, 
            -0.586353, 
            0.09630653991536797, 
            -0.110991, 
            -0.547643, 
            4.138251, 
            2.53956, 
            -1.160971, 
            0.39518, 
            -0.8425692668430294, 
            -0.26759, 
            1.374135, 
            1.420316, 
            -0.856436, 
            1.814258, 
            -2.588869, 
            -0.20239264325480977, 
            -3.01935, 
            1.566896, 
            -3.233248, 
            -2.486922, 
            2.617631, 
            -2.873016, 
            0.6838947863635889, 
            -1.056612, 
            1.784405, 
            -0.557771, 
            0.106235, 
            -1.602404, 
            2.913051, 
            -0.45361175192087133, 
            1.703843, 
            -0.592038, 
            2.081891, 
            2.550182, 
            2.479019, 
            -1.67373, 
            0.7712621286274655
        ], 
        [
            1.101243, 
            3.097058, 
            2.873192, 
            -0.943842, 
            -3.246767, 
            1.346784, 
            -3.808888, 
            -0.695728, 
            -0.681439, 
            -3.031541, 
            -1.431021, 
            1.875031, 
            3.517935, 
            -1.490324
        ]
    ], 
    "nodes" : [
        [
            -0.6846158838673388, 
            -0.4110766444525102, 
            0.40158959226312274, 
            0.4050592396592014, 
            1.0
        ], 
        [
            -0.9998120587575643, 
            0.9999788794540055, 
            0.988080616589275, 
            -0.9994220799689187, 
            0.9995672877075846, 
            0.9602717342308785, 
            0.7615941559557649
        ], 
        [
            0.9686156638577188, 
            -0.9965753940005728, 
            0.26938038189490243, 
            0.9955223969536628, 
            -0.992216646964245, 
            0.8730216065296589, 
            0.7615941559557649
        ], 
        [
            -0.9996715525162415, 
            0.9999986931506458
        ]
    ], 
    "pre activation nodes" : [
        [
            0.0, 
            0.0, 
            0.0, 
            0.0, 
            0.0
        ], 
        [
            -4.636217194872026, 
            5.729200433840351, 
            2.558379502493729, 
            -4.074466616090902, 
            4.219184151754861, 
            1.949387732033549, 
            1.0
        ], 
        [
            2.0693884732695764, 
            -3.1841011302212996, 
            0.2761956030388144, 
            3.0497866396053945, 
            -2.7725079819714926, 
            1.3456456481674282, 
            1.0
        ], 
        [
            -4.357058271472205, 
            7.120518958949242
        ]
    ], 
    "average nodes" : [
        [
            0.0, 
            0.0, 
            0.0, 
            0.0, 
            0.0
        ], 
        [
            0.0, 
            0.0, 
            0.0, 
            0.0, 
            0.0, 
            0.0, 
            0.0
        ], 
        [
            0.0, 
            0.0, 
            0.0, 
            0.0, 
            0.0, 
            0.0, 
            0.0
        ], 
        [
            0.0, 
            0.0
        ]
    ], 
    "input width" : 4, 
    "output width" : 2, 
    "hidden width" : 6, 
    "hidden length" : 2, 
    "hidden layer details" : {
        "items" : 3, 
        "0" : "is shallow", 
        "1" : "probabilities", 
        "2" : "width", 
        "is shallow" : true, 
        "probabilities" : {
            "2" : 0.85, 
            "3" : 0.12, 
            "1" : 0.03
        }, 
        "width" : {
            "no change" : 0.6, 
            "decrease" : 0.35, 
            "increase" : 0.05
        }
    }, 
    "weight range" : 1.0, 
    "activation function" : 2, 
    "learning rate" : 0.05, 
    "momentum active" : true, 
    "momentum" : 0.001, 
    "accuracy requirement" : 0.985, 
    "epochs" : 10, 
    "batch size" : 40, 
    "accuracy sample size" : 150, 
    "fitness sample size" : 15, 
    "allow testing" : false, 
    "show output" : true, 
    "use bias" : true,