{
    "child iterations" : 15, 
    "is fertile" : false, 
    "is classifier" : false, 
    "is child" : false, 
    "weights" : [
        [
            -0.541293, 
            -1.437578, 
            4.304025, 
            -2.241484, 
            -0.606844636567345, 
            -2.991461, 
            0.052719, 
            2.406654, 
            -1.894125, 
            -0.3915539267446222, 
            -5.865363, 
            0.36829, 
            1.629951, 
            1.243941, 
            0.7090399747940235, 
            -0.65324, 
            1.253189, 
            -1.00806, 
            -0.324261, 
            0.9066677076769112, 
            -2.876634, 
            -0.808506, 
            1.202886, 
            1.323127, 
            0.056838672056500616
        ], 
        [
            -2.077498, 
            3.142842, 
            2.930083, 
            -0.28344229003937915, 
            1.910523, 
            -2.054624, 
            2.006545, 
            0.04414109583090253, 
            1.737601, 
            -2.572932, 
            -2.423596, 
            -0.29654213344351743, 
            -1.726356, 
            0.019963, 
            -0.174027, 
            0.20696140482978453, 
            0.619593, 
            -1.50528, 
            2.498201, 
            -0.5911503960851989
        ], 
        [
            2.126876, 
            -1.81364, 
            -1.20945, 
            2.061369, 
            -2.879799, 
            2.934521, 
            -1.121212, 
            1.86988
        ]
    ], 
    "momentum weights" : [
        [
            -0.541293, 
            -1.437578, 
            4.304025, 
            -2.241484, 
            -0.606844636567345, 
            -2.991461, 
            0.052719, 
            2.406654, 
            -1.894125, 
            -0.3915539267446222, 
            -5.865363, 
            0.36829, 
            1.629951, 
            1.243941, 
            0.7090399747940235, 
            -0.65324, 
            1.253189, 
            -1.00806, 
            -0.324261, 
            0.9066677076769112, 
            -2.876634, 
            -0.808506, 
            1.202886, 
            1.323127, 
            0.056838672056500616
        ], 
        [
            -2.077498, 
            3.142842, 
            2.930083, 
            -0.28344229003937915, 
            1.910523, 
            -2.054624, 
            2.006545, 
            0.04414109583090253, 
            1.737601, 
            -2.572932, 
            -2.423596, 
            -0.29654213344351743, 
            -1.726356, 
            0.019963, 
            -0.174027, 
            0.20696140482978453, 
            0.619593, 
            -1.50528, 
            2.498201, 
            -0.5911503960851989
        ], 
        [
            2.126876, 
            -1.81364, 
            -1.20945, 
            2.061369, 
            -2.879799, 
            2.934521, 
            -1.121212, 
            1.86988
        ]
    ], 
    "nodes" : [
        [
            0.4916816303571815, 
            0.5606685949701962, 
            -0.6587933745449845, 
            0.5950662411231439, 
            1.0
        ], 
        [
            -0.8727857573917157, 
            -0.7542217110264472, 
            0.9950028644277099, 
            -0.9520653933751834, 
            0.7615941559557649
        ], 
        [
            0.9995650920439497, 
            -0.9998932119055662, 
            -0.9997068416433066, 
            0.7615941559557649
        ], 
        [
            0.9999558320486955, 
            -0.9999578390528546
        ]
    ], 
    "pre activation nodes" : [
        [
            0.0, 
            0.0, 
            0.0, 
            0.0, 
            0.0
        ], 
        [
            -1.344654848169056, 
            -0.982675351411683, 
            2.994767951197902, 
            -1.8534027735251541, 
            1.0
        ], 
        [
            4.216652923743554, 
            -4.918878949039251, 
            -4.413899109526942, 
            1.0
        ], 
        [
            5.360318105915333, 
            -5.383571144174547
        ]
    ], 
    "average nodes" : [
        [
            0.0, 
            0.0, 
            0.0, 
            0.0, 
            0.0
        ], 
        [
            0.0, 
            0.0, 
            0.0, 
            0.0, 
            0.0
        ], 
        [
            0.0, 
            0.0, 
            0.0, 
            0.0
        ], 
        [
            0.0, 
            0.0
        ]
    ], 
    "input width" : 4, 
    "output width" : 2, 
    "hidden width" : 4, 
    "hidden length" : 2, 
    "hidden layer details" : {
        "items" : 3, 
        "0" : "is shallow", 
        "1" : "probabilities", 
        "2" : "width", 
        "is shallow" : true, 
        "probabilities" : {
            "2" : 0.85, 
            "3" : 0.12, 
            "1" : 0.03
        }, 
        "width" : {
            "no change" : 0.6, 
            "decrease" : 0.35, 
            "increase" : 0.05
        }
    }, 
    "weight range" : 1.0, 
    "activation function" : 2, 
    "learning rate" : 0.05, 
    "momentum active" : true, 
    "momentum" : 0.001, 
    "accuracy requirement" : 0.985, 
    "epochs" : 10, 
    "batch size" : 40, 
    "accuracy sample size" : 150, 
    "fitness sample size" : 15, 
    "allow testing" : false, 
    "show output" : true, 
    "use bias" : true, 
    "clear bias" : false, 
    "bias value" : 1.0, 
    "child" : null
}