{
    "child iterations" : 15, 
    "is fertile" : false, 
    "is classifier" : false, 
    "is child" : false, 
    "weights" : [
        [
            0.929895, 
            -0.720468, 
            0.639507, 
            0.288578, 
            0.476222, 
            0.464855, 
            -0.422979, 
            0.986667, 
            0.630782, 
            0.098585, 
            -0.9881790680242193, 
            -0.989659, 
            0.680036, 
            -1.051016, 
            0.586903, 
            0.995525, 
            -0.74953, 
            0.840695, 
            0.188167, 
            -0.765629, 
            0.491351, 
            0.23227382767969806, 
            0.271768, 
            -0.265956, 
            -0.058468, 
            -0.297328, 
            -0.823327, 
            -0.869888, 
            0.44439, 
            0.835472, 
            -0.702084, 
            0.263818, 
            0.48450594087620313, 
            0.521854, 
            0.533221, 
            -0.02143, 
            -1.002928, 
            0.809778, 
            -0.660401, 
            -0.120813, 
            -0.011257, 
            -0.027698, 
            0.012362, 
            -0.2482165825331819, 
            1.076449, 
            0.898018, 
            -0.930913, 
            -0.119972, 
            -0.006369, 
            0.60749, 
            -0.529255, 
            -0.030158, 
            -0.064468, 
            -0.178536, 
            0.24512943455595027, 
            0.361881, 
            0.989096, 
            0.415392, 
            0.705477, 
            0.959828, 
            0.60652, 
            -0.180719, 
            -0.393858, 
            -0.404566, 
            -0.98227, 
            0.9106727066774474, 
            0.574782, 
            0.94792, 
            0.024996, 
            0.138368, 
            -0.27023, 
            0.443191, 
            0.23853, 
            -0.650935, 
            -0.726307, 
            -0.328228, 
            0.28919593115975806, 
            -0.744687, 
            -0.601747, 
            0.46311, 
            0.827466, 
            0.543557, 
            0.866695, 
            -0.024217, 
            -0.626731, 
            -0.703608, 
            -1.006792, 
            0.5415961681820143, 
            -0.399885, 
            0.711476, 
            1.042879, 
            -0.720741, 
            -0.236855, 
            -0.711825, 
            -0.371861, 
            -0.982169, 
            -0.509653, 
            0.229152, 
            0.08264546965102726, 
            -0.574309, 
            0.666682, 
            0.832067, 
            -0.576615, 
            -0.738945, 
            -0.720244, 
            0.112129, 
            -0.543052, 
            -0.94769, 
            0.011927, 
            -0.8805652264494697, 
            0.725336, 
            -0.059509, 
            -0.056848, 
            0.244267, 
            0.109023, 
            -0.326269, 
            -0.677524, 
            0.455135, 
            -0.864678, 
            0.816852, 
            0.9041828616822429
        ], 
        [
            -0.224668, 
            0.516454, 
            0.387684, 
            0.123689, 
            -0.002022, 
            -0.546153, 
            -0.463028, 
            -0.358463, 
            -0.390072, 
            0.4998, 
            0.8713554370915562, 
            -0.425188, 
            -0.630325, 
            -0.302782, 
            0.681397, 
            -0.034293, 
            -0.153849, 
            -0.649307, 
            -0.769041, 
            -0.309181, 
            0.669884, 
            0.523026328327056, 
            0.071235, 
            0.222737, 
            0.526416, 
            -0.785576, 
            1.014869, 
            -0.587726, 
            -0.530555, 
            -0.365443, 
            0.637502, 
            0.308663, 
            -0.5869055702246162, 
            -0.09057, 
            -0.468732, 
            -0.201967, 
            0.474551, 
            0.246946, 
            0.87525, 
            0.867553, 
            0.220704, 
            -0.100428, 
            -0.597499, 
            -0.27252333444658094, 
            -0.262605, 
            -0.418764, 
            0.563872, 
            -0.232504, 
            0.641028, 
            0.508305, 
            -0.298874, 
            0.335882, 
            0.090581, 
            -0.081186, 
            -0.48562068858635277, 
            0.933502, 
            0.152778, 
            0.143576, 
            -0.778097, 
            0.195574, 
            0.387834, 
            0.046801, 
            -0.04129, 
            -0.480289, 
            -0.25462, 
            -0.20236562963645732, 
            -0.290924, 
            -0.770591, 
            -0.661935, 
            -0.328319, 
            0.725783, 
            0.491779, 
            0.494041, 
            -0.761845, 
            0.870412, 
            0.056739, 
            0.15330095556775536, 
            0.967142, 
            -0.255683, 
            -0.109041, 
            0.247494, 
            -0.144303, 
            0.215749, 
            0.425418, 
            0.050533, 
            0.768508, 
            -0.915358, 
            0.3064377559331133, 
            0.118156, 
            -0.902831, 
            -0.141886, 
            0.089466, 
            0.701829, 
            0.050127, 
            -0.147734, 
            -0.645358, 
            0.650737, 
            -0.762368, 
            0.062033877600220055, 
            -0.363547, 
            0.166592, 
            -0.272597, 
            -0.972948, 
            -1.036295, 
            -0.501955, 
            -0.56199, 
            -0.506858, 
            0.289369, 
            0.19405, 
            -0.07697766878408085, 
            -0.100708, 
            0.589893, 
            0.403074, 
            0.927235, 
            0.349565, 
            -0.668362, 
            -0.027871, 
            0.258393, 
            -0.920198, 
            -1.005177, 
            -0.08211296505922827
        ], 
        [
            -0.966074, 
            0.926613, 
            0.615181, 
            0.605098, 
            0.383355, 
            -0.541902, 
            -0.369117, 
            0.235665, 
            0.564746, 
            -0.499161, 
            -0.22377
        ]
    ],