{
    "child iterations" : 15, 
    "is fertile" : false, 
    "is classifier" : false, 
    "is child" : false, 
    "weights" : [
        [
            -2.084809, 
            -4.382886, 
            -5.312316, 
            2.194297, 
            -0.5812337627038477, 
            -3.98463, 
            -3.980914, 
            -3.138153, 
            -1.563431, 
            -0.9093140266842534, 
            -3.691981, 
            -4.558763, 
            -2.302184, 
            -2.34356, 
            0.39275807571324917, 
            0.023277, 
            -0.14203, 
            1.041003, 
            -0.33718, 
            -0.9752125345425966, 
            -0.588044, 
            -0.478289, 
            -2.167055, 
            -1.719793, 
            -0.001972887607953888
        ], 
        [
            0.860807, 
            1.217913, 
            2.833243, 
            -2.394725, 
            0.6526371822490442, 
            2.713039, 
            -3.616712, 
            -0.490857, 
            -3.618158, 
            -0.3659709676659757, 
            -1.799058, 
            -2.751397, 
            4.313866, 
            -1.843403, 
            -0.7571593788573936, 
            -1.416616, 
            -0.791369, 
            2.759905, 
            -0.456338, 
            0.3975018219533819, 
            0.090114, 
            -3.283916, 
            2.74331, 
            1.283198, 
            -0.052134265476921904
        ], 
        [
            -0.94799, 
            -1.301363, 
            0.431761, 
            -4.379813, 
            -2.653725, 
            2.858037, 
            4.358442, 
            -2.63918, 
            3.047356, 
            -2.495656
        ]
    ], 
    "momentum weights" : [
        [
            -2.084809, 
            -4.382886, 
            -5.312316, 
            2.194297, 
            -0.5812337627038477, 
            -3.98463, 
            -3.980914, 
            -3.138153, 
            -1.563431, 
            -0.9093140266842534, 
            -3.691981, 
            -4.558763, 
            -2.302184, 
            -2.34356, 
            0.39275807571324917, 
            0.023277, 
            -0.14203, 
            1.041003, 
            -0.33718, 
            -0.9752125345425966, 
            -0.588044, 
            -0.478289, 
            -2.167055, 
            -1.719793, 
            -0.001972887607953888
        ], 
        [
            0.860807, 
            1.217913, 
            2.833243, 
            -2.394725, 
            0.6526371822490442, 
            2.713039, 
            -3.616712, 
            -0.490857, 
            -3.618158, 
            -0.3659709676659757, 
            -1.799058, 
            -2.751397, 
            4.313866, 
            -1.843403, 
            -0.7571593788573936, 
            -1.416616, 
            -0.791369, 
            2.759905, 
            -0.456338, 
            0.3975018219533819, 
            0.090114, 
            -3.283916, 
            2.74331, 
            1.283198, 
            -0.052134265476921904
        ], 
        [
            -0.94799, 
            -1.301363, 
            0.431761, 
            -4.379813, 
            -2.653725, 
            2.858037, 
            4.358442, 
            -2.63918, 
            3.047356, 
            -2.495656
        ]
    ], 
    "nodes" : [
        [
            -0.8326518544159114, 
            0.6038720734002627, 
            -0.4966808107351326, 
            0.024341453212944408, 
            1.0
        ], 
        [
            0.519731643735298, 
            0.9953230660659114, 
            0.9104249278177612, 
            -0.9974674126425284, 
            0.7615941559557649
        ], 
        [
            0.9949700814945492, 
            -0.9999988475783185, 
            0.9995913436909168, 
            -0.9999244136529162, 
            0.7615941559557649
        ], 
        [
            -0.999989207204762, 
            0.9999968470778529
        ]
    ], 
    "pre activation nodes" : [
        [
            0.0, 
            0.0, 
            0.0, 
            0.0, 
            0.0
        ], 
        [
            0.5759720124252359, 
            3.0279592505748933, 
            1.5300019512865477, 
            -3.335196956165431, 
            1.0
        ], 
        [
            2.991490275093085, 
            -7.183395811997918, 
            4.247789453402938, 
            -5.0916721359443695, 
            1.0
        ], 
        [
            -6.064886769094967, 
            6.680163236741467
        ]
    ], 
    "average nodes" : [
        [
            0.0, 
            0.0, 
            0.0, 
            0.0, 
            0.0
        ], 
        [
            0.0, 
            0.0, 
            0.0, 
            0.0, 
            0.0
        ], 
        [
            0.0, 
            0.0, 
            0.0, 
            0.0, 
            0.0
        ], 
        [
            0.0, 
            0.0
        ]
    ], 
    "input width" : 4, 
    "output width" : 2, 
    "hidden width" : 5, 
    "hidden length" : 2, 
    "hidden layer details" : {
        "items" : 3, 
        "0" : "is shallow", 
        "1" : "probabilities", 
        "2" : "width", 
        "is shallow" : true, 
        "probabilities" : {
            "2" : 0.85, 
            "3" : 0.12, 
            "1" : 0.03
        }, 
        "width" : {
            "no change" : 0.6, 
            "decrease" : 0.35, 
            "increase" : 0.05
        }
    }, 
    "weight range" : 1.0, 
    "activation function" : 2, 
    "learning rate" : 0.05, 
    "momentum active" : true, 
    "momentum" : 0.001, 
    "accuracy requirement" : 0.985, 
    "epochs" : 10, 
    "batch size" : 40, 
    "accuracy sample size" : 150, 
    "fitness sample size" : 15, 
    "allow testing" : false, 
    "show output" : true, 
    "use bias" : true, 
    "clear bias" : false, 
    "bias value" : 1.0, 
    "child" : null
}