{
    "child iterations" : 15, 
    "is fertile" : false, 
    "is classifier" : false, 
    "is child" : false, 
    "weights" : [
        [
            -0.015397, 
            0.05312, 
            0.433955, 
            -0.210406, 
            0.694603, 
            0.236605, 
            0.064983, 
            -0.648975, 
            0.124759, 
            -0.065584, 
            0.21846908416049127, 
            0.644141, 
            0.650366, 
            -0.957229, 
            0.737089, 
            0.604388, 
            -0.699092, 
            -0.307485, 
            0.596404, 
            0.227482, 
            0.119792, 
            0.09332442774088934, 
            -0.254539, 
            0.517267, 
            0.088826, 
            0.746748, 
            -0.281896, 
            -0.072137, 
            -0.919151, 
            -0.434398, 
            -0.702096, 
            0.328791, 
            0.426407284430111, 
            -0.334783, 
            0.906287, 
            -0.086393, 
            0.085241, 
            0.461009, 
            -0.101959, 
            0.482529, 
            -0.316255, 
            -1.032079, 
            0.423174, 
            -0.5954544122134744, 
            0.809008, 
            -0.077778, 
            0.14252, 
            -0.455588, 
            0.00034, 
            0.573229, 
            0.730973, 
            0.313146, 
            0.028131, 
            0.447173, 
            0.45046393063905166, 
            0.886092, 
            0.614065, 
            0.164066, 
            -0.726284, 
            -0.913249, 
            0.899188, 
            -0.143275, 
            0.074658, 
            -0.867445, 
            0.240243, 
            0.9163179359724971, 
            -0.787458, 
            0.58102, 
            -0.125479, 
            0.014449, 
            -0.126105, 
            0.237083, 
            -0.491831, 
            -0.81222, 
            0.440971, 
            -0.454328, 
            0.608818372312939, 
            0.024186, 
            -0.482458, 
            -0.382817, 
            -0.274774, 
            0.386985, 
            -0.527428, 
            -0.306378, 
            -0.066425, 
            0.693974, 
            0.917056, 
            0.00017080459199059206, 
            -0.719123, 
            -0.957367, 
            -0.69364, 
            -0.871417, 
            0.845026, 
            -0.814974, 
            0.46041, 
            -0.012712, 
            -0.616226, 
            -0.588054, 
            -0.09117557450217251, 
            -0.641643, 
            -0.279733, 
            0.857713, 
            -0.474607, 
            0.004862, 
            0.67643, 
            -0.967568, 
            -0.319555, 
            0.650212, 
            0.487412, 
            -0.30842836521506456, 
            0.288051, 
            0.634931, 
            -0.571566, 
            0.849552, 
            0.739233, 
            0.371312, 
            -0.040594, 
            -0.398332, 
            -0.415157, 
            -0.231352, 
            -0.8681493286460507
        ], 
        [
            0.722062, 
            -0.23002, 
            -0.2382, 
            0.52741, 
            -1.053506, 
            0.486922, 
            0.093522, 
            -0.50648, 
            -0.455766, 
            0.174932, 
            -0.19712309197816524, 
            0.093497, 
            -0.753583, 
            -0.084874, 
            0.252224, 
            -0.061035, 
            -0.365573, 
            0.116575, 
            -0.613893, 
            0.351922, 
            0.736558, 
            -0.5502146118564037, 
            1.016302, 
            -0.479223, 
            -0.186135, 
            0.035047, 
            0.430245, 
            0.499949, 
            0.995155, 
            -0.36342, 
            -0.749185, 
            1.02503, 
            0.5032687109944378, 
            0.622627, 
            -0.001517, 
            0.535574, 
            -0.790021, 
            -0.026071, 
            -0.786901, 
            0.004772, 
            0.589044, 
            0.409061, 
            -0.695358, 
            0.4986112552606996, 
            -0.38877, 
            0.139399, 
            -0.776389, 
            0.064437, 
            0.228471, 
            -0.020015, 
            -0.01652, 
            0.513872, 
            -0.046988, 
            1.005301, 
            -0.4979085999352073, 
            0.258729, 
            0.413343, 
            0.700703, 
            0.65095, 
            0.279543, 
            -0.866002, 
            -0.883283, 
            -0.564237, 
            -0.762632, 
            -0.215269, 
            0.5337297089158854, 
            0.455839, 
            -0.939337, 
            0.126554, 
            0.229403, 
            -0.425424, 
            0.785451, 
            -0.242694, 
            -0.760374, 
            0.602826, 
            -0.412231, 
            0.5340290214032695, 
            -0.422074, 
            0.573732, 
            0.751073, 
            -0.425441, 
            0.700093, 
            0.069188, 
            0.854235, 
            -0.364207, 
            -0.034081, 
            -0.314002, 
            -0.2546192503582789, 
            -0.437266, 
            -0.081313, 
            -0.695944, 
            -0.572252, 
            0.499007, 
            0.792755, 
            0.302555, 
            -0.319022, 
            -0.45847, 
            0.423321, 
            -0.07665228679070601, 
            0.119333, 
            -0.894994, 
            0.247206, 
            -0.895286, 
            -0.878584, 
            0.084226, 
            -0.595142, 
            -0.838543, 
            0.929589, 
            0.023442, 
            -0.4038014235393339, 
            0.298855, 
            -0.659515, 
            -0.986942, 
            -0.581928, 
            0.655923, 
            -0.564587, 
            0.288919, 
            -0.948109, 
            0.815509, 
            -0.261979, 
            -0.7682955972364824
        ], 
        [
            -0.255531, 
            0.741797, 
            -0.860633, 
            0.648775, 
            0.896122, 
            0.47665, 
            0.281286, 
            -0.499974, 
            0.443485, 
            -0.038053, 
            0.797507
        ]
    ],