{
    "child iterations" : 15, 
    "is fertile" : false, 
    "is classifier" : false, 
    "is child" : false, 
    "weights" : [
        [
            1.167898, 
            -1.213631, 
            3.483238, 
            4.839752, 
            -2.219696, 
            6.802512, 
            0.7381355966699816, 
            -4.108406, 
            -2.59513, 
            3.819001, 
            3.123412, 
            2.380938, 
            5.797936, 
            0.02167170788109951, 
            -2.145569, 
            0.06394, 
            3.328576, 
            5.555772, 
            2.591276, 
            4.767974, 
            0.00385826850024773, 
            -1.880706, 
            2.385557, 
            -0.268197, 
            1.389215, 
            0.344431, 
            -1.205742, 
            -0.7134066695785628, 
            0.521983, 
            2.615323, 
            0.531263, 
            1.098911, 
            2.691832, 
            3.759808, 
            -0.3267808237131924
        ], 
        [
            -1.634462, 
            -1.08008, 
            2.320094, 
            -3.177729, 
            -0.152605, 
            1.807243, 
            -1.800826, 
            -0.7559123978206643, 
            0.459674, 
            -1.515798, 
            1.218352, 
            1.157303, 
            0.997023, 
            1.608152, 
            3.143801, 
            0.008259674310885146, 
            -3.148156, 
            -1.672873, 
            0.4178, 
            0.884775, 
            -2.718868, 
            0.679027, 
            0.046356, 
            -0.39811391206043756, 
            -2.805274, 
            -0.746136, 
            -2.613403, 
            -2.023641, 
            -2.702413, 
            -0.875703, 
            -2.506371, 
            0.8661228665401706, 
            -1.916724, 
            -0.622583, 
            -1.321273, 
            -2.610041, 
            -1.588616, 
            2.01958, 
            2.340406, 
            -0.9617404045256235, 
            0.928697, 
            -1.695522, 
            -3.425158, 
            4.143594, 
            -3.525517, 
            -0.380364, 
            1.40443, 
            -0.6326862522707595, 
            2.622682, 
            -2.026099, 
            0.071198, 
            1.600662, 
            1.903403, 
            2.183455, 
            0.412832, 
            -0.5088812511579404
        ], 
        [
            -1.808136, 
            -2.143411, 
            -1.513861, 
            2.948691, 
            -1.323666, 
            3.577017, 
            3.079963, 
            0.091987, 
            -3.86229, 
            4.96817, 
            2.44035, 
            -2.156043, 
            0.594519, 
            4.159005, 
            -4.036484, 
            0.769539
        ]
    ], 
    "momentum weights" : [
        [
            1.167898, 
            -1.213631, 
            3.483238, 
            4.839752, 
            -2.219696, 
            6.802512, 
            0.7381355966699816, 
            -4.108406, 
            -2.59513, 
            3.819001, 
            3.123412, 
            2.380938, 
            5.797936, 
            0.02167170788109951, 
            -2.145569, 
            0.06394, 
            3.328576, 
            5.555772, 
            2.591276, 
            4.767974, 
            0.00385826850024773, 
            -1.880706, 
            2.385557, 
            -0.268197, 
            1.389215, 
            0.344431, 
            -1.205742, 
            -0.7134066695785628, 
            0.521983, 
            2.615323, 
            0.531263, 
            1.098911, 
            2.691832, 
            3.759808, 
            -0.3267808237131924
        ], 
        [
            -1.634462, 
            -1.08008, 
            2.320094, 
            -3.177729, 
            -0.152605, 
            1.807243, 
            -1.800826, 
            -0.7559123978206643, 
            0.459674, 
            -1.515798, 
            1.218352, 
            1.157303, 
            0.997023, 
            1.608152, 
            3.143801, 
            0.008259674310885146, 
            -3.148156, 
            -1.672873, 
            0.4178, 
            0.884775, 
            -2.718868, 
            0.679027, 
            0.046356, 
            -0.39811391206043756, 
            -2.805274, 
            -0.746136, 
            -2.613403, 
            -2.023641, 
            -2.702413, 
            -0.875703, 
            -2.506371, 
            0.8661228665401706, 
            -1.916724, 
            -0.622583, 
            -1.321273, 
            -2.610041, 
            -1.588616, 
            2.01958, 
            2.340406, 
            -0.9617404045256235, 
            0.928697, 
            -1.695522, 
            -3.425158, 
            4.143594, 
            -3.525517, 
            -0.380364, 
            1.40443, 
            -0.6326862522707595, 
            2.622682, 
            -2.026099, 
            0.071198, 
            1.600662, 
            1.903403, 
            2.183455, 
            0.412832, 
            -0.5088812511579404
        ], 
        [
            -1.808136, 
            -2.143411, 
            -1.513861, 
            2.948691, 
            -1.323666, 
            3.577017, 
            3.079963, 
            0.091987, 
            -3.86229, 
            4.96817, 
            2.44035, 
            -2.156043, 
            0.594519, 
            4.159005, 
            -4.036484, 
            0.769539
        ]
    ], 
    "nodes" : [
        [
            0.1376097036828707, 
            0.2913671622132335, 
            -0.8573760958063196, 
            0.3006537730616401, 
            1.0
        ], 
        [
            0.6409359975167174, 
            0.9821365173727516, 
            -0.670226427106563, 
            -0.9316502254827445, 
            0.7451515531978129, 
            0.9591172081712048, 
            0.7615941559557649
        ], 
        [
            0.9999719477415363, 
            -0.9993263827874965, 
            0.5531606188597119, 
            0.9986242445333455, 
            0.9707900635638513, 
            0.9999850355083013, 
            0.9999995401904779, 
            0.7615941559557649
        ], 
        [
            -0.9402870785763098, 
            0.9996940788137221
        ]
    ], 
    "pre activation nodes" : [
        [
            0.0, 
            0.0, 
            0.0, 
            0.0, 
            0.0
        ], 
        [
            0.7597607178554001, 
            2.3545860193729764, 
            -0.8111541025520124, 
            -1.6707458457249007, 
            0.9619638193123752, 
            1.9347700049681902, 
            1.0
        ], 
        [
            5.587287283964428, 
            -3.997829428789838, 
            0.6229240194809742, 
            3.6406056672906035, 
            2.105840424265013, 
            5.9014850407639585, 
            7.642800233104291, 
            1.0
        ], 
        [
            -1.7405213917602222, 
            4.392588629318455
        ]
    ], 
    "average nodes" : [
        [
            0.0, 
            0.0, 
            0.0, 
            0.0, 
            0.0
        ], 
        [
            0.0, 
            0.0, 
            0.0, 
            0.0, 
            0.0, 
            0.0, 
            0.0
        ], 
        [
            0.0, 
            0.0, 
            0.0, 
            0.0, 
            0.0, 
            0.0, 
            0.0, 
            0.0
        ], 
        [
            0.0, 
            0.0
        ]
    ], 
    "input width" : 4, 
    "output width" : 2, 
    "hidden width" : 7, 
    "hidden length" : 2, 
    "hidden layer details" : {
        "items" : 3, 
        "0" : "is shallow", 
        "1" : "probabilities", 
        "2" : "width", 
        "is shallow" : true, 
        "probabilities" : {
            "2" : 0.85, 
            "3" : 0.12, 
            "1" : 0.03
        },