{
    "child iterations" : 15, 
    "is fertile" : false, 
    "is classifier" : false, 
    "is child" : false, 
    "weights" : [
        [
            -0.387439, 
            0.33098, 
            1.038448, 
            0.517901, 
            -0.422122, 
            0.976994, 
            -0.871911, 
            0.053185, 
            0.823101, 
            0.096424, 
            -0.871294, 
            0.9264703967107064, 
            -0.306439, 
            -0.443775, 
            -1.064808, 
            0.175145, 
            0.563791, 
            0.413839, 
            -0.097546, 
            -0.455698, 
            0.42731, 
            0.340722, 
            -0.005341, 
            -0.7809920055567028, 
            -0.584287, 
            1.112564, 
            -0.683099, 
            -0.102561, 
            0.177192, 
            0.490718, 
            1.0572, 
            -1.148004, 
            -1.080055, 
            0.197711, 
            -0.664545, 
            -0.04767070967731768, 
            0.948508, 
            0.010537, 
            -0.504826, 
            0.417979, 
            0.844183, 
            0.089621, 
            0.94188, 
            -0.447992, 
            0.106879, 
            0.01069, 
            0.52909, 
            -0.8626178163231091, 
            0.49983, 
            0.157975, 
            -0.251445, 
            0.988391, 
            0.598154, 
            -0.912773, 
            -0.92867, 
            0.803638, 
            0.615334, 
            0.866416, 
            -0.197702, 
            0.8040303342135049, 
            0.568195, 
            -0.026555, 
            -1.168088, 
            -1.309219, 
            0.285436, 
            0.788414, 
            0.994112, 
            0.871817, 
            0.897012, 
            0.497577, 
            -0.469428, 
            0.18513212325394401, 
            -0.6032, 
            0.642006, 
            -0.580814, 
            -1.200363, 
            0.171679, 
            0.146273, 
            -0.456765, 
            -0.866578, 
            1.103028, 
            0.54632, 
            1.049461, 
            -0.5774679063171768, 
            0.15055, 
            -0.652636, 
            0.040186, 
            -0.331026, 
            0.200912, 
            1.215778, 
            -0.353576, 
            0.770004, 
            -1.184126, 
            -0.358419, 
            -1.230324, 
            -0.93660988790775, 
            0.735101, 
            0.649047, 
            -0.28683, 
            -0.275553, 
            -0.606343, 
            0.906091, 
            -0.99283, 
            -1.27766, 
            0.811003, 
            0.455381, 
            1.429198, 
            -0.949324263077842, 
            0.84789, 
            0.623939, 
            -0.082147, 
            1.091557, 
            0.703817, 
            0.754536, 
            -0.298065, 
            -0.286325, 
            -0.265918, 
            0.735341, 
            -1.027429, 
            0.4283355173319523, 
            0.524663, 
            1.21238, 
            -0.342646, 
            1.084511, 
            -0.493604, 
            1.091599, 
            0.847361, 
            -0.893135, 
            1.178528, 
            -0.686249, 
            1.254915, 
            0.8882639663658534
        ], 
        [
            -0.899918, 
            -0.645136, 
            0.377366, 
            1.235591, 
            -0.006335, 
            0.559746, 
            0.942907, 
            0.206613, 
            0.33929, 
            0.739539, 
            -0.42770378891842076, 
            1.154756, 
            0.548242, 
            0.075491, 
            -0.960562, 
            -1.250198, 
            -1.031855, 
            0.326244, 
            -0.823537, 
            -0.712568, 
            0.173794, 
            0.3467264244041892, 
            0.479393, 
            -0.658149, 
            0.103711, 
            0.11061, 
            0.427224, 
            0.389332, 
            0.83026, 
            -0.12681, 
            -0.171727, 
            0.466816, 
            -0.7863640279228397, 
            0.477432, 
            0.875324, 
            1.180287, 
            0.683997, 
            0.076786, 
            -0.630605, 
            1.028343, 
            -0.272898, 
            0.611597, 
            0.392773, 
            -0.5484335475046545, 
            -0.284061, 
            -0.392251, 
            0.893448, 
            0.270402, 
            -0.365908, 
            0.599569, 
            0.663328, 
            -0.414042, 
            -0.676386, 
            -0.231112, 
            0.8070461841153524, 
            -0.821038, 
            -0.220965, 
            0.689254, 
            0.961155, 
            0.205612, 
            1.206202, 
            1.146578, 
            -0.448277, 
            0.692443, 
            0.756554, 
            -0.36958236832994684, 
            0.112884, 
            -1.004869, 
            -0.389223, 
            -1.05333, 
            0.582463, 
            -0.495028, 
            0.737092, 
            -0.360965, 
            1.042199, 
            -0.521569, 
            -0.5451701110257854, 
            -0.05289, 
            0.60152, 
            0.757969, 
            0.689063, 
            -0.552896, 
            -0.078783, 
            -0.400552, 
            -0.934576, 
            -0.068067, 
            -0.534174, 
            -0.2790897675383792, 
            -0.958409, 
            -0.554723, 
            0.622256, 
            0.702213, 
            -0.582756, 
            -0.545179, 
            1.149212, 
            0.52729, 
            0.953725, 
            0.928103, 
            -0.29191079931643715, 
            0.433751, 
            0.337148, 
            -0.992208, 
            -0.769376, 
            -0.338737, 
            0.289806, 
            -0.304951, 
            0.747147, 
            0.345643, 
            0.415199, 
            -0.10572908721635677, 
            -0.330015, 
            -1.009319, 
            -0.049869, 
            0.087664, 
            -0.384249, 
            0.86367, 
            -0.678428, 
            -0.223973, 
            0.820813, 
            -0.149693, 
            0.2650592002117427, 
            -0.860731, 
            -0.931497, 
            0.289204, 
            -0.678986, 
            -1.350108, 
            0.23577, 
            -0.836316, 
            0.792073, 
            -0.676637, 
            -1.057189, 
            -0.19521211285114703
        ], 
        [
            -0.667833, 
            0.922273, 
            0.42607, 
            0.104328, 
            -0.709824, 
            -0.531266, 
            1.008214, 
            -0.443807, 
            -0.809075, 
            -0.299318, 
            -0.804551
        ]
    ],