{
    "child iterations" : 15, 
    "is fertile" : false, 
    "is classifier" : false, 
    "is child" : false, 
    "weights" : [
        [
            -2.94242, 
            5.222358, 
            4.070267, 
            -2.388548, 
            -0.226633, 
            4.143754, 
            -3.961084, 
            0.46297690860282614, 
            -0.645156, 
            0.648179, 
            -1.475103, 
            -1.723354, 
            2.382902, 
            7.594782, 
            -1.440062, 
            -0.9276896051027814, 
            0.606557, 
            1.811591, 
            5.206234, 
            -3.406368, 
            -0.542194, 
            5.459984, 
            -0.656832, 
            0.7008153838469309, 
            2.653897, 
            -2.719457, 
            1.090198, 
            1.369904, 
            -0.749426, 
            1.148178, 
            2.771898, 
            0.24698935549941825, 
            1.90845, 
            0.890725, 
            1.399004, 
            -0.596631, 
            2.864288, 
            -0.05894, 
            -2.308646, 
            -0.7751261536198573
        ], 
        [
            -1.991815, 
            -2.029467, 
            0.312179, 
            -0.054677, 
            0.523509, 
            2.339862, 
            -0.08738103559588684, 
            -4.018597, 
            1.640097, 
            -0.311, 
            0.414728, 
            -3.216589, 
            2.187943, 
            -0.16811187814247375, 
            -1.614643, 
            -2.679784, 
            3.832186, 
            1.326449, 
            -2.729138, 
            0.52719, 
            -0.26850274057693424, 
            -0.883041, 
            -0.674976, 
            2.602008, 
            1.264895, 
            0.659609, 
            3.001321, 
            -0.09221944489803291, 
            -2.47291, 
            1.897978, 
            -0.268371, 
            -0.349484, 
            -1.990292, 
            -1.429929, 
            0.28563371309656027, 
            -3.636498, 
            -0.901505, 
            2.00058, 
            2.081118, 
            -3.389782, 
            -2.247615, 
            0.5275659334790357, 
            -2.006349, 
            -2.192524, 
            0.809449, 
            3.215701, 
            2.093806, 
            2.239103, 
            0.6453394210094536, 
            -0.083442, 
            -1.678893, 
            -1.81825, 
            3.149212, 
            -2.684029, 
            0.215452, 
            0.38631232545958194
        ], 
        [
            -2.121573, 
            2.04273, 
            -1.020302, 
            3.190156, 
            -0.143392, 
            -1.680714, 
            2.373306, 
            1.360744, 
            -5.066387, 
            4.613836, 
            -2.269829, 
            4.137592, 
            -1.666133, 
            -0.833206
        ]
    ], 
    "momentum weights" : [
        [
            -2.94242, 
            5.222358, 
            4.070267, 
            -2.388548, 
            -0.226633, 
            4.143754, 
            -3.961084, 
            0.46297690860282614, 
            -0.645156, 
            0.648179, 
            -1.475103, 
            -1.723354, 
            2.382902, 
            7.594782, 
            -1.440062, 
            -0.9276896051027814, 
            0.606557, 
            1.811591, 
            5.206234, 
            -3.406368, 
            -0.542194, 
            5.459984, 
            -0.656832, 
            0.7008153838469309, 
            2.653897, 
            -2.719457, 
            1.090198, 
            1.369904, 
            -0.749426, 
            1.148178, 
            2.771898, 
            0.24698935549941825, 
            1.90845, 
            0.890725, 
            1.399004, 
            -0.596631, 
            2.864288, 
            -0.05894, 
            -2.308646, 
            -0.7751261536198573
        ], 
        [
            -1.991815, 
            -2.029467, 
            0.312179, 
            -0.054677, 
            0.523509, 
            2.339862, 
            -0.08738103559588684, 
            -4.018597, 
            1.640097, 
            -0.311, 
            0.414728, 
            -3.216589, 
            2.187943, 
            -0.16811187814247375, 
            -1.614643, 
            -2.679784, 
            3.832186, 
            1.326449, 
            -2.729138, 
            0.52719, 
            -0.26850274057693424, 
            -0.883041, 
            -0.674976, 
            2.602008, 
            1.264895, 
            0.659609, 
            3.001321, 
            -0.09221944489803291, 
            -2.47291, 
            1.897978, 
            -0.268371, 
            -0.349484, 
            -1.990292, 
            -1.429929, 
            0.28563371309656027, 
            -3.636498, 
            -0.901505, 
            2.00058, 
            2.081118, 
            -3.389782, 
            -2.247615, 
            0.5275659334790357, 
            -2.006349, 
            -2.192524, 
            0.809449, 
            3.215701, 
            2.093806, 
            2.239103, 
            0.6453394210094536, 
            -0.083442, 
            -1.678893, 
            -1.81825, 
            3.149212, 
            -2.684029, 
            0.215452, 
            0.38631232545958194
        ], 
        [
            -2.121573, 
            2.04273, 
            -1.020302, 
            3.190156, 
            -0.143392, 
            -1.680714, 
            2.373306, 
            1.360744, 
            -5.066387, 
            4.613836, 
            -2.269829, 
            4.137592, 
            -1.666133, 
            -0.833206
        ]
    ], 
    "nodes" : [
        [
            0.6325638751271012, 
            0.21749542558008136, 
            -0.5027341848493333, 
            0.6202278658264909, 
            1.0
        ], 
        [
            0.847706904544924, 
            0.9399644762124654, 
            0.9368556748098343, 
            0.07961959713714273, 
            0.9954970962903978, 
            0.9748299215542675, 
            -0.9957681393566484, 
            0.7615941559557649
        ], 
        [
            -0.9999999995622332, 
            -0.6793168797687958, 
            0.9970684605848941, 
            0.9882139072702083, 
            -0.9999999999994901, 
            -0.71973848587326, 
            0.7615941559557649
        ], 
        [
            0.9999999983179398, 
            -0.9999999999837268
        ]
    ], 
    "pre activation nodes" : [
        [
            0.0, 
            0.0, 
            0.0, 
            0.0, 
            0.0
        ], 
        [
            1.2479468572366417, 
            1.7377442452557894, 
            1.7116990843059314, 
            0.07978848362180413, 
            3.0469630059392623, 
            2.1812908160898945, 
            -3.078071261363986, 
            1.0
        ], 
        [
            -11.121240891698614, 
            -0.8278444496732436, 
            3.2619539659200925, 
            2.5640358632411293, 
            -14.498864754001158, 
            -0.9071021844222679, 
            1.0
        ], 
        [
            10.448196856644332, 
            -12.767322616176688
        ]
    ], 
    "average nodes" : [
        [
            0.0, 
            0.0, 
            0.0, 
            0.0, 
            0.0
        ], 
        [
            0.0, 
            0.0, 
            0.0, 
            0.0, 
            0.0, 
            0.0, 
            0.0, 
            0.0
        ], 
        [
            0.0, 
            0.0, 
            0.0, 
            0.0, 
            0.0, 
            0.0, 
            0.0
        ], 
        [
            0.0, 
            0.0
        ]
    ], 
    "input width" : 4, 
    "output width" : 2, 
    "hidden width" : 7, 
    "hidden length" : 2, 
    "hidden layer details" : {
        "items" : 3, 
        "0" : "is shallow", 
        "1" : "probabilities",