{
    "child iterations" : 15, 
    "is fertile" : false, 
    "is classifier" : false, 
    "is child" : false, 
    "weights" : [
        [
            -0.112358, 
            0.896554, 
            0.17201, 
            -0.502996, 
            0.612839, 
            -0.718643, 
            0.863827, 
            -0.30161, 
            -0.014051, 
            1.033058, 
            1.003458, 
            -0.31408252842854, 
            1.048815, 
            -0.091612, 
            -0.12735, 
            -0.260476, 
            0.068719, 
            -1.061379, 
            0.38925, 
            -0.608636, 
            0.760268, 
            0.512002, 
            0.323875, 
            0.956913255238387, 
            0.738225, 
            0.921105, 
            -0.429518, 
            -0.850483, 
            0.275533, 
            -1.0171, 
            0.287678, 
            -0.388295, 
            -0.208216, 
            -0.700589, 
            1.050967, 
            -0.8296264645573432, 
            -0.781531, 
            -0.929213, 
            -0.379542, 
            0.802108, 
            -0.675554, 
            -0.844347, 
            -0.541899, 
            0.008602, 
            -0.109105, 
            1.058457, 
            0.144025, 
            0.2556846648584097, 
            0.865403, 
            -0.876522, 
            -0.454749, 
            -0.70771, 
            -0.373599, 
            -0.508441, 
            0.234435, 
            -0.938338, 
            0.354713, 
            0.168602, 
            0.152338, 
            -0.4060477682240389, 
            0.885392, 
            -0.248269, 
            -0.740183, 
            0.03849, 
            -1.018063, 
            -0.035311, 
            0.763535, 
            -0.790269, 
            -0.007683, 
            -0.190229, 
            0.909264, 
            0.5232576099173529, 
            0.263759, 
            -0.25418, 
            0.204547, 
            -0.44155, 
            -0.908438, 
            0.254015, 
            -0.681429, 
            -0.150935, 
            0.394406, 
            -1.065331, 
            -0.245583, 
            -0.5012901811845825, 
            -0.273689, 
            0.5319, 
            -0.332684, 
            -0.596717, 
            -0.825636, 
            -0.638923, 
            -0.997389, 
            0.624313, 
            0.99341, 
            0.782758, 
            -0.697607, 
            -0.6926728824864505, 
            0.343184, 
            0.456812, 
            -0.111756, 
            -0.331526, 
            -0.242762, 
            -0.293181, 
            0.677064, 
            -0.918257, 
            -0.359692, 
            0.148924, 
            -0.684845, 
            0.6567967920257314, 
            0.073368, 
            0.158665, 
            0.877774, 
            0.938441, 
            0.841031, 
            -1.046505, 
            0.379742, 
            0.812365, 
            0.776776, 
            -1.031057, 
            0.307819, 
            -0.019898017433837012, 
            -0.988464, 
            0.07576, 
            -0.623516, 
            -1.035459, 
            0.032877, 
            0.065234, 
            0.253343, 
            0.115177, 
            -0.579743, 
            0.731738, 
            0.196018, 
            0.49295319185356345
        ], 
        [
            -0.688258, 
            0.888107, 
            0.698987, 
            0.454527, 
            0.310646, 
            0.026567, 
            0.333456, 
            0.530119, 
            -0.919635, 
            -0.751255, 
            0.458526, 
            -0.35296345493855896, 
            -0.256977, 
            0.681441, 
            0.574829, 
            -0.62255, 
            0.24671, 
            0.025082, 
            0.940073, 
            -1.018819, 
            1.03168, 
            0.294735, 
            -0.422852, 
            0.6601319428076495, 
            -0.048931, 
            0.731247, 
            -0.896383, 
            0.279616, 
            1.047852, 
            -0.2229, 
            -1.083939, 
            -0.5506, 
            -0.021382, 
            -0.663569, 
            -0.933204, 
            -0.562390655571626, 
            -1.001573, 
            -0.341667, 
            0.863918, 
            -0.261271, 
            -0.90062, 
            0.899697, 
            -0.663072, 
            0.372026, 
            -0.011305, 
            1.033796, 
            -1.042804, 
            0.9460276319655385, 
            -0.625946, 
            0.481997, 
            -0.482309, 
            -0.624204, 
            -0.569255, 
            -1.012442, 
            0.548039, 
            0.380706, 
            0.120613, 
            1.050456, 
            -0.956827, 
            0.16032449814448602, 
            1.022639, 
            -0.775614, 
            0.411527, 
            0.085552, 
            -0.441972, 
            0.552548, 
            -0.081748, 
            0.346892, 
            -0.147825, 
            -0.325496, 
            0.409932, 
            0.3459730076883065, 
            -0.266222, 
            -0.073803, 
            -0.643506, 
            -0.604387, 
            0.159702, 
            0.025941, 
            -0.486609, 
            0.173472, 
            0.354511, 
            -0.807227, 
            -0.400784, 
            0.3086119186915124, 
            1.015825, 
            0.036302, 
            1.075074, 
            -0.131672, 
            -0.066903, 
            -0.92926, 
            0.890385, 
            -1.011173, 
            0.176929, 
            0.70788, 
            -0.281359, 
            -0.8542749144307373, 
            -0.42499, 
            0.271239, 
            0.323244, 
            -0.213454, 
            -0.216624, 
            -0.143457, 
            0.389557, 
            0.867783, 
            0.516439, 
            0.465577, 
            -0.26955, 
            0.7175875867397379, 
            0.959012, 
            0.374829, 
            0.875025, 
            0.015715, 
            -0.869494, 
            -0.685676, 
            0.660702, 
            0.235258, 
            -0.181309, 
            -0.036061, 
            0.312185, 
            0.7256005899821134, 
            -0.184112, 
            -0.343162, 
            0.958243, 
            -0.231785, 
            -0.816049, 
            -0.825556, 
            -0.961494, 
            0.209596, 
            0.461084, 
            -0.166616, 
            0.594453, 
            -0.6795976484108461, 
            0.434562, 
            -0.359116, 
            0.73804, 
            0.099897, 
            0.266291, 
            -0.127419, 
            -0.930311, 
            0.354326, 
            -0.910574, 
            -0.738824, 
            -1.014927, 
            0.9085219665504833
        ], 
        [
            -0.44274, 
            -0.408886, 
            -0.954765, 
            0.660556, 
            -0.874639, 
            -0.304125, 
            0.85447, 
            -0.035016, 
            -0.612159, 
            -0.527325, 
            -0.296898, 
            0.521847
        ]
    ],