{
    "child iterations" : 15, 
    "is fertile" : false, 
    "is classifier" : false, 
    "is child" : false, 
    "weights" : [
        [
            -0.446148, 
            0.11694, 
            0.095438, 
            -0.461651, 
            0.263315, 
            0.991973, 
            0.697632, 
            -0.617868, 
            -0.284857, 
            -0.077282, 
            -0.2620091024895468, 
            -0.959093, 
            -0.941851, 
            0.17456, 
            -0.838989, 
            1.054666, 
            0.648719, 
            -0.565884, 
            -0.616444, 
            -1.025957, 
            0.290097, 
            -0.759246172789023, 
            -0.042813, 
            -0.757756, 
            0.939121, 
            -0.562578, 
            0.244852, 
            0.326648, 
            0.016526, 
            -0.097267, 
            -0.748164, 
            -0.201007, 
            -0.39003211682314665, 
            0.791426, 
            -1.093144, 
            -0.222528, 
            0.346334, 
            -0.708001, 
            0.78902, 
            -0.301758, 
            0.334026, 
            1.064578, 
            -0.160512, 
            0.48871674128151543, 
            -0.724559, 
            0.277499, 
            0.60035, 
            0.75291, 
            0.815755, 
            0.646442, 
            -0.296207, 
            0.637722, 
            0.17524, 
            0.669949, 
            -0.8419490961626648, 
            -0.842685, 
            0.404239, 
            0.110506, 
            -0.133153, 
            0.790327, 
            -0.747167, 
            0.613484, 
            -0.727658, 
            -0.616958, 
            0.429817, 
            -0.5762371537501487, 
            -1.025632, 
            0.183622, 
            0.039397, 
            0.32103, 
            1.009239, 
            -0.121022, 
            -0.79406, 
            0.875853, 
            0.214759, 
            0.966131, 
            0.3539007515170365, 
            -0.941935, 
            0.326468, 
            -0.829495, 
            -0.131677, 
            -0.040324, 
            0.862447, 
            -0.068922, 
            0.056313, 
            0.116677, 
            0.128385, 
            -0.09798621574374078, 
            1.01654, 
            0.453973, 
            -0.085039, 
            -1.114697, 
            -1.074213, 
            0.143211, 
            -0.063729, 
            -0.596987, 
            0.90763, 
            1.040347, 
            0.016286886558860125, 
            -0.58867, 
            -0.598139, 
            -0.549996, 
            -0.487755, 
            -0.33323, 
            0.434095, 
            0.061918, 
            0.880275, 
            -0.20209, 
            0.510292, 
            -0.5414711336441924, 
            0.536864, 
            0.554906, 
            -0.766551, 
            0.995916, 
            -0.743235, 
            0.835218, 
            0.835826, 
            -0.184607, 
            -0.307668, 
            -0.669918, 
            -0.7677018531610504
        ], 
        [
            -0.647438, 
            0.139209, 
            -0.298627, 
            -0.85543, 
            0.499795, 
            0.961324, 
            -0.078283, 
            0.007158, 
            0.626455, 
            -0.630752, 
            0.13339028665842334, 
            0.653627, 
            -0.757275, 
            0.618771, 
            0.649256, 
            -0.827793, 
            -0.807436, 
            -0.553703, 
            -0.818201, 
            -0.542773, 
            0.868272, 
            0.6917085586834708, 
            -0.80681, 
            0.887224, 
            0.663995, 
            -0.636175, 
            0.020174, 
            -0.19543, 
            -0.58246, 
            -0.514175, 
            -0.968476, 
            -0.292625, 
            -0.941799343142981, 
            -0.871955, 
            0.732198, 
            -0.340233, 
            -0.845835, 
            0.558523, 
            0.400954, 
            1.023043, 
            0.670092, 
            -0.551372, 
            -0.971525, 
            0.18070255977368577, 
            -0.599013, 
            0.214815, 
            -0.939383, 
            -0.296631, 
            0.284546, 
            0.606235, 
            -0.794816, 
            0.738929, 
            0.140981, 
            -0.465415, 
            -0.623264803470444, 
            0.809772, 
            0.26007, 
            0.458175, 
            -0.155325, 
            0.675328, 
            -0.888155, 
            0.745554, 
            -0.106082, 
            -0.654629, 
            -0.035191, 
            -0.4713308509504637, 
            -0.054792, 
            0.029899, 
            0.770098, 
            0.520033, 
            0.567556, 
            -0.130083, 
            -0.770766, 
            0.877574, 
            -0.011656, 
            0.749678, 
            -0.16001146479486894, 
            -1.010373, 
            0.527514, 
            -0.317462, 
            0.386941, 
            -0.244134, 
            0.644578, 
            0.232792, 
            -0.436458, 
            1.020439, 
            0.016775, 
            0.2228489997993084, 
            1.07076, 
            -0.500155, 
            -0.159355, 
            1.056398, 
            0.955316, 
            0.391107, 
            -0.389359, 
            -0.837021, 
            0.308599, 
            0.473261, 
            -0.6833151076584174, 
            0.406367, 
            0.110148, 
            -0.715786, 
            0.855349, 
            1.084302, 
            0.324974, 
            0.485689, 
            -1.034552, 
            0.913951, 
            -0.41773, 
            0.23037862476512716, 
            0.046445, 
            0.468692, 
            0.815879, 
            0.977706, 
            -0.561653, 
            0.16867, 
            -0.534655, 
            -0.938414, 
            -0.804654, 
            -0.862491, 
            0.002775851533551421
        ], 
        [
            1.139023, 
            0.553067, 
            -0.008694, 
            -0.896402, 
            1.174378, 
            -0.712658, 
            -0.472859, 
            0.172832, 
            1.288915, 
            -0.216749, 
            0.315597
        ]
    ],