{
    "child iterations" : 15, 
    "is fertile" : false, 
    "is classifier" : false, 
    "is child" : false, 
    "weights" : [
        [
            2.700518, 
            -6.083442, 
            0.132849, 
            -1.929483, 
            3.549973, 
            3.252606, 
            -1.726633, 
            0.7610061969623538, 
            -1.321689, 
            -7.106315, 
            -0.522311, 
            1.774615, 
            -2.5058, 
            4.37194, 
            1.616513, 
            -0.9649130234896675, 
            1.068396, 
            -4.947545, 
            1.318665, 
            -5.273204, 
            -1.453353, 
            3.926724, 
            -3.480979, 
            0.6565691286849897, 
            -0.270359, 
            -1.518132, 
            1.532932, 
            1.14168, 
            1.652039, 
            -1.520345, 
            -2.536703, 
            0.5697121631206945, 
            -2.732231, 
            -1.887954, 
            3.093112, 
            -2.484598, 
            -0.460608, 
            2.06953, 
            -1.52206, 
            0.7906826368382611
        ], 
        [
            -1.453564, 
            3.442175, 
            1.950737, 
            -1.202178, 
            -0.897741, 
            -0.845386, 
            -1.455775, 
            0.016615703525505898, 
            -2.76264, 
            -4.696293, 
            0.377776, 
            -2.821078, 
            4.232558, 
            0.713966, 
            1.639602, 
            0.7643350781335039, 
            -2.175488, 
            -1.366881, 
            -0.826096, 
            -0.107832, 
            -0.562543, 
            0.987976, 
            1.43549, 
            -0.7777743668360326, 
            1.350914, 
            -2.376563, 
            -1.883216, 
            -0.605042, 
            1.630295, 
            1.039409, 
            -2.21868, 
            0.15272464500509386, 
            3.405803, 
            1.483712, 
            0.812841, 
            0.129714, 
            2.585039, 
            2.087627, 
            -0.793054, 
            -0.9886940723935247, 
            -0.281459, 
            2.599584, 
            3.294725, 
            -0.179272, 
            -1.963424, 
            2.055479, 
            -0.953955, 
            -0.6891020065585065, 
            1.795817, 
            -2.107165, 
            -1.922978, 
            0.501398, 
            -0.175064, 
            2.932151, 
            -1.53762, 
            0.15304503428206706, 
            -3.664542, 
            2.394602, 
            1.414113, 
            0.86817, 
            0.110722, 
            -2.895938, 
            0.701329, 
            0.30857268691341333
        ], 
        [
            -2.58102, 
            1.846048, 
            3.145557, 
            -4.386855, 
            1.541439, 
            -0.548994, 
            3.140017, 
            1.012201, 
            -4.30788, 
            3.495368, 
            1.145135, 
            1.280916, 
            0.474126, 
            3.761376, 
            -3.110707, 
            -2.192949
        ]
    ], 
    "momentum weights" : [
        [
            2.700518, 
            -6.083442, 
            0.132849, 
            -1.929483, 
            3.549973, 
            3.252606, 
            -1.726633, 
            0.7610061969623538, 
            -1.321689, 
            -7.106315, 
            -0.522311, 
            1.774615, 
            -2.5058, 
            4.37194, 
            1.616513, 
            -0.9649130234896675, 
            1.068396, 
            -4.947545, 
            1.318665, 
            -5.273204, 
            -1.453353, 
            3.926724, 
            -3.480979, 
            0.6565691286849897, 
            -0.270359, 
            -1.518132, 
            1.532932, 
            1.14168, 
            1.652039, 
            -1.520345, 
            -2.536703, 
            0.5697121631206945, 
            -2.732231, 
            -1.887954, 
            3.093112, 
            -2.484598, 
            -0.460608, 
            2.06953, 
            -1.52206, 
            0.7906826368382611
        ], 
        [
            -1.453564, 
            3.442175, 
            1.950737, 
            -1.202178, 
            -0.897741, 
            -0.845386, 
            -1.455775, 
            0.016615703525505898, 
            -2.76264, 
            -4.696293, 
            0.377776, 
            -2.821078, 
            4.232558, 
            0.713966, 
            1.639602, 
            0.7643350781335039, 
            -2.175488, 
            -1.366881, 
            -0.826096, 
            -0.107832, 
            -0.562543, 
            0.987976, 
            1.43549, 
            -0.7777743668360326, 
            1.350914, 
            -2.376563, 
            -1.883216, 
            -0.605042, 
            1.630295, 
            1.039409, 
            -2.21868, 
            0.15272464500509386, 
            3.405803, 
            1.483712, 
            0.812841, 
            0.129714, 
            2.585039, 
            2.087627, 
            -0.793054, 
            -0.9886940723935247, 
            -0.281459, 
            2.599584, 
            3.294725, 
            -0.179272, 
            -1.963424, 
            2.055479, 
            -0.953955, 
            -0.6891020065585065, 
            1.795817, 
            -2.107165, 
            -1.922978, 
            0.501398, 
            -0.175064, 
            2.932151, 
            -1.53762, 
            0.15304503428206706, 
            -3.664542, 
            2.394602, 
            1.414113, 
            0.86817, 
            0.110722, 
            -2.895938, 
            0.701329, 
            0.30857268691341333
        ], 
        [
            -2.58102, 
            1.846048, 
            3.145557, 
            -4.386855, 
            1.541439, 
            -0.548994, 
            3.140017, 
            1.012201, 
            -4.30788, 
            3.495368, 
            1.145135, 
            1.280916, 
            0.474126, 
            3.761376, 
            -3.110707, 
            -2.192949
        ]
    ], 
    "nodes" : [
        [
            -0.7123509940938494, 
            -0.4034881588942065, 
            0.42417989531953393, 
            0.4836011165971066, 
            1.0
        ], 
        [
            -0.9990000289135573, 
            0.986074213171431, 
            0.9997580495953104, 
            -0.9982169208764072, 
            -0.9463828379972664, 
            -0.793605291520791, 
            -0.9986434749707834, 
            0.7615941559557649
        ], 
        [
            -0.9999999999646635, 
            -0.9999963211875859, 
            -0.7206180676192048, 
            -0.7185649982401832, 
            0.9780939690707134, 
            -0.9999989748125769, 
            0.9999999977295333, 
            0.7615941559557649
        ], 
        [
            -0.9999999996148257, 
            0.9999948845629454
        ]
    ], 
    "pre activation nodes" : [
        [
            0.0, 
            0.0, 
            0.0, 
            0.0, 
            0.0
        ], 
        [
            -3.800215631469878, 
            2.480086461554076, 
            4.509901995074787, 
            -3.5108344038808226, 
            -1.7959293853395857, 
            -1.0810963032356828, 
            -3.6476488313180306, 
            1.0
        ], 
        [
            -12.379625297294563, 
            -6.603032956289701, 
            -0.9089295339739318, 
            -0.9046716984627965, 
            2.251563517178956, 
            -7.241890889118846, 
            10.298213798644255, 
            1.0
        ], 
        [
            -11.185236078458612, 
            6.438196169692042
        ]
    ],