{
    "child iterations" : 15, 
    "is fertile" : false, 
    "is classifier" : false, 
    "is child" : false, 
    "weights" : [
        [
            0.072323, 
            1.019485, 
            -0.014363, 
            0.283068, 
            -0.952951, 
            -0.350083, 
            -0.842522, 
            -0.37922819545262465, 
            0.301988, 
            -0.502671, 
            -0.5891222590084568, 
            0.598278, 
            -0.946573, 
            -0.855858, 
            -1.06481, 
            -0.297355, 
            0.210253, 
            1.061756, 
            -0.704139, 
            -0.081368, 
            -0.563028, 
            -0.05577137994847825, 
            -0.228762, 
            -1.200269, 
            -1.020703, 
            0.94918, 
            1.006116, 
            -0.565309, 
            -1.00983, 
            -0.726909, 
            -0.434884, 
            0.843679, 
            0.3439001657971288, 
            0.40712, 
            -0.037628, 
            0.617808, 
            -0.929676, 
            0.88842, 
            0.08867, 
            0.414858, 
            -0.658362, 
            0.482727, 
            1.044975, 
            -0.44652128995870743, 
            -0.539607, 
            -0.425284, 
            0.052053, 
            -1.119079, 
            0.774157, 
            -0.210268, 
            -0.471122, 
            1.04428, 
            0.963811, 
            -0.219073, 
            0.2454002859103257, 
            -0.258033, 
            1.188745, 
            0.936468, 
            -0.168913, 
            -0.438142, 
            0.131604, 
            0.757839, 
            0.38414, 
            -0.865108, 
            -0.469615, 
            0.29360746296773876, 
            0.691153, 
            -0.802097, 
            -0.05018, 
            1.043561, 
            1.036794, 
            -0.643315, 
            -0.565121, 
            1.024692, 
            0.692602, 
            -0.575011, 
            -0.8935910332106114, 
            0.446815, 
            0.732193, 
            1.026642, 
            0.325086, 
            0.807424, 
            1.126751, 
            -0.448287, 
            -0.57479, 
            0.744834, 
            0.052222, 
            -0.7937291185956261, 
            -0.675987, 
            -0.549372, 
            0.149881, 
            -0.723009, 
            0.3514, 
            -0.826367, 
            -0.784544, 
            1.043696, 
            -1.153505, 
            -0.207776, 
            0.7116349125335117, 
            -0.318073, 
            0.602464, 
            0.630893, 
            -0.157035, 
            0.910553, 
            0.164541, 
            -1.139627, 
            0.970909, 
            0.285062, 
            0.742388, 
            -0.7674866310276927, 
            0.73316, 
            1.001242, 
            0.60213, 
            0.362897, 
            0.75826, 
            -0.039891, 
            -0.534938, 
            -0.562543, 
            0.029054, 
            -0.945677, 
            0.864329618319104
        ], 
        [
            -0.260336, 
            -1.012534, 
            0.756208, 
            -1.125126, 
            -0.484416, 
            -0.774056, 
            -0.228524, 
            0.797856, 
            -0.661757, 
            -1.046571, 
            -0.7251241535583517, 
            0.983566, 
            0.45016, 
            1.046953, 
            -0.99123, 
            -1.041632, 
            -0.514258, 
            -0.516295, 
            -1.076867, 
            0.133864, 
            0.200727, 
            -0.3749829974609993, 
            1.072241, 
            -0.55011, 
            0.227503, 
            -0.865452, 
            -0.582338, 
            -0.586137, 
            -0.862584, 
            0.926724, 
            0.94253, 
            0.762244, 
            -0.6436467128885073, 
            0.991328, 
            0.285783, 
            0.489337, 
            -0.293695, 
            0.842884, 
            1.146277, 
            -0.779341, 
            0.898941, 
            -0.532616, 
            0.884254, 
            -0.7939345930240278, 
            0.53539, 
            0.63915, 
            0.037215, 
            -0.427786, 
            -0.953344, 
            -1.024892, 
            -0.506843, 
            -0.870469, 
            -0.225081, 
            1.149155, 
            0.2506923440864881, 
            0.032379, 
            0.890251, 
            -0.04397, 
            -0.461566, 
            0.086233, 
            -0.290568, 
            -0.326356, 
            0.684285, 
            -0.670329, 
            -0.842331, 
            -0.03392805340718086, 
            1.100109, 
            0.681453, 
            0.964874, 
            -0.965184, 
            0.241485, 
            -0.341547, 
            -0.994691, 
            0.969883, 
            -0.1299, 
            0.529618, 
            0.17483028682563306, 
            -0.056861, 
            1.065753, 
            0.219642, 
            -0.696615, 
            -0.949597, 
            0.862938, 
            0.207708, 
            0.36341, 
            0.860371, 
            0.62143, 
            -0.5329112644536407, 
            -0.822367, 
            0.18825, 
            0.453232, 
            0.709571, 
            -0.351602, 
            -0.979151, 
            1.080389, 
            1.077843, 
            0.727439, 
            1.043112, 
            -0.2714221041272462, 
            0.206927, 
            -0.908361, 
            0.588341, 
            -0.515709, 
            0.892594, 
            -0.512612, 
            0.40397, 
            1.097066, 
            0.590164, 
            -1.018031, 
            0.7422391557022758, 
            0.648577, 
            -0.828326, 
            -0.95793, 
            -0.56803, 
            0.90541, 
            -0.786387, 
            0.820871, 
            -0.946367, 
            -1.040603, 
            0.956707, 
            0.1793868729510053
        ], 
        [
            0.997955, 
            0.611239, 
            0.721265, 
            -0.275826, 
            -0.591035, 
            0.771039, 
            0.062771, 
            0.581333, 
            0.860806, 
            0.448509, 
            0.645437, 
            1.049783, 
            0.541211, 
            -0.08801, 
            0.927026, 
            1.061842, 
            0.383957, 
            0.641574, 
            0.873271, 
            -0.282864, 
            0.153958, 
            0.353461, 
            0.08774, 
            1.122198, 
            1.016688, 
            1.056147, 
            0.654039, 
            -0.382587, 
            -0.579905, 
            0.970814, 
            0.42034, 
            -0.702175, 
            0.758541, 
            -0.751639, 
            -0.104496, 
            0.081717, 
            -0.594068, 
            -0.455371, 
            0.169217, 
            0.922399, 
            -0.149498, 
            0.486819, 
            0.574772, 
            -0.088066, 
            -0.177822, 
            -0.130613, 
            0.298773, 
            1.104336, 
            0.898716, 
            0.605796, 
            -0.018447, 
            0.52494, 
            -0.520195, 
            -0.128186, 
            -0.807935, 
            -1.142129, 
            -1.035322, 
            0.778222, 
            -1.149489, 
            0.427835, 
            0.534766, 
            -0.879133, 
            1.093237, 
            -0.839255, 
            -1.009041, 
            0.217158
        ]
    ],