{
    "child iterations" : 15, 
    "is fertile" : false, 
    "is classifier" : false, 
    "is child" : false, 
    "weights" : [
        [
            6.560974, 
            -1.04184, 
            5.770926, 
            -0.063032, 
            -2.507345, 
            2.475004, 
            0.7488796505552733, 
            5.88638, 
            -2.815622, 
            5.469158, 
            3.631092, 
            -3.490498, 
            5.036932, 
            0.28063077414329696, 
            7.875114, 
            1.735434, 
            3.763261, 
            -1.233419, 
            5.67747, 
            1.126158, 
            0.5482553455571564, 
            -1.750823, 
            0.600156, 
            3.300848, 
            -2.418702, 
            -4.384815, 
            -0.407658, 
            -0.329734131882812, 
            3.657872, 
            -2.42306, 
            1.868575, 
            2.743817, 
            5.52415, 
            -2.118969, 
            -0.6780687405975823
        ], 
        [
            2.065156, 
            4.540019, 
            0.897035, 
            -4.921357, 
            0.444959, 
            0.6384167643724614, 
            -2.240037, 
            -1.778974, 
            -0.23325, 
            0.985867, 
            2.099401, 
            -0.4698354840624819, 
            -0.196937, 
            3.021168, 
            0.242377, 
            -3.725442, 
            2.150206, 
            -0.47458369992688954, 
            1.939865, 
            0.786009, 
            3.577009, 
            0.191819, 
            0.074879, 
            -0.33099255194112365, 
            -4.001213, 
            -0.345037, 
            -1.920336, 
            -2.411688, 
            -1.729351, 
            0.44141231645533185, 
            -1.264286, 
            1.169369, 
            -4.698983, 
            -2.442433, 
            3.200445, 
            0.0619745941838703, 
            -0.220836, 
            0.638646, 
            -3.844992, 
            0.593508, 
            0.195659, 
            -0.8871209331274794
        ], 
        [
            -0.93589, 
            0.724327, 
            1.875925, 
            -5.261868, 
            4.203633, 
            1.695082, 
            -7.027674, 
            3.307026, 
            0.913143, 
            -0.376382, 
            1.24335, 
            0.428687
        ]
    ], 
    "momentum weights" : [
        [
            6.560974, 
            -1.04184, 
            5.770926, 
            -0.063032, 
            -2.507345, 
            2.475004, 
            0.7488796505552733, 
            5.88638, 
            -2.815622, 
            5.469158, 
            3.631092, 
            -3.490498, 
            5.036932, 
            0.28063077414329696, 
            7.875114, 
            1.735434, 
            3.763261, 
            -1.233419, 
            5.67747, 
            1.126158, 
            0.5482553455571564, 
            -1.750823, 
            0.600156, 
            3.300848, 
            -2.418702, 
            -4.384815, 
            -0.407658, 
            -0.329734131882812, 
            3.657872, 
            -2.42306, 
            1.868575, 
            2.743817, 
            5.52415, 
            -2.118969, 
            -0.6780687405975823
        ], 
        [
            2.065156, 
            4.540019, 
            0.897035, 
            -4.921357, 
            0.444959, 
            0.6384167643724614, 
            -2.240037, 
            -1.778974, 
            -0.23325, 
            0.985867, 
            2.099401, 
            -0.4698354840624819, 
            -0.196937, 
            3.021168, 
            0.242377, 
            -3.725442, 
            2.150206, 
            -0.47458369992688954, 
            1.939865, 
            0.786009, 
            3.577009, 
            0.191819, 
            0.074879, 
            -0.33099255194112365, 
            -4.001213, 
            -0.345037, 
            -1.920336, 
            -2.411688, 
            -1.729351, 
            0.44141231645533185, 
            -1.264286, 
            1.169369, 
            -4.698983, 
            -2.442433, 
            3.200445, 
            0.0619745941838703, 
            -0.220836, 
            0.638646, 
            -3.844992, 
            0.593508, 
            0.195659, 
            -0.8871209331274794
        ], 
        [
            -0.93589, 
            0.724327, 
            1.875925, 
            -5.261868, 
            4.203633, 
            1.695082, 
            -7.027674, 
            3.307026, 
            0.913143, 
            -0.376382, 
            1.24335, 
            0.428687
        ]
    ], 
    "nodes" : [
        [
            -0.6846158838673388, 
            -0.4110766444525102, 
            0.40158959226312274, 
            0.4050592396592014, 
            1.0
        ], 
        [
            -0.6641773856480098, 
            0.36934776477367287, 
            -0.9018812738167379, 
            -0.1787907554751565, 
            0.9999999787268417, 
            -0.9999724782376269, 
            0.7615941559557649
        ], 
        [
            -0.9999474410284284, 
            -0.9999994635168056, 
            -0.9341316526162645, 
            0.9999993116846164, 
            -0.9999925977641168, 
            0.7615941559557649
        ], 
        [
            -0.9999999999002414, 
            0.9999982129129502
        ]
    ], 
    "pre activation nodes" : [
        [
            0.0, 
            0.0, 
            0.0, 
            0.0, 
            0.0
        ], 
        [
            -0.8002515652852291, 
            0.38766762175148184, 
            -1.4822102911633015, 
            -0.18073323304820654, 
            9.1794834510834, 
            -5.596833463407807, 
            1.0
        ], 
        [
            -5.273347825728866, 
            -7.5656887561171136, 
            -1.6898778665621124, 
            7.4410827670371225, 
            -6.253435968218872, 
            1.0
        ], 
        [
            -11.86070713393233, 
            6.964034948587358
        ]
    ], 
    "average nodes" : [
        [
            0.0, 
            0.0, 
            0.0, 
            0.0, 
            0.0
        ], 
        [
            0.0, 
            0.0, 
            0.0, 
            0.0, 
            0.0, 
            0.0, 
            0.0
        ], 
        [
            0.0, 
            0.0, 
            0.0, 
            0.0, 
            0.0, 
            0.0
        ], 
        [
            0.0, 
            0.0
        ]
    ], 
    "input width" : 4, 
    "output width" : 2, 
    "hidden width" : 7, 
    "hidden length" : 2, 
    "hidden layer details" : {
        "items" : 3, 
        "0" : "is shallow", 
        "1" : "probabilities", 
        "2" : "width", 
        "is shallow" : true, 
        "probabilities" : {
            "2" : 0.85, 
            "3" : 0.12, 
            "1" : 0.03
        }, 
        "width" : {
            "no change" : 0.6, 
            "decrease" : 0.35, 
            "increase" : 0.05
        }
    }, 
    "weight range" : 1.0, 
    "activation function" : 2, 
    "learning rate" : 0.05, 
    "momentum active" : true, 
    "momentum" : 0.001, 
    "accuracy requirement" : 0.985, 
    "epochs" : 10, 
    "batch size" : 40, 
    "accuracy sample size" : 150, 
    "fitness sample size" : 15, 
    "allow testing" : false, 
    "show output" : true, 
    "use bias" : true, 
    "clear bias" : false, 
    "bias value" : 1.0, 
    "child" : null
}