{
    "child iterations" : 15, 
    "is fertile" : false, 
    "is classifier" : false, 
    "is child" : false, 
    "weights" : [
        [
            0.359455, 
            -0.173849, 
            -1.074387, 
            -1.051074, 
            -1.097751, 
            -0.535301, 
            -0.847366, 
            -0.821228, 
            -0.729415, 
            -0.446677, 
            0.42009267212575296, 
            0.576053, 
            0.011254, 
            -0.832838, 
            0.92994, 
            0.802638, 
            1.16977, 
            -1.250962, 
            -0.041337, 
            -0.270208, 
            1.115206, 
            -0.8285512923804403, 
            -1.090245, 
            -0.561421, 
            0.628345, 
            0.197042, 
            0.803636, 
            -0.957799, 
            -0.200518, 
            0.893788, 
            -0.271119, 
            -0.904648, 
            0.20967005988826726, 
            0.640436, 
            0.305332, 
            -0.76654, 
            0.875671, 
            -0.171855, 
            -0.383872, 
            0.057412, 
            0.804486, 
            -0.338284, 
            0.34165, 
            0.8721447768458974, 
            -0.024533, 
            0.598893, 
            -0.509484, 
            0.547886, 
            -0.539071, 
            -0.539813, 
            -0.343991, 
            -1.170806, 
            0.159726, 
            -0.385347, 
            -0.2589699627875044, 
            0.005159, 
            1.165206, 
            0.22253, 
            -0.422972, 
            0.012531, 
            0.735343, 
            -0.273825, 
            -0.020498, 
            -0.994555, 
            -1.064296, 
            -0.5801336209846326, 
            1.149647, 
            0.677322, 
            -0.346879, 
            0.969988, 
            -0.689808, 
            0.2664, 
            0.672986, 
            0.433438, 
            0.283883, 
            -0.920465, 
            0.9008898970041481, 
            -0.25145, 
            1.164379, 
            0.211428, 
            0.001672, 
            1.254113, 
            -0.899614, 
            -1.158115, 
            0.246425, 
            -0.287543, 
            0.191891, 
            -0.6783621983280739, 
            -0.546331, 
            0.084464, 
            0.060476, 
            -1.248366, 
            1.13146, 
            -0.381332, 
            0.464481, 
            0.806802, 
            -0.458764, 
            0.10054, 
            0.7870098832065449, 
            -0.085897, 
            0.039601, 
            0.78095, 
            -0.124676, 
            -0.094379, 
            -0.58075, 
            0.239762, 
            1.032347, 
            0.562793, 
            -1.130259, 
            -0.7535183295122903, 
            -0.777191, 
            -0.467356, 
            -0.783458, 
            0.570557, 
            -1.091304, 
            -0.498004, 
            -0.823667, 
            -0.319656, 
            -0.144322, 
            0.760481, 
            0.11389213797387265
        ], 
        [
            -0.68532, 
            0.223491, 
            1.025055, 
            -1.252783, 
            0.366867, 
            -1.091199, 
            0.994592, 
            -1.039306, 
            -0.282316, 
            0.413788, 
            0.5429438505449111, 
            -0.937906, 
            -1.07691, 
            -1.204405, 
            0.143389, 
            -0.845414, 
            -0.595744, 
            -0.658134, 
            -0.383576, 
            0.256171, 
            0.703563, 
            -0.9761040970009476, 
            -0.921686, 
            0.43786, 
            0.187456, 
            -1.072131, 
            1.137778, 
            -0.843668, 
            0.637263, 
            0.869603, 
            -0.694767, 
            -0.7012, 
            -0.11722508465673442, 
            -0.553311, 
            0.352934, 
            1.187393, 
            -0.530575, 
            -1.256688, 
            1.080655, 
            -1.219487, 
            -0.084422, 
            0.903278, 
            0.953886, 
            0.016126963850606302, 
            -1.029289, 
            -0.149983, 
            -0.925613, 
            0.404274, 
            0.452017, 
            0.125236, 
            -0.023016, 
            0.74305, 
            -0.253537, 
            -1.113821, 
            0.08665468579829394, 
            -0.998905, 
            0.677391, 
            -0.793397, 
            0.776569, 
            -0.393689, 
            -0.042487, 
            0.394982, 
            -0.218671, 
            0.182765, 
            0.621936, 
            0.5512841782867246, 
            0.301251, 
            -1.132925, 
            -0.828163, 
            0.290113, 
            0.018013, 
            0.199164, 
            1.110329, 
            0.699939, 
            0.04808, 
            -1.075543, 
            0.9952627342303406, 
            0.282267, 
            0.12391, 
            0.089038, 
            0.902466, 
            0.281443, 
            0.106068, 
            0.448459, 
            0.090027, 
            -0.300288, 
            1.187583, 
            -0.8833061000708802, 
            -0.864849, 
            -0.479407, 
            -0.795284, 
            -0.945233, 
            -0.612216, 
            0.059841, 
            -0.105191, 
            -0.244096, 
            0.363021, 
            1.211951, 
            0.6610596346241164, 
            0.37975, 
            1.119683, 
            0.84132, 
            0.045266, 
            1.074741, 
            -0.08271, 
            0.501585, 
            0.507518, 
            -0.648757, 
            0.23546, 
            0.8399662669058037, 
            -0.149497, 
            1.119039, 
            1.272543, 
            -1.002183, 
            0.091785, 
            0.747231, 
            -0.650311, 
            -0.67286, 
            0.855951, 
            0.580954, 
            0.2940837457804497
        ], 
        [
            0.734303, 
            0.503991, 
            -1.022523, 
            -0.837669, 
            -0.443085, 
            -0.444624, 
            -0.275303, 
            -1.261553, 
            0.506384, 
            -0.55873, 
            1.027804
        ]
    ],