{
    "child iterations" : 15, 
    "is fertile" : false, 
    "is classifier" : false, 
    "is child" : false, 
    "weights" : [
        [
            1.20146, 
            1.968379, 
            -8.968069, 
            0.741435, 
            5.974796, 
            -0.497326, 
            0.10999795552850622, 
            -0.183164, 
            3.371342, 
            -3.552152, 
            -1.650234, 
            6.745262, 
            10.084604, 
            0.9078942976070281, 
            -2.269648, 
            7.281561, 
            -4.183203, 
            1.379481, 
            10.578181, 
            5.72056, 
            -0.5308630238049639, 
            2.288761, 
            4.504481, 
            2.626708, 
            -2.629285, 
            0.759561, 
            0.580934, 
            -0.39099411822462327, 
            2.564835, 
            -0.019986, 
            -2.01307, 
            -2.204256, 
            4.207234, 
            -0.265321, 
            0.8150832804406685
        ], 
        [
            -5.390705, 
            2.065356, 
            2.645216, 
            -2.765774, 
            1.175809, 
            4.445802, 
            0.7743040712970501, 
            -4.090086, 
            -1.917732, 
            -2.079321, 
            3.072224, 
            -0.512757, 
            -4.688068, 
            0.8113114156792776, 
            0.196948, 
            4.832206, 
            -2.80403, 
            -3.817442, 
            -3.729402, 
            0.513814, 
            0.4704232632411336, 
            -3.503342, 
            1.451169, 
            -2.58677, 
            3.338644, 
            -4.299111, 
            3.876512, 
            -0.6957692621199543, 
            8.103414, 
            -3.709866, 
            -1.806648, 
            -0.627372, 
            3.412747, 
            1.48026, 
            0.2504833574020353, 
            -4.093709, 
            -5.3164, 
            -1.966967, 
            -0.895496, 
            1.463598, 
            0.990062, 
            -0.6539953193985182, 
            -6.678992, 
            -3.97265, 
            -0.134821, 
            3.802095, 
            -0.819874, 
            0.809593, 
            0.13059403097751154
        ], 
        [
            2.012659, 
            5.429539, 
            -6.145625, 
            10.848595, 
            -0.151337, 
            -5.082983, 
            0.447846, 
            -2.154921, 
            5.484287, 
            1.225434, 
            2.937198, 
            1.211203, 
            -2.350537, 
            4.075406
        ]
    ], 
    "momentum weights" : [
        [
            1.20146, 
            1.968379, 
            -8.968069, 
            0.741435, 
            5.974796, 
            -0.497326, 
            0.10999795552850622, 
            -0.183164, 
            3.371342, 
            -3.552152, 
            -1.650234, 
            6.745262, 
            10.084604, 
            0.9078942976070281, 
            -2.269648, 
            7.281561, 
            -4.183203, 
            1.379481, 
            10.578181, 
            5.72056, 
            -0.5308630238049639, 
            2.288761, 
            4.504481, 
            2.626708, 
            -2.629285, 
            0.759561, 
            0.580934, 
            -0.39099411822462327, 
            2.564835, 
            -0.019986, 
            -2.01307, 
            -2.204256, 
            4.207234, 
            -0.265321, 
            0.8150832804406685
        ], 
        [
            -5.390705, 
            2.065356, 
            2.645216, 
            -2.765774, 
            1.175809, 
            4.445802, 
            0.7743040712970501, 
            -4.090086, 
            -1.917732, 
            -2.079321, 
            3.072224, 
            -0.512757, 
            -4.688068, 
            0.8113114156792776, 
            0.196948, 
            4.832206, 
            -2.80403, 
            -3.817442, 
            -3.729402, 
            0.513814, 
            0.4704232632411336, 
            -3.503342, 
            1.451169, 
            -2.58677, 
            3.338644, 
            -4.299111, 
            3.876512, 
            -0.6957692621199543, 
            8.103414, 
            -3.709866, 
            -1.806648, 
            -0.627372, 
            3.412747, 
            1.48026, 
            0.2504833574020353, 
            -4.093709, 
            -5.3164, 
            -1.966967, 
            -0.895496, 
            1.463598, 
            0.990062, 
            -0.6539953193985182, 
            -6.678992, 
            -3.97265, 
            -0.134821, 
            3.802095, 
            -0.819874, 
            0.809593, 
            0.13059403097751154
        ], 
        [
            2.012659, 
            5.429539, 
            -6.145625, 
            10.848595, 
            -0.151337, 
            -5.082983, 
            0.447846, 
            -2.154921, 
            5.484287, 
            1.225434, 
            2.937198, 
            1.211203, 
            -2.350537, 
            4.075406
        ]
    ], 
    "nodes" : [
        [
            0.7809892621999149, 
            0.42501131911677215, 
            -0.7935942447282831, 
            0.45867590496194655, 
            1.0
        ], 
        [
            0.9999929285552752, 
            -0.6424606184555917, 
            -0.9999877647905984, 
            -0.9998086807220071, 
            0.9987632710781298, 
            -0.5655797040238593, 
            0.7615941559557649
        ], 
        [
            0.9999838965532607, 
            -0.9999970273816561, 
            0.9999999289811757, 
            -0.9023291841634975, 
            0.9999999997902833, 
            0.9997992077250115, 
            0.7615941559557649
        ], 
        [
            0.9999999999991331, 
            -0.9952239276786673
        ]
    ], 
    "pre activation nodes" : [
        [
            0.0, 
            0.0, 
            0.0, 
            0.0, 
            0.0
        ], 
        [
            6.276294698983673, 
            -0.7623526296254447, 
            -6.002166904590338, 
            -4.627309214662041, 
            3.6939069879979662, 
            -0.6409994814522214, 
            1.0
        ], 
        [
            5.864808177251828, 
            -6.709606545247866, 
            8.576734005083845, 
            -1.4846157491784875, 
            11.489205518254224, 
            4.603143210721161, 
            1.0
        ], 
        [
            14.233531805215817, 
            -3.0174465244211137
        ]
    ], 
    "average nodes" : [
        [
            0.0, 
            0.0, 
            0.0, 
            0.0, 
            0.0
        ], 
        [
            0.0, 
            0.0, 
            0.0, 
            0.0, 
            0.0, 
            0.0, 
            0.0
        ], 
        [
            0.0, 
            0.0, 
            0.0, 
            0.0, 
            0.0, 
            0.0, 
            0.0
        ], 
        [
            0.0, 
            0.0
        ]
    ], 
    "input width" : 4, 
    "output width" : 2, 
    "hidden width" : 6, 
    "hidden length" : 2, 
    "hidden layer details" : {
        "items" : 3, 
        "0" : "is shallow", 
        "1" : "probabilities", 
        "2" : "width", 
        "is shallow" : true, 
        "probabilities" : {
            "2" : 0.85, 
            "3" : 0.12, 
            "1" : 0.03
        }, 
        "width" : {
            "no change" : 0.6, 
            "decrease" : 0.35, 
            "increase" : 0.05
        }
    }, 
    "weight range" : 1.0, 
    "activation function" : 2, 
    "learning rate" : 0.05, 
    "momentum active" : true, 
    "momentum" : 0.001, 
    "accuracy requirement" : 0.985, 
    "epochs" : 10, 
    "batch size" : 40, 
    "accuracy sample size" : 150, 
    "fitness sample size" : 15, 
    "allow testing" : false, 
    "show output" : true, 
    "use bias" : true,