{
    "child iterations" : 15, 
    "is fertile" : false, 
    "is classifier" : false, 
    "is child" : false, 
    "weights" : [
        [
            -6.410863, 
            3.501596, 
            2.811503, 
            0.527948, 
            -7.806477, 
            0.15614522751728277, 
            -7.262918, 
            4.932269, 
            0.094838, 
            -0.044872, 
            -0.114321, 
            -0.8573296137575859, 
            -7.759126, 
            0.883921, 
            4.536492, 
            -0.497905, 
            1.940645, 
            -0.6513669455273379, 
            0.173832, 
            -1.912072, 
            -0.09807, 
            -2.929671, 
            -1.74594, 
            0.21284707919345625, 
            -2.44684, 
            -2.082905, 
            1.917577, 
            -2.362641, 
            0.047322, 
            -0.32601930610968055
        ], 
        [
            -4.521649, 
            3.059527, 
            -3.262307, 
            -4.948906, 
            1.118089, 
            0.7198069626421562, 
            0.407173, 
            -4.485084, 
            2.065755, 
            1.36428, 
            2.793272, 
            0.5050434045970373, 
            2.152085, 
            -1.318842, 
            0.427633, 
            3.033462, 
            -0.750326, 
            -0.0005667202918282488, 
            -2.80698, 
            1.052366, 
            2.272548, 
            -0.157237, 
            -2.264648, 
            -0.8301617011517435, 
            -2.259726, 
            -3.037117, 
            1.942176, 
            3.359183, 
            -5.439233, 
            -0.9794110871625981, 
            -2.635831, 
            2.283077, 
            2.811895, 
            2.483431, 
            2.524594, 
            0.38845583994611443
        ], 
        [
            -2.18365, 
            -4.515465, 
            2.667553, 
            -2.276872, 
            -1.551793, 
            -0.21281321246913998, 
            3.460089, 
            2.928201, 
            -1.819511, 
            -0.184264, 
            2.547194, 
            0.1043857224640885, 
            -0.44064, 
            1.265891, 
            0.626376, 
            -2.70498, 
            -0.144477, 
            0.5312680529911551, 
            -1.246141, 
            1.265779, 
            -1.653553, 
            -2.097298, 
            -3.377274, 
            -0.35445824227390643, 
            -4.320687, 
            3.504814, 
            0.913718, 
            -2.267771, 
            1.962581, 
            -0.09143776961804839, 
            -2.943628, 
            1.443567, 
            -1.443516, 
            1.721781, 
            -3.556514, 
            0.4884284089005868
        ], 
        [
            -2.640762, 
            5.218618, 
            0.017664, 
            2.160252, 
            0.864696, 
            -1.062354, 
            -5.40615, 
            -1.200398, 
            2.862268, 
            3.518415, 
            0.072487, 
            -1.543606
        ]
    ], 
    "momentum weights" : [
        [
            -6.410863, 
            3.501596, 
            2.811503, 
            0.527948, 
            -7.806477, 
            0.15614522751728277, 
            -7.262918, 
            4.932269, 
            0.094838, 
            -0.044872, 
            -0.114321, 
            -0.8573296137575859, 
            -7.759126, 
            0.883921, 
            4.536492, 
            -0.497905, 
            1.940645, 
            -0.6513669455273379, 
            0.173832, 
            -1.912072, 
            -0.09807, 
            -2.929671, 
            -1.74594, 
            0.21284707919345625, 
            -2.44684, 
            -2.082905, 
            1.917577, 
            -2.362641, 
            0.047322, 
            -0.32601930610968055
        ], 
        [
            -4.521649, 
            3.059527, 
            -3.262307, 
            -4.948906, 
            1.118089, 
            0.7198069626421562, 
            0.407173, 
            -4.485084, 
            2.065755, 
            1.36428, 
            2.793272, 
            0.5050434045970373, 
            2.152085, 
            -1.318842, 
            0.427633, 
            3.033462, 
            -0.750326, 
            -0.0005667202918282488, 
            -2.80698, 
            1.052366, 
            2.272548, 
            -0.157237, 
            -2.264648, 
            -0.8301617011517435, 
            -2.259726, 
            -3.037117, 
            1.942176, 
            3.359183, 
            -5.439233, 
            -0.9794110871625981, 
            -2.635831, 
            2.283077, 
            2.811895, 
            2.483431, 
            2.524594, 
            0.38845583994611443
        ], 
        [
            -2.18365, 
            -4.515465, 
            2.667553, 
            -2.276872, 
            -1.551793, 
            -0.21281321246913998, 
            3.460089, 
            2.928201, 
            -1.819511, 
            -0.184264, 
            2.547194, 
            0.1043857224640885, 
            -0.44064, 
            1.265891, 
            0.626376, 
            -2.70498, 
            -0.144477, 
            0.5312680529911551, 
            -1.246141, 
            1.265779, 
            -1.653553, 
            -2.097298, 
            -3.377274, 
            -0.35445824227390643, 
            -4.320687, 
            3.504814, 
            0.913718, 
            -2.267771, 
            1.962581, 
            -0.09143776961804839, 
            -2.943628, 
            1.443567, 
            -1.443516, 
            1.721781, 
            -3.556514, 
            0.4884284089005868
        ], 
        [
            -2.640762, 
            5.218618, 
            0.017664, 
            2.160252, 
            0.864696, 
            -1.062354, 
            -5.40615, 
            -1.200398, 
            2.862268, 
            3.518415, 
            0.072487, 
            -1.543606
        ]
    ], 
    "nodes" : [
        [
            -0.2364263101342045, 
            -0.40503728760285435, 
            -0.038835160574665545, 
            0.7749529447066204, 
            1.0
        ], 
        [
            0.9851182130287424, 
            -0.9999947437677386, 
            0.7452902576211252, 
            -0.9998411496624485, 
            0.4706431924612589, 
            0.7615941559557649
        ], 
        [
            -0.9982563530458871, 
            0.9999806631189461, 
            -0.9995295663365067, 
            -0.3356351867099458, 
            -0.5538735242069185, 
            0.7615941559557649
        ], 
        [
            0.9999966497483929, 
            0.9998899401186482, 
            -0.9999910576221225, 
            0.9999998018255699, 
            0.9183721772085687, 
            0.7615941559557649
        ], 
        [
            -0.9999919275013445, 
            0.9999999831548337
        ]
    ], 
    "pre activation nodes" : [
        [
            0.0, 
            0.0, 
            0.0, 
            0.0, 
            0.0
        ], 
        [
            2.446647815081148, 
            -6.424620320209728, 
            0.9622757629440103, 
            -4.720307912259077, 
            0.5108962155390816, 
            1.0
        ], 
        [
            -3.5220256926900335, 
            5.773316931101398, 
            -4.177383768226012, 
            -0.34916541838033366, 
            -0.623951825265211, 
            1.0
        ], 
        [
            6.649810306888922, 
            4.903789056734941, 
            -6.158925865842576, 
            8.063632657628586, 
            1.5785310558045826, 
            1.0
        ], 
        [
            -6.210095322584352, 
            9.29617463233016
        ]
    ],