{
    "child iterations" : 15, 
    "is fertile" : false, 
    "is classifier" : false, 
    "is child" : false, 
    "weights" : [
        [
            2.600978, 
            4.516462, 
            -3.466232, 
            2.743663, 
            -2.838897, 
            -3.014628, 
            0.6085856790871855, 
            -2.126473, 
            5.063088, 
            -3.874875, 
            -1.437809, 
            3.359516, 
            1.969963, 
            -0.06449942717934398, 
            -0.183893, 
            5.863426, 
            -3.253045, 
            -0.088769, 
            -1.788187, 
            -0.54526, 
            -0.4344455360492061, 
            4.397435, 
            0.324777, 
            0.649663, 
            -3.596987, 
            0.348406, 
            -2.254054, 
            -0.4827335774234196, 
            -1.33411, 
            1.289426, 
            -0.958598, 
            1.938902, 
            -2.439287, 
            0.299756, 
            -0.29090186379267147
        ], 
        [
            0.99029, 
            -0.868379, 
            1.658456, 
            1.187878, 
            2.010955, 
            -3.100488, 
            -0.503574785169862, 
            3.007781, 
            -3.504395, 
            -1.460361, 
            -0.013184, 
            2.21525, 
            -1.654132, 
            -0.04584759799362237, 
            -0.892601, 
            2.04209, 
            2.231923, 
            -1.030749, 
            -2.82865, 
            -1.587258, 
            0.3679736894035941, 
            2.034988, 
            0.894604, 
            1.53346, 
            1.055708, 
            2.30058, 
            -1.845966, 
            0.6588409264252493, 
            -1.35668, 
            -1.828954, 
            1.760284, 
            1.30503, 
            0.096885, 
            1.595059, 
            -0.08333148576814198, 
            -2.994871, 
            -2.176524, 
            1.924001, 
            -1.477427, 
            1.910983, 
            -2.439959, 
            0.444522163698851, 
            -1.089653, 
            0.186363, 
            2.693911, 
            0.712157, 
            3.12689, 
            -0.711477, 
            0.15488371632249098
        ], 
        [
            3.135969, 
            -1.004757, 
            -3.206206, 
            3.703645, 
            -1.479618, 
            1.109741, 
            0.408594, 
            0.177112, 
            1.852122, 
            -2.13511, 
            2.314036, 
            2.313153, 
            3.564412, 
            -0.967055
        ]
    ], 
    "momentum weights" : [
        [
            2.600978, 
            4.516462, 
            -3.466232, 
            2.743663, 
            -2.838897, 
            -3.014628, 
            0.6085856790871855, 
            -2.126473, 
            5.063088, 
            -3.874875, 
            -1.437809, 
            3.359516, 
            1.969963, 
            -0.06449942717934398, 
            -0.183893, 
            5.863426, 
            -3.253045, 
            -0.088769, 
            -1.788187, 
            -0.54526, 
            -0.4344455360492061, 
            4.397435, 
            0.324777, 
            0.649663, 
            -3.596987, 
            0.348406, 
            -2.254054, 
            -0.4827335774234196, 
            -1.33411, 
            1.289426, 
            -0.958598, 
            1.938902, 
            -2.439287, 
            0.299756, 
            -0.29090186379267147
        ], 
        [
            0.99029, 
            -0.868379, 
            1.658456, 
            1.187878, 
            2.010955, 
            -3.100488, 
            -0.503574785169862, 
            3.007781, 
            -3.504395, 
            -1.460361, 
            -0.013184, 
            2.21525, 
            -1.654132, 
            -0.04584759799362237, 
            -0.892601, 
            2.04209, 
            2.231923, 
            -1.030749, 
            -2.82865, 
            -1.587258, 
            0.3679736894035941, 
            2.034988, 
            0.894604, 
            1.53346, 
            1.055708, 
            2.30058, 
            -1.845966, 
            0.6588409264252493, 
            -1.35668, 
            -1.828954, 
            1.760284, 
            1.30503, 
            0.096885, 
            1.595059, 
            -0.08333148576814198, 
            -2.994871, 
            -2.176524, 
            1.924001, 
            -1.477427, 
            1.910983, 
            -2.439959, 
            0.444522163698851, 
            -1.089653, 
            0.186363, 
            2.693911, 
            0.712157, 
            3.12689, 
            -0.711477, 
            0.15488371632249098
        ], 
        [
            3.135969, 
            -1.004757, 
            -3.206206, 
            3.703645, 
            -1.479618, 
            1.109741, 
            0.408594, 
            0.177112, 
            1.852122, 
            -2.13511, 
            2.314036, 
            2.313153, 
            3.564412, 
            -0.967055
        ]
    ], 
    "nodes" : [
        [
            0.5445124721459014, 
            0.35268871119226786, 
            -0.49638529304068746, 
            0.6159942533438809, 
            1.0
        ], 
        [
            0.9722719479001649, 
            0.9929746908900594, 
            -0.9756315397527079, 
            0.637589788916016, 
            -0.9351576582389393, 
            -0.9430353752136048, 
            0.7615941559557649
        ], 
        [
            0.9999999857812141, 
            -0.950908347957852, 
            -0.985108658467508, 
            0.998303762433358, 
            0.9999999605052499, 
            -0.9993529296149061, 
            0.7615941559557649
        ], 
        [
            0.9999999977578149, 
            -0.9999999988219056
        ]
    ], 
    "pre activation nodes" : [
        [
            0.0, 
            0.0, 
            0.0, 
            0.0, 
            0.0
        ], 
        [
            2.1322484091683274, 
            2.8239322027319385, 
            -2.197676854922682, 
            0.7541020244398795, 
            -1.697992633530704, 
            -1.764788099157224, 
            1.0
        ], 
        [
            9.380924485568762, 
            -1.841180680862909, 
            -2.4463244962813855, 
            3.535820689335708, 
            8.870122620655907, 
            -4.017939537772853, 
            1.0
        ], 
        [
            10.304481056250099, 
            -10.626257405229902
        ]
    ], 
    "average nodes" : [
        [
            0.0, 
            0.0, 
            0.0, 
            0.0, 
            0.0
        ], 
        [
            0.0, 
            0.0, 
            0.0, 
            0.0, 
            0.0, 
            0.0, 
            0.0
        ], 
        [
            0.0, 
            0.0, 
            0.0, 
            0.0, 
            0.0, 
            0.0, 
            0.0
        ], 
        [
            0.0, 
            0.0
        ]
    ], 
    "input width" : 4, 
    "output width" : 2, 
    "hidden width" : 6, 
    "hidden length" : 2, 
    "hidden layer details" : {
        "items" : 3, 
        "0" : "is shallow", 
        "1" : "probabilities", 
        "2" : "width", 
        "is shallow" : true, 
        "probabilities" : {
            "2" : 0.85, 
            "3" : 0.12, 
            "1" : 0.03
        }, 
        "width" : {
            "no change" : 0.6, 
            "decrease" : 0.35, 
            "increase" : 0.05
        }
    }, 
    "weight range" : 1.0, 
    "activation function" : 2, 
    "learning rate" : 0.05, 
    "momentum active" : true, 
    "momentum" : 0.001, 
    "accuracy requirement" : 0.985, 
    "epochs" : 10, 
    "batch size" : 40, 
    "accuracy sample size" : 150, 
    "fitness sample size" : 15, 
    "allow testing" : false, 
    "show output" : true, 
    "use bias" : true,