{
    "child iterations" : 15, 
    "is fertile" : false, 
    "is classifier" : false, 
    "is child" : false, 
    "weights" : [
        [
            0.000638, 
            0.671077, 
            0.565765, 
            0.484668, 
            -0.936842, 
            0.022328, 
            0.557468, 
            0.886669, 
            0.687357, 
            0.702947, 
            0.236469, 
            -0.8821378647796829, 
            -0.545118, 
            -0.688639, 
            0.768783, 
            -0.466799, 
            -0.848351, 
            -0.8133, 
            0.129855, 
            -0.201865, 
            0.758274, 
            0.243873, 
            -0.435392, 
            -0.6910262813177426, 
            -0.428534, 
            -0.438986, 
            -0.808217, 
            -0.064477, 
            0.774967, 
            0.861848, 
            0.581851, 
            0.596681, 
            -0.773392, 
            -0.290058, 
            0.503248, 
            0.7118589327081382, 
            -0.780746, 
            0.833138, 
            -0.381122, 
            0.800068, 
            -0.424773, 
            0.024638, 
            -0.213486, 
            0.982963, 
            0.015104, 
            0.334032, 
            0.085982, 
            -0.6569489038294858, 
            -0.338341, 
            -0.208515, 
            -0.9234, 
            -0.247178, 
            -0.68184, 
            0.804327, 
            -0.090605, 
            0.239519, 
            0.008524, 
            0.844308, 
            0.119257, 
            -0.12386516808195136, 
            0.9822, 
            0.83755, 
            -0.89082, 
            0.208904, 
            -0.119913, 
            -0.905069, 
            0.778961, 
            -0.584697, 
            -0.221921, 
            0.202129, 
            0.837383, 
            0.21034501306580444, 
            -0.698729, 
            -0.226726, 
            0.288342, 
            -0.965214, 
            -0.232211, 
            -0.883638, 
            0.09977, 
            0.603565, 
            -0.562609, 
            -0.982431, 
            -0.901048, 
            -0.0006276505133429033, 
            0.516037, 
            0.037992, 
            -0.294117, 
            0.562356, 
            0.399972, 
            -0.937541, 
            0.590749, 
            -0.31389, 
            0.778721, 
            0.64986, 
            -0.316789, 
            -0.9391891728456363, 
            0.385757, 
            -0.219926, 
            -0.282513, 
            0.894776, 
            0.102829, 
            0.659552, 
            -0.227225, 
            0.291982, 
            0.664337, 
            -0.565555, 
            0.462035, 
            0.9049759708559364, 
            0.052581, 
            0.779007, 
            0.757395, 
            0.601514, 
            0.231745, 
            0.702624, 
            -0.767377, 
            -0.424223, 
            0.204971, 
            0.090096, 
            0.050313, 
            -0.08522370743807106, 
            0.924521, 
            -0.290425, 
            0.899829, 
            0.741827, 
            -0.352773, 
            0.47083, 
            -0.22006, 
            -0.967314, 
            0.608458, 
            0.711984, 
            0.914684, 
            -0.09752031257033433
        ], 
        [
            -0.959287, 
            -0.979858, 
            -0.911486, 
            0.992525, 
            0.935052, 
            0.16275, 
            0.544625, 
            -0.330426, 
            -0.815861, 
            -0.421717, 
            -0.513253, 
            -0.3186758111816652, 
            0.32717, 
            -1.014241, 
            -0.799428, 
            -1.028248, 
            -0.572164, 
            -0.867337, 
            0.64007, 
            0.384828, 
            -0.058408, 
            -0.835282, 
            -0.41918, 
            0.4165132800865048, 
            0.073226, 
            -0.773893, 
            -0.806731, 
            0.150649, 
            0.394957, 
            -0.455975, 
            -0.038178, 
            -0.442961, 
            -0.886334, 
            -0.611414, 
            0.914998, 
            0.6594302855380902, 
            -0.490273, 
            -0.105102, 
            -0.009398, 
            0.002703, 
            -0.031591, 
            -0.534559, 
            0.303465, 
            0.739051, 
            -0.796058, 
            -0.079127, 
            0.565532, 
            -0.030238491118208977, 
            0.997627, 
            -0.138074, 
            0.047066, 
            -1.021021, 
            -0.016486, 
            -0.543231, 
            -0.100667, 
            -0.502334, 
            -0.002074, 
            -0.30527, 
            0.043928, 
            0.13148591708646307, 
            -0.50639, 
            -0.370171, 
            -0.338553, 
            0.676019, 
            -0.359958, 
            0.810131, 
            -0.684787, 
            -0.834715, 
            0.213714, 
            0.033315, 
            -0.433468, 
            -0.24486822427808153, 
            -0.828947, 
            0.633446, 
            -0.236266, 
            -0.048349, 
            0.116352, 
            0.17936, 
            -0.744354, 
            -0.640311, 
            -0.537367, 
            0.474575, 
            0.389832, 
            0.3763269465991894, 
            0.521215, 
            0.615827, 
            -0.273693, 
            0.486229, 
            -0.430152, 
            -0.147201, 
            0.919138, 
            0.966088, 
            -0.293581, 
            -0.731498, 
            -0.595639, 
            0.36468025514790026, 
            0.492647, 
            -0.481343, 
            -0.190877, 
            0.954112, 
            0.189969, 
            1.015456, 
            0.633419, 
            -0.582201, 
            -0.918408, 
            -0.769289, 
            0.545391, 
            -0.7836069748054562, 
            0.490234, 
            0.88872, 
            -0.898073, 
            0.061422, 
            -0.78997, 
            0.907244, 
            0.883906, 
            0.960651, 
            0.871446, 
            -0.505231, 
            0.128094, 
            0.7926604699371762, 
            -0.91747, 
            -0.656785, 
            0.946057, 
            -0.849522, 
            0.57737, 
            0.681635, 
            0.763543, 
            1.010219, 
            -0.765357, 
            -0.822754, 
            0.181817, 
            -0.7288516482164389, 
            -0.404947, 
            0.856555, 
            -0.073443, 
            1.028692, 
            0.761314, 
            0.641187, 
            0.08252, 
            0.15045, 
            -0.287203, 
            0.552254, 
            0.608944, 
            0.29505488376861955
        ], 
        [
            0.26952, 
            0.327836, 
            -0.50817, 
            -0.000464, 
            0.119354, 
            -0.972843, 
            0.205353, 
            0.693989, 
            -0.677801, 
            1.050307, 
            0.742021, 
            0.29208
        ]
    ],