{
    "child iterations" : 15, 
    "is fertile" : false, 
    "is classifier" : false, 
    "is child" : false, 
    "weights" : [
        [
            0.352443, 
            0.256479, 
            0.374809, 
            0.60476, 
            -0.44269, 
            -0.956141, 
            -0.564649, 
            0.376503, 
            0.211032, 
            -1.021893, 
            0.6016383297784051, 
            0.582493, 
            -0.963147, 
            0.327457, 
            -1.046538, 
            0.46401, 
            0.367017, 
            -0.096771, 
            1.100339, 
            -0.768097, 
            -0.174106, 
            -0.1612127686835052, 
            -0.739177, 
            -0.710412, 
            0.132855, 
            -0.031718, 
            -0.194748, 
            0.411561, 
            0.521415, 
            -0.518493, 
            -1.093247, 
            -0.580721, 
            0.029606141899740424, 
            0.826585, 
            -0.45494, 
            0.938611, 
            0.12249, 
            0.24678, 
            -0.228922, 
            0.424545, 
            0.991313, 
            1.149457, 
            0.600078, 
            -0.5772593904384964, 
            0.545266, 
            0.54068, 
            0.849966, 
            0.772375, 
            -0.063845, 
            0.450362, 
            -1.061225, 
            0.820973, 
            0.333723, 
            -0.392129, 
            0.09878342991462308, 
            1.084708, 
            0.717137, 
            -0.261054, 
            -0.753861, 
            -0.642392, 
            -0.735549, 
            -0.316673, 
            -0.38103, 
            0.120135, 
            -1.129756, 
            0.7527082103403695, 
            0.006411, 
            0.137488, 
            -0.968466, 
            -0.653633, 
            0.272347, 
            0.02253, 
            -0.383147, 
            0.429499, 
            -1.06993, 
            0.764941, 
            -0.4210674622926538, 
            0.733604, 
            0.268424, 
            0.203698, 
            -0.661094, 
            -0.052749, 
            0.024625, 
            -0.327065, 
            0.911869, 
            0.460709, 
            0.51599, 
            -0.31586508504612265, 
            -0.186256, 
            -0.234933, 
            -0.227826, 
            -0.980244, 
            -0.030586, 
            0.693353, 
            -0.479944, 
            0.583185, 
            -0.363767, 
            0.981, 
            -0.8933066515914811, 
            0.335174, 
            0.432626, 
            0.978656, 
            0.617186, 
            -1.022891, 
            -0.905764, 
            0.544892, 
            1.089207, 
            0.628583, 
            -1.02978, 
            0.6758210259183646, 
            -0.519964, 
            -0.257264, 
            -0.73442, 
            0.391047, 
            -0.006081, 
            -0.338873, 
            0.790721, 
            0.456615, 
            -0.236533, 
            -1.100695, 
            0.9142237444926333
        ], 
        [
            1.071383, 
            -0.030456, 
            -0.210427, 
            0.520197, 
            -0.640515, 
            0.504557, 
            0.115271, 
            0.826279, 
            -0.846003, 
            -0.9949171704279096, 
            0.289322, 
            0.964606, 
            0.284838, 
            0.607641, 
            -0.752973, 
            0.298958, 
            0.08496, 
            1.20054, 
            0.287473, 
            -0.7239821534670501, 
            -0.090451, 
            -0.588178, 
            -0.46694, 
            -0.1301, 
            0.5355, 
            0.457145, 
            -0.172635, 
            0.539286, 
            -0.486989, 
            0.7863701177079083, 
            1.088054, 
            -0.075253, 
            0.615303, 
            0.367787, 
            -0.998623, 
            -0.584342, 
            0.448166, 
            -0.870802, 
            0.31833, 
            -0.9119283596495389, 
            0.385024, 
            0.454829, 
            -0.409166, 
            0.176111, 
            0.688675, 
            0.343671, 
            0.435055, 
            0.859033, 
            -0.260893, 
            0.04606751228767392, 
            -0.77219, 
            0.658618, 
            -0.466174, 
            1.08378, 
            0.138785, 
            -0.963909, 
            0.287575, 
            1.033219, 
            0.747035, 
            0.3134117074103393, 
            0.175034, 
            -0.794711, 
            0.113653, 
            0.016136, 
            -0.543313, 
            -0.023338, 
            0.48636, 
            0.633714, 
            1.042704, 
            -0.8319241569477207, 
            -0.050966, 
            -0.778396, 
            -0.787244, 
            -0.508499, 
            0.93674, 
            -1.037541, 
            0.583389, 
            -1.186826, 
            1.045447, 
            0.2501899021240661, 
            -1.218847, 
            -1.139379, 
            -1.140076, 
            0.416845, 
            0.632127, 
            -0.646708, 
            -0.058915, 
            -1.019612, 
            0.902169, 
            0.10729002296228285, 
            0.019451, 
            0.304277, 
            -0.453631, 
            1.145581, 
            -0.043322, 
            0.758464, 
            0.472095, 
            -0.421526, 
            0.228192, 
            -0.5638535306609505, 
            -0.896822, 
            -0.12984, 
            -0.155205, 
            1.07495, 
            -0.793387, 
            -0.31763, 
            1.096473, 
            0.354583, 
            -1.16933, 
            0.9961895987220217
        ], 
        [
            -0.309924, 
            0.168523, 
            -0.036374, 
            -0.346397, 
            -0.89491, 
            -0.185184, 
            0.08997, 
            0.438558, 
            -0.240378, 
            0.211385
        ]
    ],