{
    "child iterations" : 15, 
    "is fertile" : false, 
    "is classifier" : false, 
    "is child" : false, 
    "weights" : [
        [
            0.461689, 
            0.082382, 
            -1.191887, 
            0.732405, 
            -0.639449, 
            0.05243, 
            0.358841, 
            -1.164183, 
            0.463146, 
            0.979443, 
            -0.5734, 
            -0.168080297847218, 
            -0.645534, 
            -0.172863, 
            0.025531, 
            -0.756017, 
            1.018536, 
            -1.274316, 
            0.848224, 
            0.331499, 
            -1.236527, 
            0.335965, 
            -0.733924, 
            0.3282159140305394, 
            0.377727, 
            -1.060255, 
            -0.213209, 
            0.794443, 
            -0.218586, 
            1.112037, 
            -0.757932, 
            1.156811, 
            0.172467, 
            0.961906, 
            1.040848, 
            -0.03792878883384132, 
            1.059423, 
            -1.219941, 
            0.169367, 
            0.357539, 
            -1.077177, 
            -0.037487, 
            1.061994, 
            0.886265, 
            -0.339986, 
            -0.334236, 
            -0.0881, 
            0.7815815678476723, 
            -0.84351, 
            -0.734181, 
            0.655397, 
            0.343795, 
            -0.875516, 
            1.032806, 
            0.867903, 
            -0.230979, 
            -1.11287, 
            -1.073966, 
            0.527381, 
            -0.15627910446115623, 
            -1.085281, 
            0.597203, 
            0.614834, 
            -0.095636, 
            0.655709, 
            -0.180036, 
            -0.215166, 
            0.857402, 
            0.389778, 
            1.001391, 
            -0.396418, 
            0.4549168779485073, 
            -0.184786, 
            0.46069, 
            -0.270806, 
            1.186401, 
            0.883386, 
            -0.340017, 
            -0.379652, 
            0.809496, 
            0.120482, 
            0.120013, 
            -0.331398, 
            -0.5629221405255667, 
            -0.904071, 
            -0.718533, 
            0.896797, 
            -0.931868, 
            0.702524, 
            0.82036, 
            -0.384568, 
            -0.834453, 
            0.982074, 
            -0.25027, 
            0.803963, 
            -0.397965563042461, 
            -0.35293, 
            -0.958636, 
            0.058885, 
            0.38134, 
            0.342398, 
            -0.315762, 
            0.119365, 
            1.009714, 
            0.869521, 
            -1.105096, 
            0.934213, 
            0.522225897734566, 
            0.455239, 
            0.79374, 
            0.609067, 
            -0.599501, 
            -0.97067, 
            -1.025113, 
            -0.879844, 
            -0.089145, 
            0.797112, 
            -1.132391, 
            0.664581, 
            0.9960441817599532, 
            -0.100643, 
            -0.356989, 
            -1.193426, 
            -0.584693, 
            -0.07067, 
            -1.079116, 
            -0.554289, 
            -0.18848, 
            1.011469, 
            -0.112659, 
            0.299093, 
            0.048875998804739806
        ], 
        [
            0.112813, 
            -0.015175, 
            -0.095747, 
            0.201031, 
            0.899264, 
            -0.877323, 
            -0.265838, 
            -0.209218, 
            -0.195347, 
            -0.357116, 
            1.271878, 
            -0.814727
        ]
    ], 
    "momentum weights" : [
        [
            0.461689, 
            0.082382, 
            -1.191887, 
            0.732405, 
            -0.639449, 
            0.05243, 
            0.358841, 
            -1.164183, 
            0.463146, 
            0.979443, 
            -0.5734, 
            -0.168080297847218, 
            -0.645534, 
            -0.172863, 
            0.025531, 
            -0.756017, 
            1.018536, 
            -1.274316, 
            0.848224, 
            0.331499, 
            -1.236527, 
            0.335965, 
            -0.733924, 
            0.3282159140305394, 
            0.377727, 
            -1.060255, 
            -0.213209, 
            0.794443, 
            -0.218586, 
            1.112037, 
            -0.757932, 
            1.156811, 
            0.172467, 
            0.961906, 
            1.040848, 
            -0.03792878883384132, 
            1.059423, 
            -1.219941, 
            0.169367, 
            0.357539, 
            -1.077177, 
            -0.037487, 
            1.061994, 
            0.886265, 
            -0.339986, 
            -0.334236, 
            -0.0881, 
            0.7815815678476723, 
            -0.84351, 
            -0.734181, 
            0.655397, 
            0.343795, 
            -0.875516, 
            1.032806, 
            0.867903, 
            -0.230979, 
            -1.11287, 
            -1.073966, 
            0.527381, 
            -0.15627910446115623, 
            -1.085281, 
            0.597203, 
            0.614834, 
            -0.095636, 
            0.655709, 
            -0.180036, 
            -0.215166, 
            0.857402, 
            0.389778, 
            1.001391, 
            -0.396418, 
            0.4549168779485073, 
            -0.184786, 
            0.46069, 
            -0.270806, 
            1.186401, 
            0.883386, 
            -0.340017, 
            -0.379652, 
            0.809496, 
            0.120482, 
            0.120013, 
            -0.331398, 
            -0.5629221405255667, 
            -0.904071, 
            -0.718533, 
            0.896797, 
            -0.931868, 
            0.702524, 
            0.82036, 
            -0.384568, 
            -0.834453, 
            0.982074, 
            -0.25027, 
            0.803963, 
            -0.397965563042461, 
            -0.35293, 
            -0.958636, 
            0.058885, 
            0.38134, 
            0.342398, 
            -0.315762, 
            0.119365, 
            1.009714, 
            0.869521, 
            -1.105096, 
            0.934213, 
            0.522225897734566, 
            0.455239, 
            0.79374, 
            0.609067, 
            -0.599501, 
            -0.97067, 
            -1.025113, 
            -0.879844, 
            -0.089145, 
            0.797112, 
            -1.132391, 
            0.664581, 
            0.9960441817599532, 
            -0.100643, 
            -0.356989, 
            -1.193426, 
            -0.584693, 
            -0.07067, 
            -1.079116, 
            -0.554289, 
            -0.18848, 
            1.011469, 
            -0.112659, 
            0.299093, 
            0.048875998804739806
        ], 
        [
            0.112813, 
            -0.015175, 
            -0.095747, 
            0.201031, 
            0.899264, 
            -0.877323, 
            -0.265838, 
            -0.209218, 
            -0.195347, 
            -0.357116, 
            1.271878, 
            -0.814727
        ]
    ],