{
    "child iterations" : 15, 
    "is fertile" : false, 
    "is classifier" : false, 
    "is child" : false, 
    "weights" : [
        [
            0.113327, 
            -0.905797, 
            -0.864782, 
            -0.424789, 
            0.622735, 
            -0.283914, 
            -0.216559, 
            0.505081, 
            0.940301, 
            -0.082621, 
            0.26196, 
            0.6846604625313368, 
            1.039719, 
            -0.834977, 
            0.796455, 
            0.795301, 
            0.313628, 
            0.186299, 
            0.905771, 
            0.124647, 
            -0.504859, 
            -0.20988, 
            -0.99474, 
            0.7332494278648833, 
            0.41842, 
            -0.812743, 
            -0.957921, 
            0.022877, 
            0.810233, 
            0.455639, 
            0.512254, 
            0.889581, 
            -0.547991, 
            -0.679745, 
            -0.921077, 
            0.29703359052294154, 
            0.23683, 
            0.697135, 
            -0.571936, 
            0.086317, 
            0.795805, 
            0.386732, 
            -0.206456, 
            -0.596656, 
            -0.583603, 
            0.310207, 
            -0.945004, 
            0.35324352768223677, 
            0.7655, 
            -0.456195, 
            -0.027162, 
            0.05575, 
            -0.643713, 
            0.800106, 
            -0.408804, 
            0.961444, 
            0.771945, 
            -0.48875, 
            -0.817122, 
            -0.7354203247350286, 
            0.219976, 
            -0.937651, 
            -0.17364, 
            -0.158166, 
            -0.917672, 
            -0.847099, 
            -0.239969, 
            -0.552232, 
            0.208106, 
            0.156371, 
            -1.046695, 
            0.19748315873796396, 
            0.382558, 
            -0.579226, 
            0.03086, 
            0.744371, 
            0.907277, 
            0.537226, 
            0.337878, 
            -0.665096, 
            0.00286, 
            0.908793, 
            -0.42902, 
            -0.6542980020453575, 
            0.629112, 
            0.767732, 
            0.966333, 
            0.05401, 
            -0.157233, 
            -0.244473, 
            0.411046, 
            -1.030058, 
            -0.923951, 
            0.892772, 
            0.73539, 
            0.44928759645159877, 
            -1.014819, 
            -0.253675, 
            -0.957744, 
            0.448891, 
            -0.56435, 
            -0.010096, 
            -0.406382, 
            -0.287489, 
            0.147617, 
            -0.261297, 
            -0.782869, 
            -0.9207390533513125, 
            -0.127265, 
            0.492436, 
            -0.993766, 
            0.411889, 
            0.318667, 
            0.831937, 
            0.203052, 
            -0.37898, 
            0.31741, 
            0.975069, 
            0.579121, 
            0.43341008592748276, 
            -0.232451, 
            0.713686, 
            0.854314, 
            0.99594, 
            0.899084, 
            1.026899, 
            -1.040948, 
            0.007002, 
            0.863486, 
            0.017617, 
            0.539033, 
            -0.807021476004296
        ], 
        [
            -0.481023, 
            0.020647, 
            -0.347966, 
            0.625248, 
            1.059118, 
            -0.857624, 
            -1.062838, 
            0.869082, 
            0.441052, 
            -0.974725, 
            -0.784309, 
            -0.09870042151672398, 
            0.181316, 
            -0.704284, 
            0.531751, 
            0.1745, 
            -0.784939, 
            0.484341, 
            -0.565097, 
            -1.042192, 
            -0.143645, 
            0.676021, 
            -0.000101, 
            -0.5189432585196889, 
            -0.145149, 
            0.285624, 
            0.071492, 
            0.472663, 
            0.319102, 
            0.458909, 
            0.785648, 
            0.983244, 
            0.835742, 
            -1.019779, 
            0.888347, 
            -0.9236180969382453, 
            0.361992, 
            -0.025676, 
            0.488967, 
            0.667088, 
            -0.197712, 
            0.496189, 
            0.249498, 
            -0.342994, 
            -0.132509, 
            0.354505, 
            -0.910164, 
            -0.7107803724473796, 
            0.809248, 
            -0.705104, 
            -0.132229, 
            0.023061, 
            -0.728388, 
            0.147116, 
            0.926676, 
            -0.219229, 
            -0.928653, 
            0.920389, 
            0.11889, 
            -0.35778878236128664, 
            -0.865262, 
            -0.101776, 
            0.477872, 
            -1.053705, 
            -0.087583, 
            -0.867213, 
            -0.421476, 
            -0.244793, 
            0.187636, 
            0.794324, 
            0.287886, 
            -0.11196198698806126, 
            0.286957, 
            0.221266, 
            -0.073898, 
            -0.129122, 
            -0.051314, 
            -0.03471, 
            -0.040773, 
            -0.062765, 
            -0.271774, 
            -1.041948, 
            -0.204415, 
            -0.6788407552045537, 
            -0.677597, 
            -0.46042, 
            -1.064177, 
            0.472361, 
            0.532767, 
            0.436251, 
            -0.784929, 
            -0.172739, 
            0.389739, 
            0.612979, 
            -0.284308, 
            0.5303166502951762, 
            -0.78659, 
            -0.976975, 
            -0.942234, 
            0.554933, 
            -0.808929, 
            0.266026, 
            0.078759, 
            0.780126, 
            0.59197, 
            0.536599, 
            0.180408, 
            -0.054792220194593844, 
            -0.89989, 
            0.020956, 
            0.415918, 
            -0.31049, 
            -0.311353, 
            -0.628217, 
            0.101831, 
            0.951328, 
            -1.008363, 
            -0.907967, 
            0.083076, 
            0.08217271913987356, 
            0.033528, 
            -0.180173, 
            -0.838596, 
            0.304574, 
            0.214188, 
            0.416199, 
            -0.672684, 
            0.126924, 
            -0.190814, 
            -0.730879, 
            -0.778841, 
            0.004103767066181208, 
            0.733624, 
            -0.23992, 
            0.163482, 
            0.122941, 
            -0.236165, 
            -0.575252, 
            0.523854, 
            -0.973353, 
            -0.25522, 
            -0.829035, 
            -0.206329, 
            0.6883107765166332
        ], 
        [
            0.376809, 
            -0.297895, 
            0.690531, 
            -0.796224, 
            -0.173297, 
            -0.524672, 
            -0.249532, 
            -0.208771, 
            0.925985, 
            0.182647, 
            -1.100236, 
            -0.545557
        ]
    ],