{
    "child iterations" : 15, 
    "is fertile" : false, 
    "is classifier" : false, 
    "is child" : false, 
    "weights" : [
        [
            0.667771, 
            1.081929, 
            1.047736, 
            -0.915228, 
            -0.01753, 
            0.630616, 
            -0.213048, 
            -0.215858, 
            -1.040074, 
            -0.28119, 
            0.653365, 
            -0.0887125586737707, 
            -0.55527, 
            0.076051, 
            -0.323719, 
            0.985377, 
            1.085144, 
            -0.21615, 
            1.120955, 
            -0.457535, 
            -1.023816, 
            -0.168734, 
            -0.732842, 
            -0.8601058185920096, 
            -1.071748, 
            -0.946661, 
            0.474108, 
            0.781669, 
            0.614157, 
            0.763294, 
            -0.114126, 
            -0.835743, 
            -0.612099, 
            -0.534023, 
            0.796792, 
            0.29815939936705904, 
            0.113579, 
            -0.156158, 
            0.142039, 
            -0.808506, 
            -0.067225, 
            0.34464, 
            -0.123873, 
            0.383121, 
            -0.518079, 
            -0.906138, 
            -0.765822, 
            -0.11389774259857655, 
            0.112224, 
            -0.68893, 
            0.412524, 
            -0.878357, 
            0.143852, 
            -0.145171, 
            -0.454818, 
            0.386461, 
            -0.546397, 
            1.014497, 
            -0.288762, 
            0.6111865462713155, 
            -0.627077, 
            -0.385589, 
            0.515969, 
            -0.734388, 
            0.273155, 
            -0.690786, 
            0.24469, 
            -0.037039, 
            0.215912, 
            -0.689527, 
            -1.001726, 
            0.830697279569407, 
            -0.557779, 
            0.455791, 
            -1.131549, 
            -0.338931, 
            -0.278196, 
            0.914748, 
            0.836677, 
            -0.68266, 
            -1.041093, 
            -0.127942, 
            -0.120489, 
            0.04203667020617052, 
            -1.113235, 
            0.453519, 
            -0.809687, 
            -0.159144, 
            -0.655157, 
            0.396473, 
            -0.854602, 
            0.751797, 
            0.366251, 
            0.230512, 
            0.63107, 
            -0.3191923463016455, 
            -0.72727, 
            -1.115804, 
            -0.993785, 
            0.214579, 
            1.07624, 
            -0.565918, 
            -0.127249, 
            0.979587, 
            -0.641667, 
            0.479013, 
            -0.528717, 
            0.0017880751064658362, 
            0.214254, 
            -0.537778, 
            -0.416615, 
            -0.140955, 
            -0.444463, 
            0.020709, 
            -0.303712, 
            -0.857485, 
            -0.020907, 
            0.305233, 
            -1.046192, 
            -0.6140820390452135, 
            -0.077987, 
            -0.498006, 
            -0.680475, 
            0.857885, 
            -0.755159, 
            -1.02166, 
            1.123389, 
            -0.197478, 
            0.454188, 
            -0.591805, 
            -0.686119, 
            0.42265568424811106
        ], 
        [
            -0.01063, 
            0.090465, 
            -1.180313, 
            -0.935263, 
            0.351331, 
            -0.497149, 
            -0.439271, 
            -0.654858, 
            0.946667, 
            0.892895, 
            0.1544547162743024, 
            -0.898343, 
            -0.229538, 
            -0.410678, 
            -0.673252, 
            -0.479663, 
            -0.906967, 
            -0.422193, 
            0.332726, 
            -1.083994, 
            -0.66238, 
            -0.45313029629740065, 
            -0.147321, 
            0.057465, 
            -1.092352, 
            0.50668, 
            0.754433, 
            0.571125, 
            0.357551, 
            -0.635908, 
            -1.026221, 
            -0.090025, 
            -0.8181353698387757, 
            -0.070111, 
            1.117374, 
            0.545042, 
            0.725358, 
            0.195361, 
            0.994053, 
            0.875132, 
            -0.690399, 
            -0.020796, 
            0.001811, 
            -0.49166889442319706, 
            1.000316, 
            -0.012014, 
            -1.003001, 
            -0.990592, 
            0.039758, 
            0.625722, 
            -0.219101, 
            0.049009, 
            0.861952, 
            -0.731733, 
            0.36138480773394543, 
            -0.719209, 
            0.609314, 
            -0.60296, 
            -0.341568, 
            -0.451081, 
            1.120924, 
            0.181251, 
            0.005163, 
            -0.222446, 
            -0.185234, 
            -0.9814085361890683, 
            -0.57953, 
            0.234535, 
            -0.094265, 
            0.984237, 
            -0.174709, 
            -0.55284, 
            -0.66237, 
            0.205142, 
            0.246878, 
            0.922647, 
            -0.9675809878995767, 
            -1.171255, 
            -0.279497, 
            1.070391, 
            -0.151781, 
            0.128524, 
            -0.504072, 
            0.89398, 
            -0.273258, 
            -0.026957, 
            -1.164065, 
            0.7696670456033945, 
            0.112204, 
            0.050849, 
            -1.076534, 
            -0.447073, 
            -0.436749, 
            0.904823, 
            1.112749, 
            -0.800782, 
            -0.602238, 
            0.16367, 
            -0.22269548192758148, 
            -0.839972, 
            -1.069984, 
            -0.811577, 
            -0.691458, 
            -0.166029, 
            0.282057, 
            1.046433, 
            0.487302, 
            0.866068, 
            0.634962, 
            0.3573764066265137, 
            0.436682, 
            -0.290047, 
            -0.768279, 
            -0.660955, 
            0.792818, 
            -0.549252, 
            0.582793, 
            -0.387848, 
            0.293475, 
            -0.953338, 
            -0.02270017239337241, 
            0.296582, 
            0.146603, 
            -0.598555, 
            1.024173, 
            0.637904, 
            -0.108448, 
            -1.041117, 
            0.27887, 
            0.454319, 
            -0.181335, 
            -0.9967119545525378
        ], 
        [
            -0.310136, 
            1.043952, 
            -0.875397, 
            -0.534173, 
            0.407715, 
            0.043939, 
            0.242805, 
            -0.948626, 
            -0.687365, 
            -0.106349, 
            0.566224
        ]
    ],