{
    "child iterations" : 15, 
    "is fertile" : false, 
    "is classifier" : false, 
    "is child" : false, 
    "weights" : [
        [
            -0.621032, 
            0.945584, 
            0.660147, 
            0.053771, 
            -0.735272, 
            0.242399, 
            -0.11223, 
            -0.573714, 
            0.469586, 
            0.830872, 
            -1.070264, 
            0.2722115175778661, 
            -0.180774, 
            -0.539684, 
            0.168326, 
            -0.113805, 
            -0.568259, 
            0.143476, 
            0.151732, 
            -0.053137, 
            0.366673, 
            0.248152, 
            0.023494, 
            0.921205682030166, 
            1.051415, 
            -0.768418, 
            1.041112, 
            0.227544, 
            0.047669, 
            -0.853512, 
            0.60109, 
            0.867645, 
            0.525737, 
            0.468359, 
            -0.453781, 
            -0.12330109223050689, 
            -0.314152, 
            -0.797472, 
            0.397442, 
            -0.953692, 
            0.031437, 
            -0.684488, 
            0.658098, 
            -0.849656, 
            0.957432, 
            0.406994, 
            0.597995, 
            0.6505882248995734, 
            -0.561358, 
            -0.526582, 
            -0.331086, 
            0.257432, 
            -0.651932, 
            0.935032, 
            0.770977, 
            -1.100372, 
            -0.048951, 
            0.656159, 
            0.089499, 
            0.6070815935845333, 
            -0.363723, 
            1.045941, 
            0.641763, 
            0.195405, 
            -0.935312, 
            -0.688032, 
            -0.573876, 
            0.732023, 
            -0.348526, 
            -0.291516, 
            -0.145123, 
            0.35925259731459147, 
            0.674201, 
            0.286079, 
            -0.96264, 
            0.759512, 
            1.001923, 
            -0.244974, 
            -0.723557, 
            0.555259, 
            0.587114, 
            -0.08707, 
            0.984502, 
            -0.7536983752705062, 
            0.011561, 
            -0.12528, 
            -0.001776, 
            -0.701951, 
            0.139375, 
            -0.125293, 
            -0.938697, 
            -0.096074, 
            -0.740055, 
            -0.410979, 
            0.693871, 
            0.39513840194114036, 
            -0.24918, 
            0.002095, 
            -0.52585, 
            -1.08409, 
            0.388204, 
            -0.01681, 
            0.333301, 
            -0.29949, 
            -0.066167, 
            -0.84393, 
            0.746575, 
            0.40829529057707736, 
            0.253781, 
            1.04326, 
            -0.022338, 
            0.591566, 
            1.017212, 
            -0.583705, 
            -0.201843, 
            0.824779, 
            0.433726, 
            -0.691225, 
            -0.734972, 
            -0.06028074295070174, 
            1.120076, 
            0.417296, 
            -0.110449, 
            -0.700659, 
            -0.620414, 
            1.082074, 
            0.950434, 
            0.176444, 
            0.048778, 
            -0.963073, 
            -0.2297, 
            0.22587722967650636
        ], 
        [
            -0.499657, 
            0.610917, 
            1.033112, 
            -0.397272, 
            0.108845, 
            -0.540426, 
            0.776969, 
            0.035797, 
            -1.097538, 
            0.932482, 
            -0.991105, 
            0.15367337489907906, 
            -0.434958, 
            0.925358, 
            -0.467612, 
            -0.882368, 
            0.001747, 
            0.372795, 
            -0.19978, 
            0.750519, 
            0.84563, 
            -1.140173, 
            -0.6602, 
            0.4929247634112197, 
            -0.985239, 
            -1.023369, 
            0.817075, 
            0.486026, 
            0.261946, 
            -0.905477, 
            0.375348, 
            -0.543433, 
            0.459186, 
            -0.433663, 
            0.701263, 
            0.6656588789010562, 
            1.103553, 
            -0.250601, 
            0.076028, 
            -0.764891, 
            0.208571, 
            0.719188, 
            0.651375, 
            -0.26227, 
            -0.0433, 
            -0.412497, 
            -0.048529, 
            0.6564955715127097, 
            -0.478116, 
            -0.353278, 
            -0.031714, 
            -0.14541, 
            -0.268765, 
            -0.448442, 
            0.662109, 
            -0.723597, 
            0.51955, 
            0.249249, 
            0.33675, 
            0.046833909625629166, 
            -0.31106, 
            -0.413865, 
            0.246242, 
            0.031451, 
            -1.00896, 
            -0.874956, 
            0.803135, 
            -0.955264, 
            0.332076, 
            -0.777783, 
            -0.914706, 
            -0.9871718330268486, 
            0.620502, 
            -0.819099, 
            -1.099662, 
            -1.116364, 
            -0.539692, 
            0.116008, 
            0.294405, 
            0.278754, 
            -0.895454, 
            -0.707141, 
            -0.908152, 
            -0.776233551588345, 
            0.230959, 
            -0.058536, 
            0.267232, 
            -0.14609, 
            -0.089976, 
            0.928111, 
            0.094516, 
            1.01239, 
            -1.04764, 
            -0.912123, 
            -0.127062, 
            -0.054733672885735496, 
            0.174734, 
            -0.924962, 
            -0.128055, 
            -0.754761, 
            0.326866, 
            -0.47337, 
            1.109707, 
            -0.903957, 
            -0.090406, 
            -0.318145, 
            0.617294, 
            0.3521913613298304, 
            0.604483, 
            1.064947, 
            -0.371828, 
            0.582495, 
            0.698112, 
            0.44974, 
            -0.673747, 
            -1.102917, 
            0.560191, 
            0.294831, 
            0.458733, 
            0.09644580402436098, 
            0.028965, 
            0.225419, 
            0.475975, 
            0.199122, 
            -0.252032, 
            0.415199, 
            -0.077909, 
            -0.065433, 
            -0.162927, 
            -0.886382, 
            -0.467685, 
            -0.9654164079427097, 
            -0.645802, 
            -0.683565, 
            -1.055606, 
            -0.03015, 
            0.513183, 
            -0.001487, 
            0.769703, 
            -0.12161, 
            0.388308, 
            0.997686, 
            -0.319742, 
            0.25048184499571
        ], 
        [
            0.605334, 
            -1.006953, 
            0.895751, 
            0.083073, 
            0.562412, 
            0.174706, 
            -1.072083, 
            0.260039, 
            -0.590529, 
            -0.750707, 
            -0.298435, 
            1.013837
        ]
    ],