{
    "child iterations" : 15, 
    "is fertile" : false, 
    "is classifier" : false, 
    "is child" : false, 
    "weights" : [
        [
            0.9468034055063741, 
            -0.8208285142376304, 
            -0.8507966309542188, 
            -0.23134342014801756, 
            -0.8969900763952281, 
            0.5557857944572837, 
            -0.32722088145847605, 
            -0.06321547634449587, 
            -0.34079484050775655, 
            -0.09248343054069985, 
            0.6192622885581072, 
            0.44093570284756534, 
            -0.5615199349293007, 
            -0.443587347550666, 
            -0.6478466274008534, 
            0.6634782153013714, 
            -0.06443422196859383, 
            0.2909467587302337, 
            0.8122220882938875, 
            -0.8074437686325084, 
            0.032043080878269015, 
            -0.9174980750230686, 
            0.672128889466989, 
            0.2508788859081128, 
            -0.5902060453515778, 
            0.6105695020581372, 
            0.5506271207165563, 
            -0.08592124694625514, 
            0.6315771061455697, 
            -0.113648558384432, 
            0.2677362876775069, 
            -0.2850371755770784, 
            0.7692516157201061, 
            -0.010821505115562458, 
            -0.3686851718407931, 
            0.5216273590490375, 
            -0.22213681853449452, 
            -0.21869011971589458, 
            -0.281389729109609, 
            -0.5109432796991746, 
            -0.11925063882776898, 
            0.6214240965079536, 
            0.3527299893444662, 
            -0.3628166356495668, 
            0.5627555910778228, 
            -0.6018704725837061, 
            -0.7628847520235098, 
            0.5301597984757389, 
            0.7985564659597804, 
            0.019682615164029027, 
            0.8319280745500823, 
            0.33293130448298136, 
            0.412882762982141, 
            -0.3028359667874092, 
            -0.855812139636732, 
            -0.6184862348284608, 
            -0.6773518986714793, 
            -0.8340766106933089, 
            0.4875076396725384, 
            -0.29321701977704806, 
            0.6902871790969398, 
            -0.7164806918760185, 
            -0.7274436799241513, 
            -0.05531828995876986, 
            -0.7995536635468792, 
            -0.3884078734459644, 
            0.38458192334030605, 
            0.03510116506624583, 
            0.42826943393315053, 
            -0.2893999822983353, 
            0.20689010038224298, 
            0.8816824149362894, 
            -0.7346965014407851, 
            0.14823223180217338, 
            -0.11114449714821362, 
            -0.8272739769949398, 
            -0.43491564252180104, 
            -0.7717399016842283, 
            0.35806364865130424, 
            -0.31169611019512145, 
            0.904842675652695, 
            -0.9864166448268545, 
            -0.5103583769412972, 
            0.9826554721114515, 
            -0.78015841438997, 
            -0.35066942687048863, 
            -0.7283268416239979, 
            0.5963169723501298, 
            -0.19958958976630914, 
            -0.8624775863893368, 
            0.9124536259344627, 
            0.20291335582209635, 
            -0.46431145720228906, 
            -0.668325346437775, 
            0.007670762443712675, 
            0.01373904412127347, 
            0.3098807405211501, 
            0.2842691801993529, 
            -0.9006725848282633, 
            0.8916935174473348, 
            0.5838929458632289, 
            -0.6753358175070745, 
            0.9844383043825211, 
            0.14823381359671095, 
            0.8370557564638352, 
            -0.12032193013914849, 
            -0.632965479980828, 
            0.736971741383547, 
            -0.35902740477261386, 
            0.32668949387500446, 
            0.5550248491314806, 
            0.6244374267539223, 
            -0.44119688806274726, 
            0.33193370422791957, 
            0.13404698304782348, 
            0.01864788089058611, 
            0.2215048827154762, 
            0.5940694093999843, 
            0.5509899396617035, 
            -0.018842856881508663, 
            -0.207839, 
            0.123315, 
            -0.158068, 
            -0.405178, 
            0.450754, 
            0.599017, 
            -0.218902, 
            0.112945, 
            -0.836996, 
            0.399797, 
            -0.543316, 
            0.7923738428748417
        ], 
        [
            0.608745, 
            0.540606, 
            -0.289777, 
            0.722785, 
            -0.438514, 
            -0.014395, 
            0.000524, 
            -0.587279, 
            -0.514601, 
            0.63701, 
            -0.6487832308625532, 
            0.731432, 
            0.597404, 
            -0.974922, 
            -0.133705, 
            0.271621, 
            0.906984, 
            -0.733985, 
            -0.221117, 
            -0.785813, 
            0.585024, 
            0.8873092621774474, 
            0.874814, 
            0.583357, 
            0.227827, 
            0.684445, 
            -0.943941, 
            -0.19648, 
            -0.828112, 
            -0.272073, 
            0.633659, 
            -0.994587, 
            -0.5994068725777641, 
            -0.713977, 
            -0.895919, 
            0.671903, 
            0.284153, 
            0.718881, 
            -0.054449, 
            0.062194, 
            0.782977, 
            0.72032, 
            -0.312696, 
            -0.5640756864768739, 
            -0.460988, 
            -0.311041, 
            -0.921658, 
            0.607279, 
            0.069712, 
            -0.495386, 
            0.465792, 
            0.300275, 
            0.99326, 
            0.614481, 
            0.5321730524459334, 
            -0.762531, 
            0.90565, 
            0.676262, 
            -0.829698, 
            0.385002, 
            0.554576, 
            0.727706, 
            0.464765, 
            0.223588, 
            -0.132018, 
            0.7368593065414248, 
            0.370933, 
            0.28962, 
            0.481114, 
            -1.000962, 
            -0.830921, 
            0.793179, 
            -0.508696, 
            -0.362931, 
            -0.151263, 
            0.765336, 
            -0.8757892331099382, 
            -0.979321, 
            0.587462, 
            0.792251, 
            -0.419842, 
            0.943103, 
            0.826847, 
            -0.812791, 
            0.450824, 
            -0.3847, 
            0.517928, 
            -0.6894391458408957, 
            0.276581, 
            -1.044178, 
            1.029815, 
            -0.568945, 
            -0.890731, 
            -0.578287, 
            -0.670963, 
            0.539728, 
            0.730517, 
            -0.451063, 
            0.9801513475177572, 
            0.166844, 
            0.211665, 
            -0.241306, 
            0.45579, 
            -1.04202, 
            0.712254, 
            -0.628882, 
            0.12562, 
            0.151105, 
            -0.91024, 
            0.9073301484813385, 
            -0.846698, 
            0.119865, 
            -0.436618, 
            -0.297962, 
            0.980086, 
            0.328904, 
            -0.004657, 
            -0.506893, 
            -0.46108, 
            0.77344, 
            -0.2501163644130566, 
            0.113551, 
            -0.695721, 
            0.056345, 
            -0.008965, 
            0.205229, 
            -0.276435, 
            0.225861, 
            -0.83234, 
            -0.360746, 
            0.967764, 
            -0.8221150438283857
        ], 
        [
            -0.878039, 
            0.490585, 
            -0.677907, 
            -0.312255, 
            -0.128788, 
            0.004215, 
            0.649613, 
            0.7826, 
            0.604845, 
            0.201605, 
            0.751606
        ]
