{
    "child iterations" : 15, 
    "is fertile" : false, 
    "is classifier" : false, 
    "is child" : false, 
    "weights" : [
        [
            -0.694088, 
            0.47635, 
            -0.552313, 
            0.178819, 
            0.49546, 
            -0.824023, 
            0.858166, 
            0.664123, 
            0.104746, 
            0.699792, 
            -0.565678, 
            -0.6736611727135138, 
            -0.167307, 
            0.830852, 
            0.083365, 
            -0.390027, 
            0.954418, 
            0.122289, 
            -0.040599, 
            -0.457197, 
            -1.09425, 
            -0.636463, 
            -0.306965, 
            0.4296522147093227, 
            0.847688, 
            0.010677, 
            -0.017632, 
            0.146419, 
            -0.99531, 
            -0.699485, 
            0.376993, 
            -1.005942, 
            -0.555677, 
            -0.863254, 
            -0.306246, 
            0.23570471279963368, 
            -0.531313, 
            0.548919, 
            -1.109154, 
            0.521874, 
            -0.001503, 
            -0.748358, 
            -0.335996, 
            0.507138, 
            -0.129213, 
            0.29682, 
            1.03567, 
            0.07529664148679571, 
            -0.967709, 
            0.595868, 
            -0.18459, 
            -0.57057, 
            0.705479, 
            -0.972812, 
            -0.119506, 
            -0.008979, 
            0.072417, 
            -0.716397, 
            0.035733, 
            0.936340553951112, 
            -0.227174, 
            0.316788, 
            0.055286, 
            0.598579, 
            0.029151, 
            -0.585587, 
            0.936686, 
            -0.380101, 
            -0.005366, 
            -0.273644, 
            -0.708669, 
            0.5085787550343825, 
            -1.031101, 
            0.811552, 
            0.844721, 
            -0.884753, 
            -0.028528, 
            -0.032596, 
            -0.581155, 
            0.34763, 
            -0.303326, 
            -0.503829, 
            0.932324, 
            -0.05516474660132675, 
            1.087268, 
            -0.765554, 
            0.265473, 
            -0.167119, 
            -0.241003, 
            0.953738, 
            -0.445468, 
            -0.492017, 
            -0.15699, 
            0.609634, 
            0.885442, 
            0.0922745613271514, 
            -0.163652, 
            0.720088, 
            0.001832, 
            -0.562313, 
            0.773269, 
            -0.119392, 
            -0.241359, 
            -0.293828, 
            0.091553, 
            -0.431387, 
            0.373807, 
            0.7421384468805468, 
            0.49705, 
            -0.796422, 
            0.853301, 
            -1.038767, 
            0.456239, 
            0.488353, 
            -0.54744, 
            -0.762633, 
            0.406294, 
            -0.996286, 
            1.054457, 
            -0.8099064451743465, 
            -0.315496, 
            -0.811702, 
            0.66054, 
            -0.064265, 
            -0.57353, 
            0.360783, 
            0.592154, 
            -0.455353, 
            -0.324609, 
            -0.107436, 
            0.034754, 
            0.21248775978591428
        ], 
        [
            -0.515606, 
            -0.514829, 
            0.225161, 
            0.243951, 
            -0.863565, 
            0.115156, 
            0.288419, 
            -0.702632, 
            0.141446, 
            -0.605515, 
            -1.037781, 
            0.7504029153831759, 
            -0.708135, 
            0.344419, 
            -0.032842, 
            -0.799974, 
            -0.076532, 
            -0.967072, 
            -0.687464, 
            0.695279, 
            0.875837, 
            -0.334656, 
            0.994028, 
            -0.5203422015535011, 
            0.906867, 
            0.038751, 
            0.346394, 
            -0.655853, 
            0.096552, 
            -0.179372, 
            0.867791, 
            -0.402642, 
            0.588932, 
            0.425305, 
            -0.36046, 
            0.3265577520812002, 
            1.06181, 
            0.793989, 
            -0.164942, 
            0.798362, 
            0.257155, 
            -0.694589, 
            0.662045, 
            -0.751393, 
            0.260636, 
            0.559994, 
            -0.015375, 
            0.4132981789516441, 
            -0.95428, 
            0.773364, 
            0.015434, 
            -0.65909, 
            -0.570793, 
            0.163985, 
            -0.545385, 
            -0.125212, 
            -0.108252, 
            0.862915, 
            -0.592085, 
            0.8127076913158886, 
            0.900854, 
            -0.011189, 
            -0.515764, 
            0.002804, 
            0.313328, 
            -0.021015, 
            -0.29842, 
            0.919814, 
            0.830545, 
            0.574888, 
            -0.101681, 
            -0.34566593640728516, 
            0.274831, 
            -0.285096, 
            -0.491177, 
            0.183923, 
            0.704495, 
            -0.111279, 
            0.499544, 
            0.820765, 
            1.050249, 
            -0.280038, 
            0.708467, 
            -0.6314600668078358, 
            -0.275757, 
            -0.404653, 
            -0.154167, 
            0.087156, 
            -0.503508, 
            1.023499, 
            0.961035, 
            0.274307, 
            -0.747596, 
            -0.713989, 
            0.026598, 
            0.467189262085707, 
            0.700989, 
            -0.100529, 
            0.804083, 
            0.838909, 
            -0.817457, 
            -0.571827, 
            -0.685709, 
            -0.658682, 
            0.690383, 
            0.813283, 
            0.623509, 
            0.60348810039843, 
            -0.184739, 
            -0.503483, 
            0.600816, 
            -0.592087, 
            0.382116, 
            0.651909, 
            0.457958, 
            -0.534522, 
            -0.683896, 
            0.873183, 
            0.876546, 
            -0.7464062461220153, 
            -0.121261, 
            -0.068232, 
            0.471872, 
            -1.035827, 
            0.029833, 
            -0.9416, 
            0.219429, 
            -0.276908, 
            -0.131792, 
            -0.231083, 
            0.408975, 
            0.09732396514470731, 
            0.432992, 
            0.837787, 
            -0.11605, 
            0.060522, 
            0.009891, 
            0.006022, 
            0.50545, 
            -0.325374, 
            0.090639, 
            0.466415, 
            -0.397394, 
            0.35978630530861055
        ], 
        [
            0.54807, 
            -0.050775, 
            0.611914, 
            -0.645527, 
            0.590976, 
            -0.328422, 
            -0.760691, 
            -0.561215, 
            0.288787, 
            0.120292, 
            0.174794, 
            0.117075
        ]
    ],