{
    "child iterations" : 15, 
    "is fertile" : false, 
    "is classifier" : false, 
    "is child" : false, 
    "weights" : [
        [
            3.738553, 
            -1.500814, 
            -4.349314, 
            -8.685144, 
            3.585091, 
            0.767277, 
            3.550262, 
            6.371218, 
            0.540819, 
            -7.060731, 
            -1.639044, 
            -1.871751, 
            -0.860682, 
            2.988948, 
            -9.869544, 
            -5.450765, 
            2.895554, 
            -1.518023, 
            3.245663, 
            -2.120931, 
            -0.855675, 
            1.757777, 
            5.648999, 
            1.476842, 
            -2.378344, 
            -1.11665, 
            -4.542574, 
            -2.905621, 
            5.302521, 
            1.172472
        ], 
        [
            1.304181, 
            2.520448, 
            4.380347, 
            4.680981, 
            2.003486, 
            7.266504, 
            -1.201864, 
            -3.106235, 
            -2.964893, 
            -1.900868, 
            -5.678226, 
            -3.979486, 
            2.754825, 
            -1.604816, 
            3.008003, 
            -4.452958, 
            -8.530532, 
            -0.005955, 
            -1.769629, 
            0.234538, 
            2.081826, 
            -0.664221, 
            -0.681614, 
            -3.771796, 
            -5.889876, 
            3.988751, 
            -1.144451, 
            3.689189, 
            5.772262, 
            5.968474
        ], 
        [
            3.458973, 
            -8.419779, 
            6.817419, 
            -2.333018, 
            -2.41629, 
            -1.165955, 
            -2.530211, 
            -4.166065, 
            0.224655, 
            5.294891
        ]
    ], 
    "momentum weights" : [
        [
            3.738553, 
            -1.500814, 
            -4.349314, 
            -8.685144, 
            3.585091, 
            0.767277, 
            3.550262, 
            6.371218, 
            0.540819, 
            -7.060731, 
            -1.639044, 
            -1.871751, 
            -0.860682, 
            2.988948, 
            -9.869544, 
            -5.450765, 
            2.895554, 
            -1.518023, 
            3.245663, 
            -2.120931, 
            -0.855675, 
            1.757777, 
            5.648999, 
            1.476842, 
            -2.378344, 
            -1.11665, 
            -4.542574, 
            -2.905621, 
            5.302521, 
            1.172472
        ], 
        [
            1.304181, 
            2.520448, 
            4.380347, 
            4.680981, 
            2.003486, 
            7.266504, 
            -1.201864, 
            -3.106235, 
            -2.964893, 
            -1.900868, 
            -5.678226, 
            -3.979486, 
            2.754825, 
            -1.604816, 
            3.008003, 
            -4.452958, 
            -8.530532, 
            -0.005955, 
            -1.769629, 
            0.234538, 
            2.081826, 
            -0.664221, 
            -0.681614, 
            -3.771796, 
            -5.889876, 
            3.988751, 
            -1.144451, 
            3.689189, 
            5.772262, 
            5.968474
        ], 
        [
            3.458973, 
            -8.419779, 
            6.817419, 
            -2.333018, 
            -2.41629, 
            -1.165955, 
            -2.530211, 
            -4.166065, 
            0.224655, 
            5.294891
        ]
    ], 
    "nodes" : [
        [
            0.4836913801931218, 
            0.5269095630633833, 
            -0.5992202813018287, 
            0.7126435527428462, 
            1.0
        ], 
        [
            0.9994821616005086, 
            -0.9455523935870458, 
            -0.7845503767125451, 
            -0.9999933635629101, 
            0.9999999109519963, 
            0.7615941559557649
        ], 
        [
            0.9999999103165669, 
            0.9999999999978195, 
            0.999999064926, 
            0.9999999995741328, 
            0.7615941559557649
        ], 
        [
            0.9999666631530846, 
            -0.9999999999319901
        ]
    ], 
    "pre activation nodes" : [
        [
            0.0, 
            0.0, 
            0.0, 
            0.0, 
            0.0
        ], 
        [
            4.129367781153094, 
            -1.7880311668305733, 
            -1.0570973285593515, 
            -6.308039591834272, 
            8.463618690422429, 
            1.0
        ], 
        [
            8.46006345615207, 
            13.772322691060943, 
            7.2878934396796975, 
            11.135020276209616, 
            1.0
        ], 
        [
            5.500988885366293, 
            -12.052257110829057
        ]
    ], 
    "average nodes" : [
        [
            0.0, 
            0.0, 
            0.0, 
            0.0, 
            0.0
        ], 
        [
            0.0, 
            0.0, 
            0.0, 
            0.0, 
            0.0, 
            0.0
        ], 
        [
            0.0, 
            0.0, 
            0.0, 
            0.0, 
            0.0
        ], 
        [
            0.0, 
            0.0
        ]
    ], 
    "input width" : 4, 
    "output width" : 2, 
    "hidden width" : 5, 
    "hidden length" : 2, 
    "hidden layer details" : {
        "items" : 3, 
        "0" : "is shallow", 
        "1" : "probabilities", 
        "2" : "width", 
        "is shallow" : true, 
        "probabilities" : {
            "2" : 0.85, 
            "3" : 0.12, 
            "1" : 0.03
        }, 
        "width" : {
            "no change" : 0.6, 
            "decrease" : 0.35, 
            "increase" : 0.05
        }
    }, 
    "weight range" : 1.0, 
    "activation function" : 2, 
    "learning rate" : 0.05, 
    "momentum active" : true, 
    "momentum" : 0.001, 
    "accuracy requirement" : 0.985, 
    "epochs" : 10, 
    "batch size" : 40, 
    "accuracy sample size" : 150, 
    "fitness sample size" : 15, 
    "allow testing" : false, 
    "show output" : true, 
    "use bias" : true, 
    "clear bias" : false, 
    "bias value" : 1.0, 
    "child" : null
}