{
    "child iterations" : 15, 
    "is fertile" : false, 
    "is classifier" : false, 
    "is child" : false, 
    "weights" : [
        [
            0.842058, 
            3.930082, 
            1.847901, 
            -3.365368, 
            -2.794696, 
            1.983565, 
            -0.47674293873690776, 
            -3.895495, 
            4.635578, 
            -1.18125, 
            -0.489149, 
            -2.06576, 
            2.150978, 
            0.7427510029153486, 
            -0.98243, 
            3.475372, 
            -2.393571, 
            -4.159096, 
            -4.40644, 
            1.082646, 
            0.1609151477148043, 
            0.203227, 
            1.202161, 
            -0.672267, 
            -0.411621, 
            2.777626, 
            -0.14267, 
            0.42492192261044415, 
            1.06148, 
            0.72931, 
            0.134139, 
            -1.333216, 
            -4.033157, 
            1.709872, 
            0.3576352857342995
        ], 
        [
            -1.181734, 
            1.898698, 
            2.238959, 
            1.135494, 
            1.817617, 
            -1.269829, 
            0.48668166084054487, 
            -2.793891, 
            -3.923802, 
            -0.882693, 
            -2.54694, 
            -2.675459, 
            1.181294, 
            0.018603514307189872, 
            1.556095, 
            0.635036, 
            -0.1465, 
            -2.177189, 
            -2.420381, 
            0.917377, 
            0.4111557362440348, 
            0.796199, 
            -1.962875, 
            4.000466, 
            1.056028, 
            -1.934006, 
            -0.745649, 
            0.5334331839241564, 
            0.630741, 
            3.485879, 
            0.988563, 
            1.046965, 
            -2.95035, 
            1.416132, 
            0.22984589058817684, 
            1.168873, 
            0.239921, 
            -2.02899, 
            -1.569355, 
            -0.875987, 
            -1.50532, 
            0.6108731111115768, 
            -3.423377, 
            3.06417, 
            0.01643, 
            0.658872, 
            0.055813, 
            -1.687137, 
            -0.5731258647527322
        ], 
        [
            0.766679, 
            3.095326, 
            -1.671818, 
            3.087044, 
            -4.08642, 
            1.590073, 
            -1.814149, 
            2.747678, 
            -0.561303, 
            -1.878055, 
            2.368483, 
            -1.885617, 
            2.319976, 
            1.533737
        ]
    ], 
    "momentum weights" : [
        [
            0.842058, 
            3.930082, 
            1.847901, 
            -3.365368, 
            -2.794696, 
            1.983565, 
            -0.47674293873690776, 
            -3.895495, 
            4.635578, 
            -1.18125, 
            -0.489149, 
            -2.06576, 
            2.150978, 
            0.7427510029153486, 
            -0.98243, 
            3.475372, 
            -2.393571, 
            -4.159096, 
            -4.40644, 
            1.082646, 
            0.1609151477148043, 
            0.203227, 
            1.202161, 
            -0.672267, 
            -0.411621, 
            2.777626, 
            -0.14267, 
            0.42492192261044415, 
            1.06148, 
            0.72931, 
            0.134139, 
            -1.333216, 
            -4.033157, 
            1.709872, 
            0.3576352857342995
        ], 
        [
            -1.181734, 
            1.898698, 
            2.238959, 
            1.135494, 
            1.817617, 
            -1.269829, 
            0.48668166084054487, 
            -2.793891, 
            -3.923802, 
            -0.882693, 
            -2.54694, 
            -2.675459, 
            1.181294, 
            0.018603514307189872, 
            1.556095, 
            0.635036, 
            -0.1465, 
            -2.177189, 
            -2.420381, 
            0.917377, 
            0.4111557362440348, 
            0.796199, 
            -1.962875, 
            4.000466, 
            1.056028, 
            -1.934006, 
            -0.745649, 
            0.5334331839241564, 
            0.630741, 
            3.485879, 
            0.988563, 
            1.046965, 
            -2.95035, 
            1.416132, 
            0.22984589058817684, 
            1.168873, 
            0.239921, 
            -2.02899, 
            -1.569355, 
            -0.875987, 
            -1.50532, 
            0.6108731111115768, 
            -3.423377, 
            3.06417, 
            0.01643, 
            0.658872, 
            0.055813, 
            -1.687137, 
            -0.5731258647527322
        ], 
        [
            0.766679, 
            3.095326, 
            -1.671818, 
            3.087044, 
            -4.08642, 
            1.590073, 
            -1.814149, 
            2.747678, 
            -0.561303, 
            -1.878055, 
            2.368483, 
            -1.885617, 
            2.319976, 
            1.533737
        ]
    ], 
    "nodes" : [
        [
            -0.49172489885987497, 
            0.2459934068483463, 
            -0.5312296723889116, 
            0.33475181174245516, 
            1.0
        ], 
        [
            0.2720530176124251, 
            -0.9063485843762757, 
            -0.018604155386969204, 
            0.9790009926772119, 
            0.10317977161005637, 
            0.5654014216146614, 
            0.7615941559557649
        ], 
        [
            0.7932038739878452, 
            0.9999032783131679, 
            0.9996286382281272, 
            0.9978371221519036, 
            0.3039156799440139, 
            -0.9995061511698297, 
            0.7615941559557649
        ], 
        [
            -0.99999961352527, 
            0.9999999999628935
        ]
    ], 
    "pre activation nodes" : [
        [
            0.0, 
            0.0, 
            0.0, 
            0.0, 
            0.0
        ], 
        [
            0.279079602195175, 
            -1.506682705263247, 
            -0.01860630222273643, 
            2.2729361404725896, 
            0.10354828125740134, 
            0.6407373863943926, 
            1.0
        ], 
        [
            1.0800128816068475, 
            4.968385864996352, 
            4.2956476632875455, 
            3.4141903817183783, 
            0.3138281376370608, 
            -4.15309066253119, 
            1.0
        ], 
        [
            -7.729673169963929, 
            12.355188170071981
        ]
    ], 
    "average nodes" : [
        [
            0.0, 
            0.0, 
            0.0, 
            0.0, 
            0.0
        ], 
        [
            0.0, 
            0.0, 
            0.0, 
            0.0, 
            0.0, 
            0.0, 
            0.0
        ], 
        [
            0.0, 
            0.0, 
            0.0, 
            0.0, 
            0.0, 
            0.0, 
            0.0
        ], 
        [
            0.0, 
            0.0
        ]
    ], 
    "input width" : 4, 
    "output width" : 2, 
    "hidden width" : 6, 
    "hidden length" : 2, 
    "hidden layer details" : {
        "items" : 3, 
        "0" : "is shallow", 
        "1" : "probabilities", 
        "2" : "width", 
        "is shallow" : true, 
        "probabilities" : {
            "2" : 0.85, 
            "3" : 0.12, 
            "1" : 0.03
        }, 
        "width" : {
            "no change" : 0.6, 
            "decrease" : 0.35, 
            "increase" : 0.05
        }
    }, 
    "weight range" : 1.0, 
    "activation function" : 2, 
    "learning rate" : 0.05, 
    "momentum active" : true, 
    "momentum" : 0.001, 
    "accuracy requirement" : 0.985, 
    "epochs" : 10, 
    "batch size" : 40, 
    "accuracy sample size" : 150, 
    "fitness sample size" : 15, 
    "allow testing" : false, 
    "show output" : true, 
    "use bias" : true, 
    "clear bias" : false,