{
    "child iterations" : 15, 
    "is fertile" : false, 
    "is classifier" : false, 
    "is child" : false, 
    "weights" : [
        [
            0.986366, 
            -0.298689, 
            -0.806708, 
            0.405162, 
            -0.294214, 
            0.809898, 
            -0.784796, 
            -0.956948, 
            0.900737, 
            0.498539, 
            0.542353, 
            -0.2258376919422571, 
            0.12014, 
            0.007109, 
            0.009143, 
            -0.277669, 
            -0.887602, 
            -0.15749, 
            -0.990695, 
            0.492388, 
            0.666487, 
            0.272547, 
            0.609085, 
            0.561240259259691, 
            0.948394, 
            0.120706, 
            -0.224316, 
            -0.396422, 
            1.016469, 
            0.497654, 
            -0.526606, 
            0.746147, 
            -0.116933, 
            0.19522, 
            0.013599, 
            -0.8785778787874399, 
            0.401236, 
            0.364723, 
            0.276971, 
            -0.44243, 
            0.141493, 
            -0.050246, 
            -0.046966, 
            -0.715105, 
            -0.933569, 
            0.053475, 
            0.837604, 
            0.651782353439337, 
            0.025402, 
            -0.334315, 
            0.201796, 
            0.097727, 
            0.395098, 
            0.223485, 
            -0.77178, 
            -0.000608, 
            0.889948, 
            0.407658, 
            -0.47845, 
            -0.5722929597322892, 
            -0.037632, 
            -0.597573, 
            -0.132254, 
            -0.702109, 
            0.809349, 
            -0.530824, 
            -0.163817, 
            -0.134994, 
            0.770234, 
            -0.636718, 
            0.82532, 
            0.10138827367202796, 
            -0.890397, 
            0.274593, 
            0.677477, 
            0.997555, 
            -0.8455, 
            -0.348507, 
            0.30912, 
            0.678321, 
            -1.024594, 
            -0.601127, 
            0.312809, 
            0.5382325978186857, 
            -0.957612, 
            0.290999, 
            0.403596, 
            -0.40372, 
            0.571211, 
            1.021423, 
            -0.809331, 
            -0.645105, 
            0.615584, 
            -0.704103, 
            -0.173117, 
            0.07843069323898288, 
            -0.407886, 
            0.118039, 
            0.161236, 
            -0.391418, 
            -0.989811, 
            0.393813, 
            0.829509, 
            -0.213398, 
            0.404998, 
            -0.209828, 
            0.982331, 
            0.6792449355400472, 
            -0.512707, 
            -1.012916, 
            -0.272663, 
            0.207698, 
            -0.352023, 
            -0.25055, 
            1.03404, 
            -0.502937, 
            -0.297308, 
            -0.177562, 
            -0.242461, 
            -0.6711832711680727, 
            0.760181, 
            -0.75095, 
            -0.025339, 
            0.886418, 
            -0.86581, 
            0.366394, 
            -0.795366, 
            -0.984703, 
            -0.896917, 
            0.984802, 
            0.126938, 
            -0.9253105484653146
        ], 
        [
            -0.243542, 
            0.846567, 
            0.745693, 
            -0.245729, 
            -0.62496, 
            -0.77517, 
            -0.195799, 
            -0.436724, 
            0.834429, 
            -0.918804, 
            -0.45601, 
            0.32305197156926035, 
            -0.018114, 
            0.012579, 
            -0.040868, 
            -0.680209, 
            0.850556, 
            -0.855912, 
            0.963371, 
            0.399491, 
            -0.213001, 
            0.081238, 
            -1.007644, 
            -0.22592831432783433, 
            -0.223095, 
            0.769848, 
            -0.180478, 
            -0.131842, 
            -0.382567, 
            -0.35582, 
            0.558223, 
            -0.454598, 
            -0.330988, 
            0.062002, 
            0.493856, 
            0.3807490227486696, 
            -0.56134, 
            0.23144, 
            -0.176697, 
            1.059796, 
            -0.486692, 
            0.321185, 
            0.740663, 
            0.158082, 
            0.351248, 
            -0.576464, 
            0.016875, 
            -0.8360561199813243, 
            -0.734733, 
            -0.399833, 
            0.731046, 
            -0.460212, 
            0.564623, 
            -0.930671, 
            -0.931945, 
            0.702747, 
            0.415417, 
            0.855362, 
            -0.020064, 
            -0.31485344007316507, 
            0.449555, 
            -0.809058, 
            0.581441, 
            -0.407212, 
            -0.791528, 
            0.389219, 
            0.344791, 
            -0.901861, 
            -0.303283, 
            0.616573, 
            0.424603, 
            -0.5191419460484223, 
            -0.260103, 
            0.47029, 
            -0.059773, 
            -0.271034, 
            0.069548, 
            0.140398, 
            -0.143547, 
            0.661107, 
            -0.331587, 
            0.839095, 
            -0.87055, 
            0.37162986538158727, 
            -0.572188, 
            -0.471802, 
            0.776402, 
            -0.550526, 
            0.052402, 
            0.933357, 
            0.987016, 
            0.394829, 
            0.245568, 
            0.825711, 
            0.533055, 
            0.1001522573387712, 
            0.524897, 
            0.445115, 
            -0.023815, 
            0.235469, 
            -0.841433, 
            -0.193089, 
            1.022321, 
            0.9267, 
            0.696327, 
            0.313816, 
            -0.718659, 
            -0.09716203587426842, 
            -0.111942, 
            -0.139513, 
            -0.833825, 
            0.496309, 
            0.668706, 
            -0.612313, 
            0.139797, 
            -0.543418, 
            -0.392597, 
            -0.579536, 
            -0.672848, 
            -0.6051257263756307, 
            0.724038, 
            -0.63269, 
            0.953235, 
            0.488426, 
            -0.983415, 
            0.123137, 
            0.090765, 
            0.425077, 
            -0.786676, 
            0.646709, 
            -0.875259, 
            -0.1381720970673428, 
            0.178218, 
            -0.642946, 
            0.793503, 
            -1.027062, 
            0.405038, 
            0.327851, 
            -0.491556, 
            -0.045956, 
            -0.04062, 
            0.057601, 
            0.914005, 
            0.4680322570142681
        ], 
        [
            0.305579, 
            -0.749701, 
            -0.266935, 
            -0.925403, 
            -0.215972, 
            1.031094, 
            0.027952, 
            0.903719, 
            0.235351, 
            -0.27111, 
            -0.811792, 
            0.787406
        ]
    ],