{
    "child iterations" : 15, 
    "is fertile" : false, 
    "is classifier" : false, 
    "is child" : false, 
    "weights" : [
        [
            0.762311, 
            5.487611, 
            -1.297102, 
            -4.664693, 
            0.706621, 
            -2.167611, 
            0.5798576526436412, 
            -2.104305, 
            5.444252, 
            -6.086404, 
            1.61636, 
            0.292232, 
            -1.827328, 
            0.24941021002774866, 
            2.747083, 
            4.839534, 
            -4.296548, 
            -2.178835, 
            -0.790264, 
            0.10215, 
            -0.17420761352965708, 
            2.852087, 
            0.102602, 
            0.077063, 
            -0.373107, 
            1.263286, 
            -2.231519, 
            0.4009469441552549, 
            0.77364, 
            2.085942, 
            -0.005173, 
            0.700039, 
            1.81082, 
            -0.505033, 
            0.2756448432199501
        ], 
        [
            -0.407682, 
            0.837841, 
            2.363087, 
            -2.586719, 
            -1.514792, 
            0.436114, 
            -0.8552688203705572, 
            0.717818, 
            -2.750257, 
            -0.386894, 
            -2.409651, 
            -2.683298, 
            -1.636146, 
            -0.9084599039696923, 
            1.686856, 
            -0.4025, 
            2.74799, 
            2.83716, 
            2.65872, 
            -0.05011, 
            -0.6421416620794071, 
            2.28236, 
            3.351332, 
            3.482193, 
            1.134559, 
            1.810718, 
            -1.529789, 
            -0.41230009712199744, 
            -0.704765, 
            1.313791, 
            -0.155059, 
            -1.347969, 
            -1.571802, 
            -2.039358, 
            0.6588010770842181, 
            -0.39437, 
            0.695985, 
            1.272059, 
            1.32693, 
            2.074481, 
            1.844064, 
            -0.9673149002448043, 
            2.534047, 
            0.138574, 
            -1.052216, 
            1.207675, 
            1.685114, 
            0.476848, 
            -0.6608073693711591
        ], 
        [
            -0.335109, 
            -1.792025, 
            -0.705927, 
            2.028826, 
            -1.101033, 
            1.323563, 
            -1.432288, 
            3.511814, 
            -3.763023, 
            1.394876, 
            -0.125848, 
            1.159682, 
            0.990168, 
            2.381626
        ]
    ], 
    "momentum weights" : [
        [
            0.762311, 
            5.487611, 
            -1.297102, 
            -4.664693, 
            0.706621, 
            -2.167611, 
            0.5798576526436412, 
            -2.104305, 
            5.444252, 
            -6.086404, 
            1.61636, 
            0.292232, 
            -1.827328, 
            0.24941021002774866, 
            2.747083, 
            4.839534, 
            -4.296548, 
            -2.178835, 
            -0.790264, 
            0.10215, 
            -0.17420761352965708, 
            2.852087, 
            0.102602, 
            0.077063, 
            -0.373107, 
            1.263286, 
            -2.231519, 
            0.4009469441552549, 
            0.77364, 
            2.085942, 
            -0.005173, 
            0.700039, 
            1.81082, 
            -0.505033, 
            0.2756448432199501
        ], 
        [
            -0.407682, 
            0.837841, 
            2.363087, 
            -2.586719, 
            -1.514792, 
            0.436114, 
            -0.8552688203705572, 
            0.717818, 
            -2.750257, 
            -0.386894, 
            -2.409651, 
            -2.683298, 
            -1.636146, 
            -0.9084599039696923, 
            1.686856, 
            -0.4025, 
            2.74799, 
            2.83716, 
            2.65872, 
            -0.05011, 
            -0.6421416620794071, 
            2.28236, 
            3.351332, 
            3.482193, 
            1.134559, 
            1.810718, 
            -1.529789, 
            -0.41230009712199744, 
            -0.704765, 
            1.313791, 
            -0.155059, 
            -1.347969, 
            -1.571802, 
            -2.039358, 
            0.6588010770842181, 
            -0.39437, 
            0.695985, 
            1.272059, 
            1.32693, 
            2.074481, 
            1.844064, 
            -0.9673149002448043, 
            2.534047, 
            0.138574, 
            -1.052216, 
            1.207675, 
            1.685114, 
            0.476848, 
            -0.6608073693711591
        ], 
        [
            -0.335109, 
            -1.792025, 
            -0.705927, 
            2.028826, 
            -1.101033, 
            1.323563, 
            -1.432288, 
            3.511814, 
            -3.763023, 
            1.394876, 
            -0.125848, 
            1.159682, 
            0.990168, 
            2.381626
        ]
    ], 
    "nodes" : [
        [
            0.7765614520909504, 
            0.041114025601784135, 
            -0.5341090313826006, 
            0.7624957945752293, 
            1.0
        ], 
        [
            0.963066163178231, 
            0.9994106118985022, 
            0.797205054712949, 
            -0.962342702714867, 
            0.9989096013316473, 
            -0.9993549814447045, 
            0.7615941559557649
        ], 
        [
            0.7980294358696345, 
            -0.9998548431469512, 
            -0.9049127544980863, 
            -0.9999653910227696, 
            -0.9999903992469955, 
            -0.997281797907967, 
            0.7615941559557649
        ], 
        [
            0.999999399798776, 
            -0.9999999632091282
        ]
    ], 
    "pre activation nodes" : [
        [
            0.0, 
            0.0, 
            0.0, 
            0.0, 
            0.0
        ], 
        [
            1.9865673904660155, 
            4.064639059212682, 
            1.090896321477323, 
            -1.976683770250864, 
            3.7569068656899227, 
            -4.019528046473628, 
            1.0
        ], 
        [
            1.0931623108465818, 
            -4.765385127271782, 
            -1.4986983222452612, 
            -5.482263663974118, 
            -6.123405702382587, 
            -3.2997858839513263, 
            1.0
        ], 
        [
            7.509573872497029, 
            -8.905581616436981
        ]
    ], 
    "average nodes" : [
        [
            0.0, 
            0.0, 
            0.0, 
            0.0, 
            0.0
        ], 
        [
            0.0, 
            0.0, 
            0.0, 
            0.0, 
            0.0, 
            0.0, 
            0.0
        ], 
        [
            0.0, 
            0.0, 
            0.0, 
            0.0, 
            0.0, 
            0.0, 
            0.0
        ], 
        [
            0.0, 
            0.0
        ]
    ], 
    "input width" : 4, 
    "output width" : 2, 
    "hidden width" : 6, 
    "hidden length" : 2, 
    "hidden layer details" : {
        "items" : 3, 
        "0" : "is shallow", 
        "1" : "probabilities", 
        "2" : "width", 
        "is shallow" : true, 
        "probabilities" : {
            "2" : 0.85, 
            "3" : 0.12, 
            "1" : 0.03
        }, 
        "width" : {
            "no change" : 0.6, 
            "decrease" : 0.35, 
            "increase" : 0.05
        }
    }, 
    "weight range" : 1.0, 
    "activation function" : 2, 
    "learning rate" : 0.05, 
    "momentum active" : true, 
    "momentum" : 0.001, 
    "accuracy requirement" : 0.985, 
    "epochs" : 10, 
    "batch size" : 40, 
    "accuracy sample size" : 150, 
    "fitness sample size" : 15, 
    "allow testing" : false, 
    "show output" : true, 
    "use bias" : true, 
    "clear bias" : false,