{
    "child iterations" : 15, 
    "is fertile" : false, 
    "is classifier" : false, 
    "is child" : false, 
    "weights" : [
        [
            0.197267, 
            -0.38213, 
            -0.163562, 
            -0.537058, 
            0.228659, 
            -0.939562, 
            0.384225, 
            -1.019374, 
            0.370276, 
            0.10542, 
            0.160702, 
            -0.46465208412084213, 
            0.80193, 
            0.439929, 
            -0.565915, 
            -0.403471, 
            0.098907, 
            1.036827, 
            -0.179371, 
            1.00101, 
            0.891512, 
            0.238476, 
            -0.766035, 
            0.47850314293468355, 
            0.471703, 
            -1.068544, 
            -0.656744, 
            -0.697363, 
            0.409111, 
            0.581062, 
            0.660059, 
            0.263697, 
            -0.233739, 
            0.45054, 
            0.694705, 
            0.14669306783002245, 
            -0.919201, 
            -0.776596, 
            0.39116, 
            0.99063, 
            0.875809, 
            0.616552, 
            -0.699565, 
            -0.394311, 
            0.896706, 
            0.593568, 
            -0.94981, 
            0.8066201395244936, 
            0.75063, 
            0.782513, 
            -0.875729, 
            0.003022, 
            0.077991, 
            -0.609046, 
            0.051723, 
            0.045044, 
            0.968408, 
            -0.061319, 
            0.19266, 
            0.5019894549893922, 
            0.734028, 
            0.898584, 
            0.481112, 
            0.527736, 
            0.073018, 
            -0.60769, 
            0.499223, 
            -0.806982, 
            -0.838287, 
            0.337507, 
            0.894003, 
            -0.41968375010985604, 
            0.831731, 
            0.545276, 
            -0.563143, 
            0.645953, 
            -0.200402, 
            -0.875781, 
            0.509731, 
            -0.504701, 
            0.60799, 
            0.457446, 
            -0.230241, 
            -0.6428700819936637, 
            0.599881, 
            -0.694054, 
            -0.431966, 
            -0.573979, 
            0.26575, 
            0.640882, 
            0.305766, 
            -0.44743, 
            -0.921723, 
            -0.533208, 
            0.97322, 
            0.6542340280861041, 
            0.582836, 
            -0.300567, 
            0.421358, 
            -0.958828, 
            0.303719, 
            -0.747385, 
            -0.420586, 
            -0.366278, 
            0.247818, 
            0.769515, 
            0.497441, 
            -0.6938751903846649, 
            0.058972, 
            -0.498445, 
            0.948319, 
            -0.57062, 
            -0.635179, 
            0.250939, 
            -0.794435, 
            -0.799323, 
            -0.510497, 
            -0.652956, 
            -0.066735, 
            -0.15176188100460508, 
            -0.659517, 
            0.055029, 
            -0.80135, 
            0.937303, 
            0.505944, 
            1.037677, 
            -0.088575, 
            -0.511187, 
            -0.445633, 
            0.048327, 
            -1.067173, 
            -0.011812404290354461
        ], 
        [
            0.63926, 
            0.282459, 
            -0.139827, 
            0.299543, 
            -0.386745, 
            0.619694, 
            0.940253, 
            0.567547, 
            -0.114389, 
            0.197103, 
            0.403318, 
            -0.7609336608621957, 
            0.759656, 
            -0.51144, 
            -0.719478, 
            0.06335, 
            -0.94771, 
            -0.5987, 
            1.003182, 
            -0.837664, 
            -0.125604, 
            0.018372, 
            -0.138254, 
            0.06232651449952353, 
            0.868348, 
            0.446931, 
            -0.252997, 
            0.544896, 
            0.076827, 
            -0.004486, 
            -0.716384, 
            -0.803666, 
            -0.747856, 
            -0.839001, 
            0.083964, 
            0.5823974119096846, 
            -0.072216, 
            0.377477, 
            -0.972222, 
            0.434466, 
            0.248892, 
            -0.674906, 
            -0.747263, 
            -0.708047, 
            -0.432104, 
            0.497303, 
            0.311374, 
            0.19214294260271703, 
            0.389757, 
            0.26373, 
            -0.676818, 
            -0.841873, 
            -0.101305, 
            -0.903704, 
            -0.492286, 
            0.259013, 
            -0.679021, 
            0.899071, 
            -1.032676, 
            -0.1184384889183896, 
            -0.301468, 
            -0.620893, 
            -0.403925, 
            0.718092, 
            -0.735955, 
            0.721302, 
            -0.78885, 
            -0.849547, 
            -0.258198, 
            -0.34144, 
            0.5866, 
            0.8529751943531796, 
            -0.705279, 
            0.556751, 
            -0.608063, 
            0.555865, 
            0.916852, 
            0.452487, 
            -0.08608, 
            -0.622211, 
            -0.995302, 
            1.014064, 
            -0.51146, 
            0.07858995562576765, 
            0.597685, 
            0.630015, 
            -0.936838, 
            -0.661429, 
            0.448367, 
            -0.405933, 
            -0.26219, 
            0.540102, 
            0.947962, 
            -0.778604, 
            0.641581, 
            -0.7859295546058398, 
            0.027413, 
            0.44214, 
            0.852174, 
            -0.207491, 
            0.852274, 
            0.001982, 
            -0.937724, 
            0.078449, 
            0.164174, 
            -0.645899, 
            -1.006327, 
            0.583472804556711, 
            0.437916, 
            0.013892, 
            -0.31461, 
            0.642793, 
            0.329451, 
            -0.908427, 
            -0.855855, 
            0.167034, 
            -0.690954, 
            0.631585, 
            -0.427145, 
            -0.6993689405366814, 
            -0.512959, 
            0.058221, 
            0.898832, 
            -0.57631, 
            0.821472, 
            0.938201, 
            0.051156, 
            -0.247642, 
            0.292603, 
            0.984404, 
            0.201657, 
            -0.7918716357916831, 
            0.620373, 
            0.252422, 
            -0.97958, 
            0.935755, 
            0.93152, 
            0.112499, 
            0.987193, 
            -0.118635, 
            0.005073, 
            -0.524018, 
            -0.653857, 
            0.937149107734079
        ], 
        [
            -0.0364, 
            0.751534, 
            -0.549246, 
            -0.146247, 
            0.985668, 
            0.205782, 
            -0.698819, 
            -0.154177, 
            0.849877, 
            -0.482382, 
            -0.742392, 
            0.181606
        ]
    ],