{
    "child iterations" : 15, 
    "is fertile" : false, 
    "is classifier" : false, 
    "is child" : false, 
    "weights" : [
        [
            -0.752517, 
            0.70319, 
            0.373898, 
            0.328182, 
            0.509309, 
            -0.505384, 
            -0.142997, 
            0.649628, 
            -0.560671, 
            0.414029, 
            1.024562, 
            0.413766, 
            -0.1709402320960185, 
            -0.970674, 
            0.431404, 
            0.965654, 
            0.375754, 
            -0.165376, 
            -0.55346, 
            -0.679804, 
            -0.512293, 
            -0.267868, 
            0.68937, 
            0.341946, 
            0.113928, 
            -0.5005116336495912, 
            -0.264875, 
            -0.499236, 
            0.616028, 
            0.18499, 
            0.818343, 
            -0.566381, 
            0.265489, 
            0.272547, 
            -0.729512, 
            1.040487, 
            -0.692179, 
            -0.282854, 
            0.9442100465968726, 
            1.001972, 
            -0.077623, 
            1.016912, 
            0.749843, 
            -0.436307, 
            -0.836113, 
            -0.254002, 
            -0.477643, 
            0.330695, 
            0.80143, 
            1.033626, 
            -0.982129, 
            0.6831592163659628, 
            0.346925, 
            -0.287817, 
            0.121572, 
            -0.976268, 
            0.30241, 
            -0.994879, 
            -0.623179, 
            -0.620676, 
            0.214048, 
            -1.066287, 
            -0.399262, 
            0.870915, 
            0.28970472441483497, 
            0.48976, 
            -0.37955, 
            -0.845115, 
            -0.255239, 
            -0.584098, 
            0.303549, 
            -0.308747, 
            -0.156526, 
            -0.046104, 
            -0.691439, 
            -0.656148, 
            0.771318, 
            -0.38021840169458154, 
            -0.267741, 
            -0.564298, 
            -0.416853, 
            -0.510665, 
            -0.001818, 
            -0.715355, 
            -0.130052, 
            -0.381428, 
            -0.644461, 
            -0.227113, 
            -0.97485, 
            -0.372763, 
            0.9778117428572226, 
            0.22589, 
            -0.736472, 
            1.050564, 
            -0.173682, 
            -0.235123, 
            0.853529, 
            0.955822, 
            0.918031, 
            0.501212, 
            0.851914, 
            -0.630133, 
            1.032179, 
            -0.7851469330979755, 
            0.063723, 
            -0.440394, 
            0.649107, 
            0.563926, 
            -0.891562, 
            -0.457338, 
            -0.418953, 
            0.921505, 
            -0.090603, 
            -0.577078, 
            0.704301, 
            -0.007697, 
            -0.5328430185161532, 
            0.285198, 
            0.580731, 
            -0.845131, 
            -0.230819, 
            0.99332, 
            -1.007339, 
            0.03079, 
            0.41903, 
            -0.551994, 
            -0.28649, 
            -0.227103, 
            -0.252153, 
            -0.01777979095732829, 
            -0.30356, 
            0.948395, 
            0.093563, 
            0.678991, 
            0.702179, 
            -0.699162, 
            -0.958442, 
            -0.168913, 
            0.459086, 
            -0.015011, 
            0.900457, 
            -0.309416, 
            -0.8066928786474219
        ], 
        [
            -0.323903, 
            0.932311, 
            0.89157, 
            0.329514, 
            0.703509, 
            0.385423, 
            0.73819, 
            0.402299, 
            -0.93246, 
            -0.138389, 
            -0.435338, 
            -0.6818239920547413, 
            0.269398, 
            -0.950169, 
            0.229174, 
            -0.580078, 
            0.433373, 
            1.068466, 
            -0.611072, 
            0.301369, 
            -0.83769, 
            -0.828069, 
            0.432836, 
            -0.8790292104272233, 
            -0.088282, 
            0.765599, 
            0.765029, 
            0.029473, 
            -0.216817, 
            -0.026678, 
            -0.775372, 
            -0.8547, 
            0.321333, 
            0.447064, 
            0.817699, 
            -0.48396449896543237, 
            -0.745191, 
            0.012245, 
            0.136752, 
            0.351161, 
            -0.442293, 
            -1.098648, 
            0.472353, 
            -0.909716, 
            -0.152267, 
            0.407649, 
            -0.292097, 
            0.7200189675302089, 
            -0.319341, 
            1.020672, 
            0.940087, 
            0.105228, 
            0.277772, 
            0.286586, 
            -0.47717, 
            -0.311627, 
            0.62976, 
            0.677569, 
            0.513472, 
            0.35562131027908506, 
            -0.013927, 
            -0.871977, 
            0.585294, 
            0.72912, 
            -0.52173, 
            -0.549653, 
            -0.436872, 
            -0.440118, 
            0.725392, 
            0.407129, 
            0.792025, 
            -0.2846490421305534, 
            0.586325, 
            1.04792, 
            0.319152, 
            0.642, 
            0.823662, 
            0.01722, 
            -0.098497, 
            0.856882, 
            -0.713626, 
            -0.47408, 
            0.066408, 
            0.7800860844198159, 
            -0.460601, 
            -0.85571, 
            -0.151309, 
            1.030264, 
            -0.662661, 
            -0.34298, 
            -0.082359, 
            0.774668, 
            -0.094227, 
            -0.401598, 
            -0.315153, 
            -0.8033638638339438, 
            -0.607314, 
            0.406306, 
            -0.834949, 
            -1.043882, 
            -0.634228, 
            0.844166, 
            0.579051, 
            0.438014, 
            -1.003845, 
            0.989978, 
            0.748461, 
            -0.37602166962988615, 
            -0.262619, 
            -0.393564, 
            -0.099751, 
            -0.006309, 
            0.266082, 
            -0.394443, 
            -0.338776, 
            -0.615456, 
            0.363167, 
            -0.347065, 
            -0.27528, 
            -0.5524889308494689, 
            -0.13137, 
            -0.413898, 
            0.512461, 
            -0.26063, 
            0.090429, 
            -0.76049, 
            -0.272614, 
            -0.007759, 
            0.943878, 
            -0.090583, 
            0.336984, 
            0.5621873547475593, 
            0.142962, 
            -0.338841, 
            -0.010452, 
            -0.558521, 
            0.500506, 
            0.920877, 
            0.651745, 
            0.852157, 
            -0.467576, 
            -0.512967, 
            0.773162, 
            -0.9135673850981227, 
            -0.263727, 
            -0.999787, 
            0.969642, 
            -0.140208, 
            0.609636, 
            -0.142558, 
            -0.131189, 
            -0.991391, 
            0.890959, 
            -0.770907, 
            0.992108, 
            -0.08837324484229958
        ], 
        [
            -0.477906, 
            -0.307424, 
            -0.664583, 
            0.99274, 
            0.083717, 
            0.35946, 
            0.598014, 
            -0.317415, 
            0.108406, 
            -1.078445, 
            -0.463019, 
            1.013944
        ]
    ],