{
    "child iterations" : 15, 
    "is fertile" : false, 
    "is classifier" : false, 
    "is child" : false, 
    "weights" : [
        [
            -1.692197, 
            -1.612329, 
            0.281193, 
            -2.361872, 
            0.549402, 
            3.800175, 
            -1.506353, 
            -3.197933, 
            0.13667577211133408, 
            -0.787714, 
            2.148116, 
            1.730197, 
            0.874166, 
            -1.171998, 
            2.585636, 
            0.893521, 
            -4.835161, 
            -0.057514249814380136, 
            1.836363, 
            -1.692951, 
            0.110494, 
            1.648629, 
            2.841614, 
            1.479879, 
            0.155849, 
            -4.508755, 
            -0.8293638294225134, 
            0.972428, 
            1.488921, 
            -0.844743, 
            0.229815, 
            -0.000535, 
            0.058671, 
            -0.666613, 
            0.255721, 
            -0.6284076756949939, 
            1.916875, 
            0.07371, 
            -0.381997, 
            1.019417, 
            2.301922, 
            1.140876, 
            -2.299093, 
            -1.535905, 
            -0.4651970092254767
        ], 
        [
            0.888508, 
            -2.152706, 
            0.415135, 
            1.039933, 
            -0.394004, 
            2.586274, 
            -0.554385, 
            -0.7678432909752562, 
            0.614164, 
            1.059259, 
            -0.386269, 
            -0.856276, 
            2.930421, 
            -2.130972, 
            2.333433, 
            0.4801164263799731, 
            -0.885959, 
            -1.84621, 
            -0.584378, 
            -0.951524, 
            1.183943, 
            1.766352, 
            -0.194693, 
            0.31496566656099967, 
            -0.579734, 
            -1.417008, 
            -2.244596, 
            1.5392, 
            -1.912537, 
            0.946885, 
            1.145859, 
            0.18753343486622498, 
            -2.094921, 
            0.937415, 
            -1.742017, 
            1.73961, 
            -0.405509, 
            0.31486, 
            -2.256005, 
            0.42602493324571467, 
            -2.263932, 
            -2.049735, 
            0.997975, 
            -0.702947, 
            -1.638249, 
            -1.616546, 
            0.545047, 
            0.7271942042823993, 
            0.509305, 
            -1.696413, 
            -1.07052, 
            -1.990859, 
            1.382508, 
            1.950576, 
            2.013715, 
            0.08488902605269533, 
            3.06932, 
            2.511262, 
            -0.33639, 
            0.409457, 
            0.675846, 
            1.182258, 
            1.970324, 
            0.722579659050913, 
            0.820901, 
            -0.836362, 
            1.586287, 
            -0.96886, 
            -0.74515, 
            -1.694377, 
            1.728762, 
            0.42866385428968234
        ], 
        [
            -1.669025, 
            2.542092, 
            -2.591883, 
            1.843521, 
            1.341596, 
            -0.005003, 
            -0.176396, 
            -0.423957, 
            -1.174718, 
            0.279335, 
            -1.823824, 
            3.605922, 
            -1.695087, 
            2.082951, 
            -0.274483, 
            1.180448
        ]
    ], 
    "momentum weights" : [
        [
            -1.692197, 
            -1.612329, 
            0.281193, 
            -2.361872, 
            0.549402, 
            3.800175, 
            -1.506353, 
            -3.197933, 
            0.13667577211133408, 
            -0.787714, 
            2.148116, 
            1.730197, 
            0.874166, 
            -1.171998, 
            2.585636, 
            0.893521, 
            -4.835161, 
            -0.057514249814380136, 
            1.836363, 
            -1.692951, 
            0.110494, 
            1.648629, 
            2.841614, 
            1.479879, 
            0.155849, 
            -4.508755, 
            -0.8293638294225134, 
            0.972428, 
            1.488921, 
            -0.844743, 
            0.229815, 
            -0.000535, 
            0.058671, 
            -0.666613, 
            0.255721, 
            -0.6284076756949939, 
            1.916875, 
            0.07371, 
            -0.381997, 
            1.019417, 
            2.301922, 
            1.140876, 
            -2.299093, 
            -1.535905, 
            -0.4651970092254767
        ], 
        [
            0.888508, 
            -2.152706, 
            0.415135, 
            1.039933, 
            -0.394004, 
            2.586274, 
            -0.554385, 
            -0.7678432909752562, 
            0.614164, 
            1.059259, 
            -0.386269, 
            -0.856276, 
            2.930421, 
            -2.130972, 
            2.333433, 
            0.4801164263799731, 
            -0.885959, 
            -1.84621, 
            -0.584378, 
            -0.951524, 
            1.183943, 
            1.766352, 
            -0.194693, 
            0.31496566656099967, 
            -0.579734, 
            -1.417008, 
            -2.244596, 
            1.5392, 
            -1.912537, 
            0.946885, 
            1.145859, 
            0.18753343486622498, 
            -2.094921, 
            0.937415, 
            -1.742017, 
            1.73961, 
            -0.405509, 
            0.31486, 
            -2.256005, 
            0.42602493324571467, 
            -2.263932, 
            -2.049735, 
            0.997975, 
            -0.702947, 
            -1.638249, 
            -1.616546, 
            0.545047, 
            0.7271942042823993, 
            0.509305, 
            -1.696413, 
            -1.07052, 
            -1.990859, 
            1.382508, 
            1.950576, 
            2.013715, 
            0.08488902605269533, 
            3.06932, 
            2.511262, 
            -0.33639, 
            0.409457, 
            0.675846, 
            1.182258, 
            1.970324, 
            0.722579659050913, 
            0.820901, 
            -0.836362, 
            1.586287, 
            -0.96886, 
            -0.74515, 
            -1.694377, 
            1.728762, 
            0.42866385428968234
        ], 
        [
            -1.669025, 
            2.542092, 
            -2.591883, 
            1.843521, 
            1.341596, 
            -0.005003, 
            -0.176396, 
            -0.423957, 
            -1.174718, 
            0.279335, 
            -1.823824, 
            3.605922, 
            -1.695087, 
            2.082951, 
            -0.274483, 
            1.180448
        ]
    ], 
    "nodes" : [
        [
            -0.0345354765665001, 
            0.001780375457909735, 
            -0.5857849957998579, 
            0.66843430899188, 
            1.0
        ], 
        [
            0.9134886288268272, 
            0.9716034944940587, 
            -0.7690542098201789, 
            0.28251748632631624, 
            0.5482872648427489, 
            0.1844304915029611, 
            -0.992367938740224, 
            0.8805076747579192, 
            0.7615941559557649
        ], 
        [
            0.9965617527680457, 
            0.9980877601903207, 
            0.770840427960336, 
            0.9987954774507939, 
            -0.6817635420843073, 
            -0.9960252286156572, 
            0.9732758142284083, 
            0.7615941559557649
        ], 
        [
            -0.9897372287230355, 
            0.9958703628598994
        ]
    ],