{
    "child iterations" : 15, 
    "is fertile" : false, 
    "is classifier" : false, 
    "is child" : false, 
    "weights" : [
        [
            -6.135837, 
            2.094586, 
            -2.40972, 
            2.010843, 
            5.808392, 
            0.369956, 
            -0.9860008187541958, 
            2.951798, 
            -1.302862, 
            -2.742035, 
            -2.274993, 
            7.214135, 
            -3.889255, 
            0.05053229933840231, 
            -1.958572, 
            -0.565498, 
            2.662959, 
            3.201166, 
            6.620072, 
            -2.543286, 
            0.18598953902971171, 
            1.268856, 
            2.409074, 
            2.812792, 
            0.518558, 
            0.054331, 
            -0.324858, 
            -0.19103616957097458, 
            -0.637535, 
            2.005799, 
            2.076483, 
            -2.459565, 
            1.943439, 
            -0.07066, 
            -0.18340723918636814
        ], 
        [
            -2.943471, 
            3.23728, 
            -1.679302, 
            -0.696348, 
            1.264306, 
            -1.347639, 
            -1.343178, 
            2.054155, 
            6.840408, 
            -6.113796, 
            -0.140278, 
            3.167587, 
            3.88055, 
            -2.252091
        ]
    ], 
    "momentum weights" : [
        [
            -6.135837, 
            2.094586, 
            -2.40972, 
            2.010843, 
            5.808392, 
            0.369956, 
            -0.9860008187541958, 
            2.951798, 
            -1.302862, 
            -2.742035, 
            -2.274993, 
            7.214135, 
            -3.889255, 
            0.05053229933840231, 
            -1.958572, 
            -0.565498, 
            2.662959, 
            3.201166, 
            6.620072, 
            -2.543286, 
            0.18598953902971171, 
            1.268856, 
            2.409074, 
            2.812792, 
            0.518558, 
            0.054331, 
            -0.324858, 
            -0.19103616957097458, 
            -0.637535, 
            2.005799, 
            2.076483, 
            -2.459565, 
            1.943439, 
            -0.07066, 
            -0.18340723918636814
        ], 
        [
            -2.943471, 
            3.23728, 
            -1.679302, 
            -0.696348, 
            1.264306, 
            -1.347639, 
            -1.343178, 
            2.054155, 
            6.840408, 
            -6.113796, 
            -0.140278, 
            3.167587, 
            3.88055, 
            -2.252091
        ]
    ], 
    "nodes" : [
        [
            -0.015898290173001907, 
            -0.13418672613724383, 
            -0.5527860942985762, 
            0.657148312829046, 
            1.0
        ], 
        [
            0.753247728157664, 
            0.999384606190906, 
            0.9934504494357644, 
            -0.9985521539090113, 
            -0.9917079596308239, 
            0.927158491715542, 
            0.7615941559557649
        ], 
        [
            -0.9999456415846343, 
            0.9999746197496747
        ]
    ], 
    "pre activation nodes" : [
        [
            0.0, 
            0.0, 
            0.0, 
            0.0, 
            0.0
        ], 
        [
            0.9804201531473402, 
            4.043043795702292, 
            2.8591129396512196, 
            -3.6150506383885945, 
            -2.740725878887698, 
            1.6377579757388938, 
            1.0
        ], 
        [
            -5.2565155604151315, 
            5.637336861494564
        ]
    ], 
    "average nodes" : [
        [
            0.0, 
            0.0, 
            0.0, 
            0.0, 
            0.0
        ], 
        [
            0.0, 
            0.0, 
            0.0, 
            0.0, 
            0.0, 
            0.0, 
            0.0
        ], 
        [
            0.0, 
            0.0
        ]
    ], 
    "input width" : 4, 
    "output width" : 2, 
    "hidden width" : 6, 
    "hidden length" : 1, 
    "hidden layer details" : {
        "items" : 3, 
        "0" : "is shallow", 
        "1" : "probabilities", 
        "2" : "width", 
        "is shallow" : true, 
        "probabilities" : {
            "2" : 0.85, 
            "3" : 0.12, 
            "1" : 0.03
        }, 
        "width" : {
            "no change" : 0.6, 
            "decrease" : 0.35, 
            "increase" : 0.05
        }
    }, 
    "weight range" : 1.0, 
    "activation function" : 2, 
    "learning rate" : 0.05, 
    "momentum active" : true, 
    "momentum" : 0.001, 
    "accuracy requirement" : 0.985, 
    "epochs" : 10, 
    "batch size" : 40, 
    "accuracy sample size" : 150, 
    "fitness sample size" : 15, 
    "allow testing" : false, 
    "show output" : true, 
    "use bias" : true, 
    "clear bias" : false, 
    "bias value" : 1.0, 
    "child" : null
}