{
    "child iterations" : 15, 
    "is fertile" : false, 
    "is classifier" : false, 
    "is child" : false, 
    "weights" : [
        [
            -0.7393141760887063, 
            0.03167599566008006, 
            0.459786190600008, 
            -0.621702193803545, 
            0.5130221948788647, 
            0.15755754614751782, 
            0.2628899297392018, 
            -0.6640245947572128, 
            -0.6271595532791039, 
            0.17175695509551447, 
            -0.21463650623363462, 
            -0.9655505539114606, 
            -0.25703958455554865, 
            -0.7644097435261794, 
            0.5060036355238666, 
            -0.391894431300821, 
            -0.9928455743544167, 
            0.19773010490977438, 
            0.3430004831277613, 
            0.819714055895878, 
            0.7302936073860333, 
            -0.7442302326123973, 
            -0.050502487056969025, 
            0.44966811852659117, 
            -0.7954365133383487, 
            0.43470497098638217, 
            0.6432517765227532, 
            0.012110042178865132, 
            -0.8909921135758472, 
            0.7043817636495506, 
            0.5564310972655411, 
            0.3782673689175349, 
            0.05381173506601922, 
            0.7679887567474444, 
            0.09203982713762793, 
            0.4079516607929159, 
            0.45589537695712923, 
            -0.3595856018767678, 
            0.029180848609897225, 
            0.6311677930091839, 
            -0.5397408591792319, 
            0.1379322174265485, 
            -0.17295798822279407, 
            -0.10590463227869873, 
            0.6469249547923539, 
            -0.51614764942401, 
            0.67108628750876, 
            -0.9135376036797074, 
            0.7192608628725441, 
            -0.37772080030250876, 
            -0.3058878401699421, 
            -0.2961605402898162, 
            -0.31389023690475115, 
            -0.019313007729994558, 
            0.5482177606739378, 
            -0.7262670529693309, 
            0.06666011215903156, 
            0.6688716880528158, 
            -0.6849978485968127, 
            -0.125879234583665, 
            -0.06864162326977441, 
            -0.04461124160145946, 
            -0.08803707645691627, 
            -0.8370123791526944, 
            0.24394604090522054, 
            -0.9821377705959944, 
            -0.7114084734859789, 
            -0.6664307453823086, 
            0.6750761144111421, 
            -0.3738477695453475, 
            -0.9858843751213879, 
            0.4937169542543516, 
            -0.5920145044026981, 
            -0.3306131933057386, 
            0.24401709789563775, 
            -0.4730613987586261, 
            0.9151566230611066, 
            -0.10742621735464963, 
            -0.7412233380620341, 
            0.5154622338969588, 
            0.16732620593230618, 
            0.7121656900043607, 
            -0.3996329020158955, 
            0.34509451712556793, 
            -0.9705702957521027, 
            0.2589365994842945, 
            0.6953179188270664, 
            -0.807553308927649, 
            0.011941420005392667, 
            0.46248928881517526, 
            0.27316201555714215, 
            -0.7382476287802049, 
            -0.2083830527740802, 
            -0.4643644097399495, 
            0.8546502185891345, 
            0.9118025247181607, 
            -0.21164416770179417, 
            0.8841614751750435, 
            0.6190391689390122, 
            -0.9661366298610357, 
            0.6370750938768883, 
            0.16705050526352894, 
            -0.5777457068724545, 
            0.8246648212822878, 
            -0.23255983337545505, 
            0.08922230795663877, 
            -0.2968316739497492, 
            0.6637531462733772, 
            -0.09462200138336474, 
            0.10973817657658125, 
            0.9017641554466209, 
            0.9709307187852998, 
            0.07920215825928323, 
            0.7640806105597191, 
            0.8657281412189435, 
            0.3691791890667375, 
            0.41558718341316325, 
            0.8509867770673147, 
            0.027962864230029583, 
            -0.18078856212954109, 
            0.23897, 
            0.453813, 
            -0.793436, 
            0.04574, 
            -0.153855, 
            -0.478104, 
            0.522268, 
            0.295342, 
            0.884842, 
            -0.647067, 
            -0.564453, 
            -0.6698169608367495
        ], 
        [
            0.389546, 
            0.669759, 
            0.725502, 
            0.060252, 
            0.405622, 
            -0.212603, 
            0.080434, 
            0.125654, 
            -0.412352, 
            0.157919, 
            -0.3425000271786287, 
            -0.326822, 
            0.665016, 
            0.301491, 
            0.767698, 
            0.488283, 
            -0.018634, 
            -0.900162, 
            -0.858166, 
            -0.243875, 
            0.432306, 
            -0.9046831799070265, 
            0.816391, 
            0.247521, 
            -0.563592, 
            0.097809, 
            0.150154, 
            -0.492378, 
            0.35038, 
            -0.775162, 
            -0.085077, 
            0.701154, 
            -0.8901548684306657, 
            -0.831413, 
            -0.782674, 
            0.067029, 
            0.790773, 
            -0.633972, 
            0.444757, 
            0.048981, 
            0.56305, 
            0.149885, 
            0.217633, 
            -0.9768174013923132, 
            0.646974, 
            0.130187, 
            0.965336, 
            -0.968102, 
            -0.534377, 
            -0.580901, 
            -0.513967, 
            0.899037, 
            0.323092, 
            -0.194592, 
            -0.3325870747420556, 
            -0.583577, 
            -0.119157, 
            -0.226609, 
            -0.97758, 
            -0.964944, 
            0.796151, 
            0.284669, 
            0.85924, 
            0.10248, 
            0.096542, 
            0.037472187108814614, 
            0.025879, 
            -0.931005, 
            -0.434089, 
            0.517485, 
            -0.096045, 
            -0.286788, 
            1.005494, 
            0.299369, 
            0.015329, 
            0.695024, 
            -0.7686926004125867, 
            -0.527541, 
            0.846331, 
            -0.824037, 
            0.838391, 
            -0.799692, 
            0.067846, 
            1.012255, 
            -0.946851, 
            0.421897, 
            -0.655945, 
            0.091790044214632, 
            -0.963308, 
            0.607523, 
            0.361564, 
            0.109381, 
            -0.219394, 
            -0.067513, 
            0.621429, 
            -0.479563, 
            -0.29218, 
            0.46341, 
            -0.35163997438657013, 
            -0.830875, 
            -0.37626, 
            -0.52427, 
            -0.489637, 
            -0.053444, 
            0.138736, 
            1.013619, 
            0.161383, 
            -0.908787, 
            0.728464, 
            0.40543084083647907, 
            -0.545753, 
            0.57598, 
            0.544795, 
            0.821045, 
            -0.60332, 
            0.128128, 
            0.305826, 
            -0.659996, 
            -0.948512, 
            -0.059919, 
            -0.8891772085298384, 
            0.114712, 
            -0.034032, 
            0.343921, 
            -0.077493, 
            0.205557, 
            0.228444, 
            0.571043, 
            -0.602369, 
            0.441141, 
            -0.420918, 
            0.7920639894677532
        ], 
        [
            -0.839534, 
            0.595929, 
            -0.966161, 
            0.543232, 
            0.872213, 
            0.018445, 
            -0.425674, 
            -1.061759, 
            1.069207, 
            0.230507, 
            -0.864162
        ]
