{
    "child iterations" : 15, 
    "is fertile" : false, 
    "is classifier" : false, 
    "is child" : false, 
    "weights" : [
        [
            3.082299, 
            -5.296478, 
            3.016517, 
            -6.009985, 
            -0.300224, 
            -2.788196, 
            1.57439, 
            -0.2921679868114988, 
            2.262386, 
            -1.71342, 
            0.155813, 
            -7.134744, 
            1.812504, 
            -0.204236, 
            2.151984, 
            -0.8765728781589206, 
            -1.869467, 
            -1.299279, 
            -2.303032, 
            -6.352829, 
            5.615587, 
            0.611734, 
            -0.013973, 
            0.11578103368174619, 
            2.830315, 
            0.836795, 
            -1.231027, 
            -0.462889, 
            -0.44356, 
            -2.098032, 
            -1.903986, 
            0.463618505631167, 
            -3.603703, 
            -1.594291, 
            -3.406569, 
            -2.147508, 
            3.161976, 
            -1.542191, 
            -3.036944, 
            0.25135098238623255
        ], 
        [
            0.93741, 
            -1.475491, 
            -2.184326, 
            -2.615845, 
            1.729259, 
            1.161117, 
            0.8957, 
            0.7459553615232639, 
            2.569075, 
            -0.46719, 
            -1.40332, 
            -0.280451, 
            0.964237, 
            -0.496955, 
            -2.631835, 
            -0.6283658964994199, 
            0.573105, 
            -2.042547, 
            2.160927, 
            1.68934, 
            -0.903211, 
            -3.420391, 
            -2.326297, 
            -0.4331148010510175, 
            4.571432, 
            -0.365165, 
            -1.39793, 
            -3.78141, 
            -3.924758, 
            -1.621279, 
            1.838749, 
            -0.23494276464237918, 
            -3.596259, 
            1.957603, 
            0.14124, 
            2.533391, 
            -1.905806, 
            -0.934059, 
            -0.540387, 
            -0.1318214273100431, 
            1.793871, 
            -2.658405, 
            1.580883, 
            -2.689243, 
            1.09753, 
            0.243701, 
            0.785388, 
            0.8539152459019173, 
            -1.676445, 
            1.244142, 
            1.921275, 
            3.072697, 
            2.452325, 
            0.044525, 
            -1.462513, 
            0.0038005343206606312, 
            2.118465, 
            -2.052302, 
            -1.614984, 
            2.747381, 
            2.571651, 
            2.567194, 
            2.791836, 
            0.24604938772478246
        ], 
        [
            -3.0404, 
            4.848981, 
            1.140826, 
            0.849162, 
            1.421367, 
            -0.475916, 
            1.339644, 
            -1.628805, 
            3.300764, 
            -0.520525, 
            3.935189, 
            0.255181, 
            -2.87317, 
            -2.912791, 
            1.49576, 
            2.226699
        ]
    ], 
    "momentum weights" : [
        [
            3.082299, 
            -5.296478, 
            3.016517, 
            -6.009985, 
            -0.300224, 
            -2.788196, 
            1.57439, 
            -0.2921679868114988, 
            2.262386, 
            -1.71342, 
            0.155813, 
            -7.134744, 
            1.812504, 
            -0.204236, 
            2.151984, 
            -0.8765728781589206, 
            -1.869467, 
            -1.299279, 
            -2.303032, 
            -6.352829, 
            5.615587, 
            0.611734, 
            -0.013973, 
            0.11578103368174619, 
            2.830315, 
            0.836795, 
            -1.231027, 
            -0.462889, 
            -0.44356, 
            -2.098032, 
            -1.903986, 
            0.463618505631167, 
            -3.603703, 
            -1.594291, 
            -3.406569, 
            -2.147508, 
            3.161976, 
            -1.542191, 
            -3.036944, 
            0.25135098238623255
        ], 
        [
            0.93741, 
            -1.475491, 
            -2.184326, 
            -2.615845, 
            1.729259, 
            1.161117, 
            0.8957, 
            0.7459553615232639, 
            2.569075, 
            -0.46719, 
            -1.40332, 
            -0.280451, 
            0.964237, 
            -0.496955, 
            -2.631835, 
            -0.6283658964994199, 
            0.573105, 
            -2.042547, 
            2.160927, 
            1.68934, 
            -0.903211, 
            -3.420391, 
            -2.326297, 
            -0.4331148010510175, 
            4.571432, 
            -0.365165, 
            -1.39793, 
            -3.78141, 
            -3.924758, 
            -1.621279, 
            1.838749, 
            -0.23494276464237918, 
            -3.596259, 
            1.957603, 
            0.14124, 
            2.533391, 
            -1.905806, 
            -0.934059, 
            -0.540387, 
            -0.1318214273100431, 
            1.793871, 
            -2.658405, 
            1.580883, 
            -2.689243, 
            1.09753, 
            0.243701, 
            0.785388, 
            0.8539152459019173, 
            -1.676445, 
            1.244142, 
            1.921275, 
            3.072697, 
            2.452325, 
            0.044525, 
            -1.462513, 
            0.0038005343206606312, 
            2.118465, 
            -2.052302, 
            -1.614984, 
            2.747381, 
            2.571651, 
            2.567194, 
            2.791836, 
            0.24604938772478246
        ], 
        [
            -3.0404, 
            4.848981, 
            1.140826, 
            0.849162, 
            1.421367, 
            -0.475916, 
            1.339644, 
            -1.628805, 
            3.300764, 
            -0.520525, 
            3.935189, 
            0.255181, 
            -2.87317, 
            -2.912791, 
            1.49576, 
            2.226699
        ]
    ], 
    "nodes" : [
        [
            0.381015223301531, 
            0.24877734829577136, 
            -0.6153875977340771, 
            0.5322785673368067, 
            1.0
        ], 
        [
            0.6586882575553701, 
            -0.9925372729343687, 
            -0.8969627372054828, 
            -0.9878635252247708, 
            -0.19098961756155497, 
            -0.9995016335088742, 
            -0.994041674694659, 
            0.7615941559557649
        ], 
        [
            -0.9998614583136166, 
            0.8236572053727339, 
            -0.9999549210345378, 
            0.9652519065381093, 
            0.9986689134714735, 
            0.9999996458473633, 
            0.9999941441477551, 
            0.7615941559557649
        ], 
        [
            0.9999999848433324, 
            -0.9999971277920493
        ]
    ], 
    "pre activation nodes" : [
        [
            0.0, 
            0.0, 
            0.0, 
            0.0, 
            0.0
        ], 
        [
            0.7904930511535686, 
            -2.7936216056476493, 
            -1.4564593146103468, 
            -2.5493001865336047, 
            -0.19336405062962658, 
            -4.148536395954004, 
            -2.9065646988975744, 
            1.0
        ], 
        [
            -4.788708600111938, 
            1.168084709919643, 
            -5.3501097294042514, 
            2.0176255033493504, 
            3.657120573621489, 
            7.773342421646014, 
            6.370606632831548, 
            1.0
        ], 
        [
            9.3489862350891, 
            -6.726787623807532
        ]
    ],