{
    "child iterations" : 15, 
    "is fertile" : false, 
    "is classifier" : false, 
    "is child" : false, 
    "weights" : [
        [
            7.030726, 
            3.886428, 
            1.428388, 
            1.267904, 
            4.797992, 
            4.057106, 
            2.018082, 
            1.234487, 
            2.456736, 
            -4.380348, 
            0.44166, 
            5.805575, 
            0.608245, 
            -1.648695, 
            -0.967029, 
            6.461925, 
            -3.099762, 
            1.901529, 
            5.234636, 
            4.671896, 
            0.225627, 
            -1.654989, 
            -2.103871, 
            3.219817, 
            3.221329, 
            2.943088, 
            -1.345442, 
            2.54296, 
            2.552739, 
            3.791161, 
            0.368042, 
            1.813875, 
            0.62661, 
            1.581212, 
            0.792461
        ], 
        [
            -5.497673, 
            -2.982567, 
            0.367844, 
            3.101246, 
            -3.366269, 
            2.918683, 
            0.350892, 
            3.076406, 
            -2.044489, 
            4.75728, 
            -4.375232, 
            4.707308, 
            4.615522, 
            3.033942, 
            -0.418591, 
            0.170931, 
            4.466672, 
            1.214383, 
            -4.462789, 
            4.094668, 
            3.142497, 
            -0.406777, 
            3.04233, 
            -2.191064, 
            0.866746, 
            0.841282, 
            -3.728711, 
            5.708719, 
            -5.927059, 
            1.540647, 
            -3.630721, 
            -4.515147, 
            1.386957, 
            3.833899, 
            0.40774, 
            1.270501, 
            3.040035, 
            -0.562028, 
            -4.7496, 
            -0.440911, 
            1.127191, 
            -4.001812
        ], 
        [
            -2.691868, 
            4.970524, 
            1.827366, 
            -0.28061, 
            -3.245281, 
            0.256264, 
            3.817642, 
            -4.132778, 
            -3.038815, 
            3.006067, 
            -2.033245, 
            -3.086699
        ]
    ], 
    "momentum weights" : [
        [
            7.030726, 
            3.886428, 
            1.428388, 
            1.267904, 
            4.797992, 
            4.057106, 
            2.018082, 
            1.234487, 
            2.456736, 
            -4.380348, 
            0.44166, 
            5.805575, 
            0.608245, 
            -1.648695, 
            -0.967029, 
            6.461925, 
            -3.099762, 
            1.901529, 
            5.234636, 
            4.671896, 
            0.225627, 
            -1.654989, 
            -2.103871, 
            3.219817, 
            3.221329, 
            2.943088, 
            -1.345442, 
            2.54296, 
            2.552739, 
            3.791161, 
            0.368042, 
            1.813875, 
            0.62661, 
            1.581212, 
            0.792461
        ], 
        [
            -5.497673, 
            -2.982567, 
            0.367844, 
            3.101246, 
            -3.366269, 
            2.918683, 
            0.350892, 
            3.076406, 
            -2.044489, 
            4.75728, 
            -4.375232, 
            4.707308, 
            4.615522, 
            3.033942, 
            -0.418591, 
            0.170931, 
            4.466672, 
            1.214383, 
            -4.462789, 
            4.094668, 
            3.142497, 
            -0.406777, 
            3.04233, 
            -2.191064, 
            0.866746, 
            0.841282, 
            -3.728711, 
            5.708719, 
            -5.927059, 
            1.540647, 
            -3.630721, 
            -4.515147, 
            1.386957, 
            3.833899, 
            0.40774, 
            1.270501, 
            3.040035, 
            -0.562028, 
            -4.7496, 
            -0.440911, 
            1.127191, 
            -4.001812
        ], 
        [
            -2.691868, 
            4.970524, 
            1.827366, 
            -0.28061, 
            -3.245281, 
            0.256264, 
            3.817642, 
            -4.132778, 
            -3.038815, 
            3.006067, 
            -2.033245, 
            -3.086699
        ]
    ], 
    "nodes" : [
        [
            0.06315037968111112, 
            -0.30267505341500556, 
            -0.1506752536239688, 
            0.37472380588668536, 
            1.0
        ], 
        [
            0.9731535391144243, 
            0.9105912891676385, 
            0.9980170673792034, 
            0.9906581743673768, 
            -0.47265428732801534, 
            0.4179544480195169, 
            0.7615941559557649
        ], 
        [
            -0.9997311386421287, 
            0.9996094057326547, 
            -0.08334354005922485, 
            0.9999769684559401, 
            0.9993834535889254, 
            0.7615941559557649
        ], 
        [
            0.999356072568647, 
            -0.9999999498128591
        ]
    ], 
    "pre activation nodes" : [
        [
            0.0, 
            0.0, 
            0.0, 
            0.0, 
            0.0
        ], 
        [
            2.148627160724863, 
            1.530974967288043, 
            3.457666815430846, 
            2.6808594534527463, 
            -0.5134826772326119, 
            0.44521093489750485, 
            1.0
        ], 
        [
            -4.457163725159111, 
            4.2703965402589095, 
            -0.08353732044198381, 
            5.685890732755498, 
            4.042107908236736, 
            1.0
        ], 
        [
            4.020374843723274, 
            -8.750327077616614
        ]
    ], 
    "average nodes" : [
        [
            0.0, 
            0.0, 
            0.0, 
            0.0, 
            0.0
        ], 
        [
            0.0, 
            0.0, 
            0.0, 
            0.0, 
            0.0, 
            0.0, 
            0.0
        ], 
        [
            0.0, 
            0.0, 
            0.0, 
            0.0, 
            0.0, 
            0.0
        ], 
        [
            0.0, 
            0.0
        ]
    ], 
    "input width" : 4, 
    "output width" : 2, 
    "hidden width" : 6, 
    "hidden length" : 2, 
    "hidden layer details" : {
        "items" : 3, 
        "0" : "is shallow", 
        "1" : "probabilities", 
        "2" : "width", 
        "is shallow" : true, 
        "probabilities" : {
            "2" : 0.85, 
            "3" : 0.12, 
            "1" : 0.03
        }, 
        "width" : {
            "no change" : 0.6, 
            "decrease" : 0.35, 
            "increase" : 0.05
        }
    }, 
    "weight range" : 1.0, 
    "activation function" : 2, 
    "learning rate" : 0.05, 
    "momentum active" : true, 
    "momentum" : 0.001, 
    "accuracy requirement" : 0.985, 
    "epochs" : 10, 
    "batch size" : 40, 
    "accuracy sample size" : 150, 
    "fitness sample size" : 15, 
    "allow testing" : false, 
    "show output" : true, 
    "use bias" : true, 
    "clear bias" : false, 
    "bias value" : 1.0, 
    "child" : null
}