{
    "child iterations" : 15, 
    "is fertile" : false, 
    "is classifier" : false, 
    "is child" : false, 
    "weights" : [
        [
            -0.078217, 
            -4.958266, 
            -3.962768, 
            -1.898591, 
            1.347799, 
            -1.301864, 
            0.856033043935756, 
            -0.338723, 
            0.031092, 
            -2.445216, 
            -0.514332, 
            6.680013, 
            0.309502, 
            -0.31401602165341025, 
            1.975732, 
            -3.894879, 
            -5.134633, 
            2.878635, 
            3.226145, 
            -2.314004, 
            -0.057334445023074165, 
            0.420379, 
            -2.646177, 
            2.311614, 
            1.290785, 
            1.022516, 
            -2.331301, 
            -0.43011485847865316, 
            -2.38084, 
            -0.284029, 
            -2.202535, 
            -2.612923, 
            -1.460913, 
            0.110786, 
            -0.9405080138257327
        ], 
        [
            1.870855, 
            2.715945, 
            -0.762518, 
            2.0249, 
            -0.453064, 
            0.8204455301239593, 
            -2.192265, 
            -2.962079, 
            -4.250421, 
            -0.724823, 
            0.927952, 
            -0.8370763344813548, 
            -1.466894, 
            -1.673435, 
            -0.080218, 
            0.539853, 
            3.510576, 
            0.6062677081692727, 
            0.359429, 
            2.971643, 
            -0.510098, 
            -0.292729, 
            2.69107, 
            -0.7160646907559023, 
            -3.59265, 
            -2.970071, 
            3.549738, 
            1.375686, 
            -3.619333, 
            0.00393780087616924, 
            0.833489, 
            1.05628, 
            2.177449, 
            1.623354, 
            1.729221, 
            0.0627754843210866, 
            -1.43323, 
            1.497282, 
            0.722919, 
            -2.228966, 
            1.387841, 
            0.6477882939992023
        ], 
        [
            -1.860293, 
            -3.232026, 
            3.189602, 
            1.759276, 
            2.657624, 
            -2.046949, 
            -0.651266, 
            1.515395, 
            -3.31692, 
            4.017908, 
            -1.12689, 
            0.778971
        ]
    ], 
    "momentum weights" : [
        [
            -0.078217, 
            -4.958266, 
            -3.962768, 
            -1.898591, 
            1.347799, 
            -1.301864, 
            0.856033043935756, 
            -0.338723, 
            0.031092, 
            -2.445216, 
            -0.514332, 
            6.680013, 
            0.309502, 
            -0.31401602165341025, 
            1.975732, 
            -3.894879, 
            -5.134633, 
            2.878635, 
            3.226145, 
            -2.314004, 
            -0.057334445023074165, 
            0.420379, 
            -2.646177, 
            2.311614, 
            1.290785, 
            1.022516, 
            -2.331301, 
            -0.43011485847865316, 
            -2.38084, 
            -0.284029, 
            -2.202535, 
            -2.612923, 
            -1.460913, 
            0.110786, 
            -0.9405080138257327
        ], 
        [
            1.870855, 
            2.715945, 
            -0.762518, 
            2.0249, 
            -0.453064, 
            0.8204455301239593, 
            -2.192265, 
            -2.962079, 
            -4.250421, 
            -0.724823, 
            0.927952, 
            -0.8370763344813548, 
            -1.466894, 
            -1.673435, 
            -0.080218, 
            0.539853, 
            3.510576, 
            0.6062677081692727, 
            0.359429, 
            2.971643, 
            -0.510098, 
            -0.292729, 
            2.69107, 
            -0.7160646907559023, 
            -3.59265, 
            -2.970071, 
            3.549738, 
            1.375686, 
            -3.619333, 
            0.00393780087616924, 
            0.833489, 
            1.05628, 
            2.177449, 
            1.623354, 
            1.729221, 
            0.0627754843210866, 
            -1.43323, 
            1.497282, 
            0.722919, 
            -2.228966, 
            1.387841, 
            0.6477882939992023
        ], 
        [
            -1.860293, 
            -3.232026, 
            3.189602, 
            1.759276, 
            2.657624, 
            -2.046949, 
            -0.651266, 
            1.515395, 
            -3.31692, 
            4.017908, 
            -1.12689, 
            0.778971
        ]
    ], 
    "nodes" : [
        [
            -0.4989507388096835, 
            -0.5838980418863448, 
            0.3241518943718096, 
            0.7305163806977821, 
            1.0
        ], 
        [
            -0.8325847940231518, 
            -0.7714345246751274, 
            0.8416249263609002, 
            0.4705312288986951, 
            -0.9995858565495999, 
            -0.9539110872687371, 
            0.7615941559557649
        ], 
        [
            0.6484617312276395, 
            0.9960704600802288, 
            -0.8992981695946121, 
            -0.9999616813543546, 
            0.999997998833811, 
            0.7615941559557649
        ], 
        [
            -0.999248585165821, 
            0.9997951579082333
        ]
    ], 
    "pre activation nodes" : [
        [
            0.0, 
            0.0, 
            0.0, 
            0.0, 
            0.0
        ], 
        [
            -1.1965028574482977, 
            -1.0238611249280902, 
            1.2267187347168473, 
            0.510752404740884, 
            -4.241119116498564, 
            -1.8735079561512424, 
            1.0
        ], 
        [
            0.7726396349332236, 
            3.1152067033110837, 
            -1.4685378680579626, 
            -5.431350984911899, 
            6.907463316415832, 
            1.0
        ], 
        [
            -3.943162042756464, 
            4.5931579569902805
        ]
    ], 
    "average nodes" : [
        [
            0.0, 
            0.0, 
            0.0, 
            0.0, 
            0.0
        ], 
        [
            0.0, 
            0.0, 
            0.0, 
            0.0, 
            0.0, 
            0.0, 
            0.0
        ], 
        [
            0.0, 
            0.0, 
            0.0, 
            0.0, 
            0.0, 
            0.0
        ], 
        [
            0.0, 
            0.0
        ]
    ], 
    "input width" : 4, 
    "output width" : 2, 
    "hidden width" : 7, 
    "hidden length" : 2, 
    "hidden layer details" : {
        "items" : 3, 
        "0" : "is shallow", 
        "1" : "probabilities", 
        "2" : "width", 
        "is shallow" : true, 
        "probabilities" : {
            "2" : 0.85, 
            "3" : 0.12, 
            "1" : 0.03
        }, 
        "width" : {
            "no change" : 0.6, 
            "decrease" : 0.35, 
            "increase" : 0.05
        }
    }, 
    "weight range" : 1.0, 
    "activation function" : 2, 
    "learning rate" : 0.05, 
    "momentum active" : true, 
    "momentum" : 0.001, 
    "accuracy requirement" : 0.985, 
    "epochs" : 10, 
    "batch size" : 40, 
    "accuracy sample size" : 150, 
    "fitness sample size" : 15, 
    "allow testing" : false, 
    "show output" : true, 
    "use bias" : true, 
    "clear bias" : false, 
    "bias value" : 1.0, 
    "child" : null
}