{
    "child iterations" : 15, 
    "is fertile" : false, 
    "is classifier" : false, 
    "is child" : false, 
    "weights" : [
        [
            1.907045, 
            -3.136717, 
            1.300743, 
            -3.689066, 
            2.77564, 
            -1.178051, 
            0.9303732782339855, 
            4.256526, 
            -2.461491, 
            3.156543, 
            -2.379877, 
            -0.555855, 
            0.339462, 
            -0.41419105843895987, 
            3.847718, 
            -2.269093, 
            0.718135, 
            -3.8111, 
            -1.379952, 
            -3.092444, 
            0.6078303551354496, 
            -0.772113, 
            -1.971375, 
            1.00693, 
            0.399254, 
            -1.537698, 
            2.253958, 
            0.466802290816007, 
            0.867435, 
            -1.107044, 
            -1.248976, 
            -1.396188, 
            0.407311, 
            -2.662511, 
            -0.15405071812657
        ], 
        [
            -1.006584, 
            -2.880985, 
            2.197189, 
            1.959083, 
            -0.015977, 
            2.042776, 
            0.46061659268473787, 
            1.719231, 
            1.98475, 
            -2.271436, 
            -2.523713, 
            2.941384, 
            2.038316, 
            -0.6821389488021419, 
            2.545782, 
            -1.606745, 
            -0.947866, 
            1.222356, 
            2.880018, 
            2.157535, 
            -0.8443890044819193, 
            -1.60091, 
            1.656172, 
            -0.766982, 
            -1.705821, 
            -2.446683, 
            1.921558, 
            -0.39202151528852847, 
            1.739353, 
            0.414253, 
            -1.794258, 
            1.409747, 
            0.055508, 
            1.278072, 
            0.4475936078623377, 
            0.884895, 
            -0.251002, 
            -0.980181, 
            -1.929219, 
            1.532196, 
            0.926363, 
            -0.2612741004185499, 
            2.118711, 
            1.901031, 
            1.14556, 
            -0.07269, 
            1.026134, 
            -1.357039, 
            0.35614752413958795
        ], 
        [
            -0.499686, 
            -0.073526, 
            -1.204827, 
            4.658094, 
            2.002351, 
            -0.616184, 
            3.334592, 
            -2.767289, 
            2.28631, 
            2.068545, 
            -1.073371, 
            -1.716432, 
            -1.162391, 
            -3.178634
        ]
    ], 
    "momentum weights" : [
        [
            1.907045, 
            -3.136717, 
            1.300743, 
            -3.689066, 
            2.77564, 
            -1.178051, 
            0.9303732782339855, 
            4.256526, 
            -2.461491, 
            3.156543, 
            -2.379877, 
            -0.555855, 
            0.339462, 
            -0.41419105843895987, 
            3.847718, 
            -2.269093, 
            0.718135, 
            -3.8111, 
            -1.379952, 
            -3.092444, 
            0.6078303551354496, 
            -0.772113, 
            -1.971375, 
            1.00693, 
            0.399254, 
            -1.537698, 
            2.253958, 
            0.466802290816007, 
            0.867435, 
            -1.107044, 
            -1.248976, 
            -1.396188, 
            0.407311, 
            -2.662511, 
            -0.15405071812657
        ], 
        [
            -1.006584, 
            -2.880985, 
            2.197189, 
            1.959083, 
            -0.015977, 
            2.042776, 
            0.46061659268473787, 
            1.719231, 
            1.98475, 
            -2.271436, 
            -2.523713, 
            2.941384, 
            2.038316, 
            -0.6821389488021419, 
            2.545782, 
            -1.606745, 
            -0.947866, 
            1.222356, 
            2.880018, 
            2.157535, 
            -0.8443890044819193, 
            -1.60091, 
            1.656172, 
            -0.766982, 
            -1.705821, 
            -2.446683, 
            1.921558, 
            -0.39202151528852847, 
            1.739353, 
            0.414253, 
            -1.794258, 
            1.409747, 
            0.055508, 
            1.278072, 
            0.4475936078623377, 
            0.884895, 
            -0.251002, 
            -0.980181, 
            -1.929219, 
            1.532196, 
            0.926363, 
            -0.2612741004185499, 
            2.118711, 
            1.901031, 
            1.14556, 
            -0.07269, 
            1.026134, 
            -1.357039, 
            0.35614752413958795
        ], 
        [
            -0.499686, 
            -0.073526, 
            -1.204827, 
            4.658094, 
            2.002351, 
            -0.616184, 
            3.334592, 
            -2.767289, 
            2.28631, 
            2.068545, 
            -1.073371, 
            -1.716432, 
            -1.162391, 
            -3.178634
        ]
    ], 
    "nodes" : [
        [
            0.37152499837743114, 
            0.13495754863478357, 
            -0.39702328386499236, 
            0.629869881884394, 
            1.0
        ], 
        [
            0.1355955290952483, 
            -0.9944861196978431, 
            0.009400133724377539, 
            -0.8676213103514209, 
            0.7365230986165984, 
            -0.38583810962921106, 
            0.7615941559557649
        ], 
        [
            0.97158959818869, 
            -0.9615994325542739, 
            0.9962789039851694, 
            0.999987569633515, 
            -0.4977150224096595, 
            -0.9990885795432812, 
            0.7615941559557649
        ], 
        [
            0.9999181253239188, 
            -0.9999999919811782
        ]
    ], 
    "pre activation nodes" : [
        [
            0.0, 
            0.0, 
            0.0, 
            0.0, 
            0.0
        ], 
        [
            0.1364358453330633, 
            -2.9454365538268226, 
            0.009400410612206977, 
            -1.323377098676795, 
            0.9428372352821406, 
            -0.4069009052078929, 
            1.0
        ], 
        [
            2.1199200299616825, 
            -1.9667216098739597, 
            3.142510963015947, 
            5.994254567161062, 
            -0.546264132102431, 
            -3.8465988002355713, 
            1.0
        ], 
        [
            5.05171353133047, 
            -9.6673107563277
        ]
    ], 
    "average nodes" : [
        [
            0.0, 
            0.0, 
            0.0, 
            0.0, 
            0.0
        ], 
        [
            0.0, 
            0.0, 
            0.0, 
            0.0, 
            0.0, 
            0.0, 
            0.0
        ], 
        [
            0.0, 
            0.0, 
            0.0, 
            0.0, 
            0.0, 
            0.0, 
            0.0
        ], 
        [
            0.0, 
            0.0
        ]
    ], 
    "input width" : 4, 
    "output width" : 2, 
    "hidden width" : 6, 
    "hidden length" : 2, 
    "hidden layer details" : {
        "items" : 3, 
        "0" : "is shallow", 
        "1" : "probabilities", 
        "2" : "width", 
        "is shallow" : true, 
        "probabilities" : {
            "2" : 0.85, 
            "3" : 0.12, 
            "1" : 0.03
        }, 
        "width" : {
            "no change" : 0.6, 
            "decrease" : 0.35, 
            "increase" : 0.05
        }
    }, 
    "weight range" : 1.0, 
    "activation function" : 2, 
    "learning rate" : 0.05, 
    "momentum active" : true, 
    "momentum" : 0.001, 
    "accuracy requirement" : 0.985, 
    "epochs" : 10, 
    "batch size" : 40, 
    "accuracy sample size" : 150, 
    "fitness sample size" : 15, 
    "allow testing" : false, 
    "show output" : true, 
    "use bias" : true,