{
    "child iterations" : 15, 
    "is fertile" : false, 
    "is classifier" : false, 
    "is child" : false, 
    "weights" : [
        [
            0.101482, 
            0.695111, 
            -0.900821, 
            -0.745528, 
            -0.118332, 
            -0.252313, 
            -1.124255, 
            -0.627025, 
            -0.236648, 
            0.101463, 
            -0.6616336086097083, 
            -0.334404, 
            -0.621832, 
            -0.2408, 
            0.140677, 
            -0.511394, 
            1.062371, 
            -0.613462, 
            0.667041, 
            -0.066181, 
            0.323818, 
            -0.2859632541152206, 
            0.951137, 
            -0.541745, 
            0.164543, 
            0.407425, 
            -0.627551, 
            -0.242113, 
            -0.573265, 
            -1.214974, 
            1.16305, 
            1.09929, 
            0.7357173161945021, 
            -1.147674, 
            0.664462, 
            -0.971428, 
            -0.705608, 
            -0.665741, 
            -0.028798, 
            0.329298, 
            -0.975952, 
            0.233996, 
            -0.859674, 
            0.717054448936798, 
            0.718993, 
            0.691801, 
            -0.825364, 
            -0.48482, 
            1.089689, 
            -0.445979, 
            -0.624023, 
            -1.09902, 
            -0.000596, 
            0.959624, 
            -0.9225907663376258, 
            -0.972478, 
            -0.83868, 
            -0.508262, 
            -0.911533, 
            1.174774, 
            0.407854, 
            -1.139807, 
            0.413809, 
            -0.948443, 
            0.355685, 
            -0.5821115164063972, 
            -0.365754, 
            0.211596, 
            0.283236, 
            -0.26004, 
            -0.207128, 
            1.062426, 
            -0.047593, 
            0.55112, 
            -0.837737, 
            0.294671, 
            0.5139597781173224, 
            -0.711576, 
            1.128343, 
            -0.68196, 
            -0.246944, 
            -0.154985, 
            0.947726, 
            0.766895, 
            -0.135666, 
            0.219828, 
            0.630616, 
            -0.3732012398902831, 
            -0.646481, 
            -0.016154, 
            -1.064432, 
            0.66984, 
            -0.304082, 
            0.381864, 
            0.504874, 
            -0.160983, 
            0.313084, 
            -0.604582, 
            -0.046423946547167416, 
            1.119182, 
            0.303974, 
            0.278369, 
            1.154533, 
            -0.912805, 
            -0.755397, 
            0.620186, 
            0.348093, 
            1.026041, 
            0.911753, 
            0.9253503856937169, 
            -0.913465, 
            0.202289, 
            0.741409, 
            0.607959, 
            1.013789, 
            -0.510702, 
            0.409991, 
            -0.575093, 
            -1.017574, 
            1.25304, 
            0.30456595305488077
        ], 
        [
            -1.148975, 
            0.586846, 
            0.177993, 
            -0.701908, 
            0.810168, 
            0.82656, 
            0.412437, 
            0.565861, 
            -1.19107, 
            0.210927, 
            -0.22453227590139457, 
            -0.869761, 
            0.572979, 
            -0.804653, 
            -1.09467, 
            0.54875, 
            -0.917932, 
            -0.900321, 
            -0.436686, 
            0.03135, 
            -1.324997, 
            0.4041269934123082, 
            -0.239755, 
            1.020378, 
            0.300698, 
            0.713551, 
            -1.159856, 
            -0.811784, 
            0.474945, 
            -0.521095, 
            -0.975855, 
            -0.552428, 
            0.010561346794002668, 
            -0.46542, 
            -0.026257, 
            0.691035, 
            0.404521, 
            -0.208391, 
            -0.162565, 
            -0.428301, 
            0.461114, 
            0.235304, 
            -0.168182, 
            0.855327843312407, 
            -0.157926, 
            0.69701, 
            -0.308225, 
            -0.146668, 
            1.145551, 
            -0.110028, 
            -0.996052, 
            -0.261179, 
            0.799957, 
            0.880607, 
            -0.8247003246625699, 
            -0.514902, 
            -0.330796, 
            0.578723, 
            0.556104, 
            -0.997308, 
            0.385786, 
            0.194564, 
            0.12678, 
            0.40383, 
            -0.658677, 
            -0.5721022631616812, 
            -1.11158, 
            -0.987937, 
            0.327927, 
            0.172181, 
            -0.590323, 
            0.728079, 
            -1.125174, 
            -0.490709, 
            0.589659, 
            -0.247117, 
            -0.26367419306315387, 
            1.117256, 
            -0.496717, 
            0.539479, 
            -0.141603, 
            0.903448, 
            0.887041, 
            0.331953, 
            -0.301231, 
            0.544857, 
            -0.460163, 
            0.778204434959809, 
            -0.00057, 
            0.109601, 
            0.939317, 
            -0.635983, 
            -0.244234, 
            -1.134601, 
            -0.460012, 
            0.463749, 
            -0.25978, 
            0.639885, 
            -0.3197317402048132, 
            0.259788, 
            -1.009564, 
            0.199436, 
            0.421129, 
            -0.654193, 
            -0.745275, 
            0.749073, 
            0.785309, 
            0.176737, 
            0.335695, 
            0.7437154314191945, 
            -0.531195, 
            -0.52245, 
            -0.673971, 
            0.261239, 
            -0.846956, 
            0.739306, 
            -0.801933, 
            0.272128, 
            -0.282903, 
            0.260572, 
            -0.8084414064276089
        ], 
        [
            0.595325, 
            0.633579, 
            1.029052, 
            -0.640363, 
            -1.041699, 
            0.065857, 
            -0.963721, 
            0.552185, 
            0.65408, 
            0.836164, 
            -0.315362
        ]
    ],