{
    "child iterations" : 15, 
    "is fertile" : false, 
    "is classifier" : false, 
    "is child" : false, 
    "weights" : [
        [
            -1.929165, 
            -5.701471, 
            -5.775107, 
            -3.744521, 
            -0.48300934620777913, 
            -0.418826, 
            -4.848287, 
            -6.569412, 
            -0.33772, 
            -0.06349200031091495, 
            -1.433737, 
            -6.008404, 
            -7.524737, 
            3.037597, 
            0.8262085484808264, 
            -3.725542, 
            1.42725, 
            -0.60279, 
            -1.611517, 
            0.341909934131728, 
            2.204542, 
            -1.666508, 
            -2.904167, 
            -2.406961, 
            -0.5757097531842221
        ], 
        [
            2.652887, 
            3.652494, 
            0.943874, 
            -0.8490469320704626, 
            -2.828641, 
            3.671349, 
            2.37544, 
            0.3513357537811208, 
            -1.84711, 
            2.096594, 
            3.804048, 
            0.982874125895979, 
            0.387437, 
            2.243977, 
            2.28169, 
            -0.37193046031391264, 
            2.49214, 
            5.134206, 
            -2.045352, 
            -0.9421396416088359
        ], 
        [
            1.820171, 
            -2.202811, 
            -3.61854, 
            3.097812, 
            -3.553564, 
            4.364041, 
            -1.05341, 
            3.159515
        ]
    ], 
    "momentum weights" : [
        [
            -1.929165, 
            -5.701471, 
            -5.775107, 
            -3.744521, 
            -0.48300934620777913, 
            -0.418826, 
            -4.848287, 
            -6.569412, 
            -0.33772, 
            -0.06349200031091495, 
            -1.433737, 
            -6.008404, 
            -7.524737, 
            3.037597, 
            0.8262085484808264, 
            -3.725542, 
            1.42725, 
            -0.60279, 
            -1.611517, 
            0.341909934131728, 
            2.204542, 
            -1.666508, 
            -2.904167, 
            -2.406961, 
            -0.5757097531842221
        ], 
        [
            2.652887, 
            3.652494, 
            0.943874, 
            -0.8490469320704626, 
            -2.828641, 
            3.671349, 
            2.37544, 
            0.3513357537811208, 
            -1.84711, 
            2.096594, 
            3.804048, 
            0.982874125895979, 
            0.387437, 
            2.243977, 
            2.28169, 
            -0.37193046031391264, 
            2.49214, 
            5.134206, 
            -2.045352, 
            -0.9421396416088359
        ], 
        [
            1.820171, 
            -2.202811, 
            -3.61854, 
            3.097812, 
            -3.553564, 
            4.364041, 
            -1.05341, 
            3.159515
        ]
    ], 
    "nodes" : [
        [
            0.2065421976072518, 
            0.2774324875489716, 
            -0.5242165119434812, 
            0.5327495749111177, 
            1.0
        ], 
        [
            0.4273906233544866, 
            -0.27207491936512007, 
            -0.9799414424157873, 
            -0.9999786991730794, 
            0.7615941559557649
        ], 
        [
            0.9999419951960418, 
            0.17214122262307108, 
            -0.999999670888786, 
            0.7615941559557649
        ], 
        [
            0.9992564983285335, 
            -0.9985868677803559
        ]
    ], 
    "pre activation nodes" : [
        [
            0.0, 
            0.0, 
            0.0, 
            0.0, 
            0.0
        ], 
        [
            0.4566997746936161, 
            -0.2791032546762038, 
            -2.2960833369197053, 
            -5.7249505967635645, 
            1.0
        ], 
        [
            5.224051450859591, 
            0.17387243944073694, 
            -7.810008561556138, 
            1.0
        ], 
        [
            3.9484574522843627, 
            -3.627193485333958
        ]
    ], 
    "average nodes" : [
        [
            0.0, 
            0.0, 
            0.0, 
            0.0, 
            0.0
        ], 
        [
            0.0, 
            0.0, 
            0.0, 
            0.0, 
            0.0
        ], 
        [
            0.0, 
            0.0, 
            0.0, 
            0.0
        ], 
        [
            0.0, 
            0.0
        ]
    ], 
    "input width" : 4, 
    "output width" : 2, 
    "hidden width" : 4, 
    "hidden length" : 2, 
    "hidden layer details" : {
        "items" : 3, 
        "0" : "is shallow", 
        "1" : "probabilities", 
        "2" : "width", 
        "is shallow" : true, 
        "probabilities" : {
            "2" : 0.85, 
            "3" : 0.12, 
            "1" : 0.03
        }, 
        "width" : {
            "no change" : 0.6, 
            "decrease" : 0.35, 
            "increase" : 0.05
        }
    }, 
    "weight range" : 1.0, 
    "activation function" : 2, 
    "learning rate" : 0.05, 
    "momentum active" : true, 
    "momentum" : 0.001, 
    "accuracy requirement" : 0.985, 
    "epochs" : 10, 
    "batch size" : 40, 
    "accuracy sample size" : 150, 
    "fitness sample size" : 15, 
    "allow testing" : false, 
    "show output" : true, 
    "use bias" : true, 
    "clear bias" : false, 
    "bias value" : 1.0, 
    "child" : null
}