{
    "child iterations" : 15, 
    "is fertile" : false, 
    "is classifier" : false, 
    "is child" : false, 
    "weights" : [
        [
            12.526067, 
            2.075168, 
            3.426931, 
            0.766616, 
            0.859413, 
            5.090328, 
            -0.6916969033781144, 
            10.914877, 
            1.164604, 
            3.182469, 
            6.542179, 
            -2.64252, 
            4.584738, 
            0.7383614121016617, 
            14.238756, 
            0.637142, 
            2.437112, 
            6.69216, 
            2.51491, 
            7.281051, 
            0.3107658159930127, 
            -1.579934, 
            -1.485351, 
            -4.779525, 
            0.839464, 
            -3.221051, 
            1.945257, 
            0.751753340353214, 
            5.533564, 
            -4.497917, 
            -1.622794, 
            -3.415072, 
            -3.25905, 
            -4.134712, 
            -0.11235008768432442
        ], 
        [
            -5.816295, 
            -7.163399, 
            -1.097486, 
            6.072714, 
            6.761538, 
            -0.25702003737798407, 
            1.202962, 
            -3.205912, 
            -5.529372, 
            0.30123, 
            -4.814371, 
            0.21900248224966967, 
            -2.023155, 
            -0.146726, 
            7.319887, 
            0.510541, 
            -2.375773, 
            0.3532970606005439, 
            -1.725937, 
            1.66957, 
            -4.084546, 
            3.195442, 
            1.052534, 
            -0.438110772853038, 
            -1.643167, 
            4.892958, 
            0.353222, 
            -1.266121, 
            -3.791256, 
            0.8791340321497005, 
            1.193358, 
            4.538701, 
            4.056869, 
            2.78621, 
            4.993669, 
            -0.3991035207937945, 
            1.99143, 
            2.259286, 
            -2.233534, 
            2.180558, 
            -3.831932, 
            0.9373321167069817
        ], 
        [
            1.527099, 
            3.091144, 
            -4.473901, 
            -1.58162, 
            3.919319, 
            -0.2544122530530395, 
            -2.014648, 
            2.880773, 
            2.150647, 
            6.293393, 
            0.236626, 
            0.11672812696975687, 
            4.470396, 
            4.087012, 
            3.697295, 
            -1.908901, 
            -1.129453, 
            -0.7593245939348798, 
            -4.727388, 
            0.834241, 
            2.942726, 
            -3.805635, 
            -4.02688, 
            -0.9609903428422939, 
            -1.937655, 
            2.844261, 
            -2.50677, 
            -4.52031, 
            -1.418274, 
            -0.5571525326630056, 
            -1.02112, 
            -0.697977, 
            1.180757, 
            -4.35835, 
            -1.62841, 
            0.17625774067258204
        ], 
        [
            -3.083958, 
            -0.394634, 
            -2.67279, 
            1.946925, 
            0.227289, 
            -5.156308, 
            -2.76734, 
            10.13052, 
            -5.345795, 
            3.423521, 
            4.168001, 
            4.30627
        ]
    ], 
    "momentum weights" : [
        [
            12.526067, 
            2.075168, 
            3.426931, 
            0.766616, 
            0.859413, 
            5.090328, 
            -0.6916969033781144, 
            10.914877, 
            1.164604, 
            3.182469, 
            6.542179, 
            -2.64252, 
            4.584738, 
            0.7383614121016617, 
            14.238756, 
            0.637142, 
            2.437112, 
            6.69216, 
            2.51491, 
            7.281051, 
            0.3107658159930127, 
            -1.579934, 
            -1.485351, 
            -4.779525, 
            0.839464, 
            -3.221051, 
            1.945257, 
            0.751753340353214, 
            5.533564, 
            -4.497917, 
            -1.622794, 
            -3.415072, 
            -3.25905, 
            -4.134712, 
            -0.11235008768432442
        ], 
        [
            -5.816295, 
            -7.163399, 
            -1.097486, 
            6.072714, 
            6.761538, 
            -0.25702003737798407, 
            1.202962, 
            -3.205912, 
            -5.529372, 
            0.30123, 
            -4.814371, 
            0.21900248224966967, 
            -2.023155, 
            -0.146726, 
            7.319887, 
            0.510541, 
            -2.375773, 
            0.3532970606005439, 
            -1.725937, 
            1.66957, 
            -4.084546, 
            3.195442, 
            1.052534, 
            -0.438110772853038, 
            -1.643167, 
            4.892958, 
            0.353222, 
            -1.266121, 
            -3.791256, 
            0.8791340321497005, 
            1.193358, 
            4.538701, 
            4.056869, 
            2.78621, 
            4.993669, 
            -0.3991035207937945, 
            1.99143, 
            2.259286, 
            -2.233534, 
            2.180558, 
            -3.831932, 
            0.9373321167069817
        ], 
        [
            1.527099, 
            3.091144, 
            -4.473901, 
            -1.58162, 
            3.919319, 
            -0.2544122530530395, 
            -2.014648, 
            2.880773, 
            2.150647, 
            6.293393, 
            0.236626, 
            0.11672812696975687, 
            4.470396, 
            4.087012, 
            3.697295, 
            -1.908901, 
            -1.129453, 
            -0.7593245939348798, 
            -4.727388, 
            0.834241, 
            2.942726, 
            -3.805635, 
            -4.02688, 
            -0.9609903428422939, 
            -1.937655, 
            2.844261, 
            -2.50677, 
            -4.52031, 
            -1.418274, 
            -0.5571525326630056, 
            -1.02112, 
            -0.697977, 
            1.180757, 
            -4.35835, 
            -1.62841, 
            0.17625774067258204
        ], 
        [
            -3.083958, 
            -0.394634, 
            -2.67279, 
            1.946925, 
            0.227289, 
            -5.156308, 
            -2.76734, 
            10.13052, 
            -5.345795, 
            3.423521, 
            4.168001, 
            4.30627
        ]
    ], 
    "nodes" : [
        [
            0.427052910167377, 
            0.7049920111357659, 
            -0.8686023219247421, 
            -0.052329123362157615, 
            1.0
        ], 
        [
            0.9999931556921627, 
            -0.9970941998465386, 
            0.21416192151766894, 
            -0.9996548524735746, 
            -0.9999973702959537, 
            -0.9999333787410876, 
            0.7615941559557649
        ], 
        [
            -0.9989100602429319, 
            -0.9999999999952007, 
            0.9992672411492984, 
            0.9930329518305936, 
            0.9999843920568915, 
            0.7615941559557649
        ], 
        [
            -0.985317010496453, 
            0.850107290640748, 
            0.9999991365082728, 
            -0.9999999999999997, 
            -0.999999999914455, 
            0.7615941559557649
        ], 
        [
            0.9999999999569813, 
            -0.9999999999952857
        ]
    ],