{
    "child iterations" : 15, 
    "is fertile" : false, 
    "is classifier" : false, 
    "is child" : false, 
    "weights" : [
        [
            -0.102942, 
            -0.419594, 
            0.795093, 
            -0.748774, 
            0.28809, 
            0.16525, 
            -0.216462, 
            0.191039, 
            -0.383874, 
            0.976825, 
            -0.521829, 
            0.0987746557524698, 
            0.442352, 
            0.587059, 
            -0.007862, 
            -0.195521, 
            0.916413, 
            -0.889617, 
            0.351147, 
            0.72575, 
            0.534558, 
            -0.594369, 
            -0.007717, 
            -0.8578943463289588, 
            -0.680477, 
            0.111741, 
            -0.437681, 
            -0.254329, 
            0.075379, 
            -0.521924, 
            -0.897998, 
            0.069827, 
            -0.966492, 
            -0.454002, 
            -0.47583, 
            0.271657924002233, 
            0.746935, 
            0.072626, 
            0.803757, 
            0.036024, 
            -0.279365, 
            0.101326, 
            0.247787, 
            -0.093284, 
            0.985667, 
            -0.668248, 
            -0.326396, 
            -0.6667010576303201, 
            -0.499727, 
            0.364659, 
            0.663863, 
            -0.437761, 
            0.740433, 
            -0.253614, 
            0.440126, 
            0.897538, 
            0.476588, 
            -0.219804, 
            -0.428953, 
            0.40625837394215303, 
            -0.890992, 
            0.59818, 
            0.142744, 
            0.335419, 
            0.016696, 
            -0.81936, 
            0.31778, 
            -0.996913, 
            0.21898, 
            -1.002914, 
            -0.055207, 
            -0.8723073413559634, 
            -0.299914, 
            -1.056512, 
            0.906469, 
            0.423447, 
            0.658211, 
            -0.154375, 
            0.795064, 
            -0.911156, 
            0.544076, 
            -0.962423, 
            -0.792258, 
            -0.14575038615334623, 
            0.20093, 
            0.817282, 
            0.453574, 
            0.114645, 
            0.348118, 
            0.371905, 
            -0.194776, 
            -0.992524, 
            0.634178, 
            -0.007261, 
            0.794199, 
            -0.08460402265196776, 
            0.841108, 
            -1.015978, 
            0.36685, 
            0.661462, 
            0.274497, 
            -0.435924, 
            -0.79389, 
            0.241402, 
            -0.808516, 
            -0.25362, 
            -0.740988, 
            -0.8699365844512632, 
            0.547263, 
            0.234868, 
            0.157586, 
            0.627745, 
            -0.757396, 
            0.882911, 
            0.526094, 
            -0.907373, 
            -0.833801, 
            0.177349, 
            0.39925, 
            -0.12297316796970104, 
            -0.15041, 
            -0.550032, 
            -0.032307, 
            0.253199, 
            0.475776, 
            0.265854, 
            0.631058, 
            -0.885665, 
            -0.496005, 
            0.960501, 
            -0.831356, 
            0.1812451001355162
        ], 
        [
            0.344437, 
            0.353701, 
            0.096381, 
            1.03815, 
            0.737441, 
            -0.099326, 
            0.123851, 
            0.139457, 
            -0.397947, 
            -0.130516, 
            -0.279325, 
            -0.031198951256633745, 
            0.357655, 
            -0.270886, 
            0.84637, 
            -0.069563, 
            1.036582, 
            -0.084687, 
            -0.037695, 
            0.648465, 
            0.013718, 
            -0.869839, 
            0.11526, 
            -0.06837278859892582, 
            0.815306, 
            0.97616, 
            0.216048, 
            0.700137, 
            -0.838778, 
            -0.132767, 
            0.217084, 
            -0.387739, 
            -0.763945, 
            -0.006981, 
            -0.682343, 
            0.9675664025509019, 
            0.043882, 
            0.447287, 
            -0.603404, 
            0.225652, 
            0.188374, 
            0.665594, 
            0.713422, 
            0.349719, 
            0.958199, 
            0.585508, 
            -0.392668, 
            -0.5195099672721522, 
            -0.753401, 
            -0.90664, 
            -0.329417, 
            0.454682, 
            -0.016827, 
            -0.008856, 
            -0.766843, 
            -0.409205, 
            0.841067, 
            -0.421418, 
            0.643815, 
            0.825339847523406, 
            -0.14316, 
            0.559263, 
            0.505732, 
            -0.620122, 
            -0.744193, 
            -0.594354, 
            0.734988, 
            0.639956, 
            0.950244, 
            0.518053, 
            -0.624519, 
            0.13549079097910188, 
            0.878355, 
            -0.763385, 
            -0.039502, 
            0.063525, 
            1.038086, 
            -0.556402, 
            -0.381728, 
            -0.631936, 
            0.660386, 
            0.663499, 
            -0.003769, 
            0.9066946498307498, 
            0.986911, 
            0.333283, 
            0.607329, 
            0.073361, 
            -0.624324, 
            0.219638, 
            -0.920359, 
            -0.664725, 
            -0.762288, 
            -0.499956, 
            -0.525262, 
            -0.7946030844569909, 
            -0.723765, 
            -0.460496, 
            -0.924012, 
            -0.264342, 
            0.498804, 
            0.145495, 
            0.820073, 
            0.187192, 
            -0.345628, 
            0.057813, 
            0.809342, 
            0.6134227178705967, 
            0.87328, 
            -0.982027, 
            0.963739, 
            0.860596, 
            0.965132, 
            -0.172471, 
            0.83689, 
            0.908293, 
            0.860007, 
            -0.366637, 
            -0.546417, 
            0.5275712447485175, 
            0.732087, 
            -0.445899, 
            -0.317413, 
            0.036988, 
            -0.911573, 
            -0.164537, 
            0.787861, 
            0.278458, 
            0.817624, 
            0.949357, 
            -0.393558, 
            -0.576439213689925, 
            -0.22378, 
            0.481836, 
            0.218628, 
            0.636303, 
            -0.210763, 
            -0.063445, 
            0.64669, 
            -0.380302, 
            0.99096, 
            0.956668, 
            0.416505, 
            -0.5467401462502108
        ], 
        [
            -0.080156, 
            0.247166, 
            0.452363, 
            -0.803174, 
            -0.619799, 
            0.135512, 
            -0.859554, 
            -0.914888, 
            -0.936172, 
            0.410162, 
            -0.893616, 
            0.67194
        ]
    ],