{
    "child iterations" : 15, 
    "is fertile" : false, 
    "is classifier" : false, 
    "is child" : false, 
    "weights" : [
        [
            2.418247, 
            1.557426, 
            -3.271499, 
            -1.03247, 
            -3.399861, 
            0.889426865371632, 
            -0.902535, 
            4.696455, 
            -0.959839, 
            0.881936, 
            -1.409528, 
            0.7555093778586737, 
            0.434913, 
            2.303023, 
            0.915196, 
            -0.584854, 
            -4.946338, 
            -0.28151769432570983, 
            0.647393, 
            1.037845, 
            0.915191, 
            1.291826, 
            0.947923, 
            -0.9610879415518143, 
            -1.638068, 
            -0.828119, 
            -1.351486, 
            0.687585, 
            -2.753379, 
            -0.12357416025496315
        ], 
        [
            1.87059, 
            1.136054, 
            -2.144175, 
            0.046816, 
            -0.73069, 
            0.7041094455694432, 
            1.391805, 
            -2.510747, 
            -0.357652, 
            -1.573474, 
            -3.056001, 
            -0.3402682763246885, 
            0.51101, 
            2.312623, 
            -0.403952, 
            0.782979, 
            1.566459, 
            -0.6540075384932813, 
            -1.044559, 
            1.726156, 
            -0.709446, 
            -0.418956, 
            -0.160367, 
            -0.6279754576209848, 
            1.836187, 
            0.689224, 
            2.632986, 
            -0.296911, 
            2.380585, 
            0.13289620844857675, 
            -0.054084, 
            -1.608493, 
            -1.13318, 
            -1.652863, 
            -0.172546, 
            0.05203886803202651
        ], 
        [
            -0.674473, 
            -1.350191, 
            -2.440505, 
            1.764488, 
            -1.874981, 
            1.828306, 
            0.294574, 
            0.932846, 
            -2.476398, 
            2.448733, 
            -1.590456, 
            -0.344543
        ]
    ], 
    "momentum weights" : [
        [
            2.418247, 
            1.557426, 
            -3.271499, 
            -1.03247, 
            -3.399861, 
            0.889426865371632, 
            -0.902535, 
            4.696455, 
            -0.959839, 
            0.881936, 
            -1.409528, 
            0.7555093778586737, 
            0.434913, 
            2.303023, 
            0.915196, 
            -0.584854, 
            -4.946338, 
            -0.28151769432570983, 
            0.647393, 
            1.037845, 
            0.915191, 
            1.291826, 
            0.947923, 
            -0.9610879415518143, 
            -1.638068, 
            -0.828119, 
            -1.351486, 
            0.687585, 
            -2.753379, 
            -0.12357416025496315
        ], 
        [
            1.87059, 
            1.136054, 
            -2.144175, 
            0.046816, 
            -0.73069, 
            0.7041094455694432, 
            1.391805, 
            -2.510747, 
            -0.357652, 
            -1.573474, 
            -3.056001, 
            -0.3402682763246885, 
            0.51101, 
            2.312623, 
            -0.403952, 
            0.782979, 
            1.566459, 
            -0.6540075384932813, 
            -1.044559, 
            1.726156, 
            -0.709446, 
            -0.418956, 
            -0.160367, 
            -0.6279754576209848, 
            1.836187, 
            0.689224, 
            2.632986, 
            -0.296911, 
            2.380585, 
            0.13289620844857675, 
            -0.054084, 
            -1.608493, 
            -1.13318, 
            -1.652863, 
            -0.172546, 
            0.05203886803202651
        ], 
        [
            -0.674473, 
            -1.350191, 
            -2.440505, 
            1.764488, 
            -1.874981, 
            1.828306, 
            0.294574, 
            0.932846, 
            -2.476398, 
            2.448733, 
            -1.590456, 
            -0.344543
        ]
    ], 
    "nodes" : [
        [
            0.7781768095248398, 
            0.27448390440304293, 
            -0.6627824326361815, 
            0.7667330441819653, 
            1.0
        ], 
        [
            0.20135970335372397, 
            0.7362689425141982, 
            -0.9994117663353241, 
            0.9059284901552546, 
            -0.9447827328770537, 
            0.7615941559557649
        ], 
        [
            -0.9499812696239538, 
            -0.9995878268765989, 
            -0.9996204148096695, 
            -0.9972249921025085, 
            -0.9999953744897092, 
            0.7615941559557649
        ], 
        [
            0.9999857473274247, 
            -0.9999864219311322
        ]
    ], 
    "pre activation nodes" : [
        [
            0.0, 
            0.0, 
            0.0, 
            0.0, 
            0.0
        ], 
        [
            0.20414931398961045, 
            0.9422819708861812, 
            -4.065619660282982, 
            1.5043346645739035, 
            -1.7808149148924575, 
            1.0
        ], 
        [
            -1.831588751694711, 
            -4.243504083602357, 
            -4.284694437911533, 
            -3.2894301994905826, 
            -6.488534363878121, 
            1.0
        ], 
        [
            5.925853086945981, 
            -5.9500975207926405
        ]
    ], 
    "average nodes" : [
        [
            0.0, 
            0.0, 
            0.0, 
            0.0, 
            0.0
        ], 
        [
            0.0, 
            0.0, 
            0.0, 
            0.0, 
            0.0, 
            0.0
        ], 
        [
            0.0, 
            0.0, 
            0.0, 
            0.0, 
            0.0, 
            0.0
        ], 
        [
            0.0, 
            0.0
        ]
    ], 
    "input width" : 4, 
    "output width" : 2, 
    "hidden width" : 5, 
    "hidden length" : 2, 
    "hidden layer details" : {
        "items" : 3, 
        "0" : "is shallow", 
        "1" : "probabilities", 
        "2" : "width", 
        "is shallow" : true, 
        "probabilities" : {
            "2" : 0.85, 
            "3" : 0.12, 
            "1" : 0.03
        }, 
        "width" : {
            "no change" : 0.6, 
            "decrease" : 0.35, 
            "increase" : 0.05
        }
    }, 
    "weight range" : 1.0, 
    "activation function" : 2, 
    "learning rate" : 0.05, 
    "momentum active" : true, 
    "momentum" : 0.001, 
    "accuracy requirement" : 0.985, 
    "epochs" : 10, 
    "batch size" : 40, 
    "accuracy sample size" : 150, 
    "fitness sample size" : 15, 
    "allow testing" : false, 
    "show output" : true, 
    "use bias" : true, 
    "clear bias" : false, 
    "bias value" : 1.0, 
    "child" : null
}