{
    "child iterations" : 15, 
    "is fertile" : false, 
    "is classifier" : false, 
    "is child" : false, 
    "weights" : [
        [
            4.431222, 
            2.502219, 
            2.658644, 
            -1.122539, 
            -2.172975, 
            0.182995, 
            0.3197587705409213, 
            4.432707, 
            0.461715, 
            -2.5134, 
            -1.924118, 
            0.831917, 
            0.796376, 
            0.9460701409718595, 
            4.284076, 
            -1.943448, 
            -0.241291, 
            -3.467188, 
            0.616593, 
            -2.593383, 
            -0.641170535186838, 
            -0.393168, 
            -2.081823, 
            1.732401, 
            0.33019, 
            1.828449, 
            -0.085987, 
            0.01762379869813513, 
            1.005678, 
            1.866802, 
            -2.757139, 
            -1.723794, 
            2.61491, 
            -1.508609, 
            0.1777412346391185
        ], 
        [
            0.359437, 
            -1.263998, 
            2.78138, 
            2.529565, 
            -4.006142, 
            -2.57759, 
            -0.8229073305663184, 
            -0.601326, 
            -2.129026, 
            0.81177, 
            -0.328374, 
            -1.749317, 
            -0.284628, 
            0.5922083887885634, 
            -2.865875, 
            -2.017004, 
            1.343073, 
            1.440603, 
            -0.551014, 
            -0.955687, 
            0.17365434821661374, 
            -0.711533, 
            1.497817, 
            -2.482495, 
            0.243484, 
            1.391825, 
            1.464495, 
            -0.4318232697339517, 
            -0.593115, 
            0.481546, 
            -1.881775, 
            0.870833, 
            -3.015124, 
            1.866942, 
            0.13995619822247263, 
            -2.109153, 
            -0.141172, 
            0.668361, 
            -0.78475, 
            1.147892, 
            0.584593, 
            -0.08203429971993348, 
            -0.241739, 
            -2.078725, 
            2.045877, 
            -2.250608, 
            1.303587, 
            -1.452823, 
            0.7174532923663961
        ], 
        [
            0.222432, 
            -1.575293, 
            -0.461365, 
            0.422345, 
            2.468033, 
            -1.490784, 
            2.786833, 
            0.595548, 
            -2.909068, 
            2.36591, 
            1.208383, 
            3.661156, 
            2.673944, 
            -2.196527
        ]
    ], 
    "momentum weights" : [
        [
            4.431222, 
            2.502219, 
            2.658644, 
            -1.122539, 
            -2.172975, 
            0.182995, 
            0.3197587705409213, 
            4.432707, 
            0.461715, 
            -2.5134, 
            -1.924118, 
            0.831917, 
            0.796376, 
            0.9460701409718595, 
            4.284076, 
            -1.943448, 
            -0.241291, 
            -3.467188, 
            0.616593, 
            -2.593383, 
            -0.641170535186838, 
            -0.393168, 
            -2.081823, 
            1.732401, 
            0.33019, 
            1.828449, 
            -0.085987, 
            0.01762379869813513, 
            1.005678, 
            1.866802, 
            -2.757139, 
            -1.723794, 
            2.61491, 
            -1.508609, 
            0.1777412346391185
        ], 
        [
            0.359437, 
            -1.263998, 
            2.78138, 
            2.529565, 
            -4.006142, 
            -2.57759, 
            -0.8229073305663184, 
            -0.601326, 
            -2.129026, 
            0.81177, 
            -0.328374, 
            -1.749317, 
            -0.284628, 
            0.5922083887885634, 
            -2.865875, 
            -2.017004, 
            1.343073, 
            1.440603, 
            -0.551014, 
            -0.955687, 
            0.17365434821661374, 
            -0.711533, 
            1.497817, 
            -2.482495, 
            0.243484, 
            1.391825, 
            1.464495, 
            -0.4318232697339517, 
            -0.593115, 
            0.481546, 
            -1.881775, 
            0.870833, 
            -3.015124, 
            1.866942, 
            0.13995619822247263, 
            -2.109153, 
            -0.141172, 
            0.668361, 
            -0.78475, 
            1.147892, 
            0.584593, 
            -0.08203429971993348, 
            -0.241739, 
            -2.078725, 
            2.045877, 
            -2.250608, 
            1.303587, 
            -1.452823, 
            0.7174532923663961
        ], 
        [
            0.222432, 
            -1.575293, 
            -0.461365, 
            0.422345, 
            2.468033, 
            -1.490784, 
            2.786833, 
            0.595548, 
            -2.909068, 
            2.36591, 
            1.208383, 
            3.661156, 
            2.673944, 
            -2.196527
        ]
    ], 
    "nodes" : [
        [
            -0.3425927929097347, 
            0.9408412442422179, 
            -0.30157020699162124, 
            -0.1259263300508289, 
            1.0
        ], 
        [
            0.9841726010407035, 
            0.9797867348850406, 
            -0.9999913935435162, 
            -0.9729867852891454, 
            0.9988397920110172, 
            -0.029115074937218446, 
            0.7615941559557649
        ], 
        [
            0.9891923229741058, 
            -0.9991274494885226, 
            0.9996045119426791, 
            -0.31949485063627864, 
            -0.9999999191895604, 
            -0.987725952272931, 
            0.7615941559557649
        ], 
        [
            0.9999879464255665, 
            -0.9999999997032885
        ]
    ], 
    "pre activation nodes" : [
        [
            0.0, 
            0.0, 
            0.0, 
            0.0, 
            0.0
        ], 
        [
            2.415607365503716, 
            2.2922026652463514, 
            -6.17807037988227, 
            -2.145488814109365, 
            3.7258614486645913, 
            -0.029123305953244083, 
            1.0
        ], 
        [
            2.6076136250713047, 
            -3.868400411430564, 
            4.2641696922985926, 
            -0.33108443216590566, 
            -8.51215340836773, 
            -2.5436297171582334, 
            1.0
        ], 
        [
            6.00964523114172, 
            -11.315703888656342
        ]
    ], 
    "average nodes" : [
        [
            0.0, 
            0.0, 
            0.0, 
            0.0, 
            0.0
        ], 
        [
            0.0, 
            0.0, 
            0.0, 
            0.0, 
            0.0, 
            0.0, 
            0.0
        ], 
        [
            0.0, 
            0.0, 
            0.0, 
            0.0, 
            0.0, 
            0.0, 
            0.0
        ], 
        [
            0.0, 
            0.0
        ]
    ], 
    "input width" : 4, 
    "output width" : 2, 
    "hidden width" : 6, 
    "hidden length" : 2, 
    "hidden layer details" : {
        "items" : 3, 
        "0" : "is shallow", 
        "1" : "probabilities", 
        "2" : "width", 
        "is shallow" : true, 
        "probabilities" : {
            "2" : 0.85, 
            "3" : 0.12, 
            "1" : 0.03
        }, 
        "width" : {
            "no change" : 0.6, 
            "decrease" : 0.35, 
            "increase" : 0.05
        }
    }, 
    "weight range" : 1.0, 
    "activation function" : 2, 
    "learning rate" : 0.05, 
    "momentum active" : true, 
    "momentum" : 0.001, 
    "accuracy requirement" : 0.985, 
    "epochs" : 10, 
    "batch size" : 40, 
    "accuracy sample size" : 150, 
    "fitness sample size" : 15, 
    "allow testing" : false, 
    "show output" : true, 
    "use bias" : true,