{
    "child iterations" : 15, 
    "is fertile" : false, 
    "is classifier" : false, 
    "is child" : false, 
    "weights" : [
        [
            0.104574, 
            0.771326, 
            -0.312642, 
            -0.455128, 
            -0.806283, 
            -0.068137, 
            -0.630103, 
            -0.928619, 
            0.8715, 
            -0.720049, 
            -0.9548838733127338, 
            -0.97605, 
            0.179938, 
            0.742077, 
            -0.44189, 
            0.451092, 
            0.573465, 
            0.949514, 
            -0.644123, 
            -0.311198, 
            -0.009624, 
            -0.9960613840875134, 
            0.837544, 
            0.696222, 
            0.634858, 
            1.045279, 
            0.71597, 
            0.813071, 
            0.668265, 
            -0.394078, 
            -0.849905, 
            -0.59898, 
            -0.0626116184427894, 
            0.15528, 
            -0.278155, 
            -0.961965, 
            -0.763907, 
            0.709833, 
            0.587255, 
            -0.833822, 
            -0.685133, 
            0.05054, 
            0.384065, 
            -0.8521396423017467, 
            0.763275, 
            0.582132, 
            0.563316, 
            0.523095, 
            -0.234279, 
            -0.106283, 
            0.417285, 
            0.602502, 
            0.927713, 
            0.181623, 
            0.7198329715727174, 
            -0.457963, 
            0.236009, 
            0.669078, 
            0.472414, 
            -0.202133, 
            -0.675722, 
            -1.050436, 
            0.111994, 
            -0.196491, 
            0.997536, 
            -0.5761908870497328, 
            -0.019014, 
            0.365941, 
            1.049934, 
            -0.039486, 
            -0.645112, 
            0.419996, 
            -0.93463, 
            0.09829, 
            -0.675919, 
            -0.646426, 
            0.20062222880991132, 
            -0.372635, 
            -0.632412, 
            -0.421767, 
            -0.332185, 
            0.61403, 
            -0.853257, 
            0.31378, 
            -0.001669, 
            -0.448838, 
            0.177319, 
            -0.644073172328532, 
            -0.981377, 
            -0.481159, 
            -0.120551, 
            1.05365, 
            0.043438, 
            0.831329, 
            -0.946145, 
            -0.735994, 
            0.339608, 
            1.007737, 
            -0.94443801004228, 
            -0.330336, 
            -0.195993, 
            -0.740789, 
            -0.745428, 
            0.526983, 
            0.671342, 
            -0.069704, 
            -0.391342, 
            0.826446, 
            -0.01161, 
            -0.09398698101385605, 
            0.333461, 
            0.046122, 
            -0.659409, 
            0.645611, 
            -0.009795, 
            -0.014226, 
            0.324648, 
            0.779997, 
            -0.880009, 
            -0.647516, 
            -0.1123579149493723
        ], 
        [
            -0.505013, 
            0.489363, 
            -0.985457, 
            -0.868206, 
            -0.861446, 
            -0.505562, 
            -0.646989, 
            0.701443, 
            0.7683, 
            0.3370038351549445, 
            0.639017, 
            -0.47201, 
            0.868676, 
            -0.883163, 
            0.016204, 
            0.336121, 
            0.435139, 
            0.643514, 
            -0.304467, 
            -0.9549390510514637, 
            -0.332581, 
            0.509632, 
            -0.416803, 
            -0.114629, 
            -0.330915, 
            -0.921571, 
            0.135469, 
            -0.050387, 
            0.968256, 
            -0.6894811191473342, 
            -0.199822, 
            0.846176, 
            0.12988, 
            0.058918, 
            1.06495, 
            -0.398424, 
            0.295527, 
            -0.646461, 
            -0.328876, 
            -0.0629902260071975, 
            0.308381, 
            -0.615896, 
            -0.531326, 
            -0.314427, 
            -0.605029, 
            0.606358, 
            0.207957, 
            0.770624, 
            -0.706555, 
            -0.6608342966973111, 
            -0.79812, 
            -0.833462, 
            0.160797, 
            -0.086399, 
            -0.870312, 
            -0.104632, 
            -0.861172, 
            -0.993582, 
            0.684254, 
            -0.6742932081002109, 
            0.529158, 
            0.943499, 
            0.576429, 
            -0.855028, 
            -0.935066, 
            0.497452, 
            -0.898183, 
            -0.332667, 
            0.001733, 
            -0.16834084881661582, 
            0.274595, 
            -0.295602, 
            -0.227006, 
            0.601315, 
            -0.09348, 
            -0.580333, 
            0.039075, 
            0.461224, 
            -0.937285, 
            -0.39576669642785944, 
            -0.970055, 
            0.573336, 
            -0.337265, 
            -0.257, 
            0.860949, 
            -0.245537, 
            -0.170991, 
            0.237081, 
            0.406637, 
            -0.6622942602670296, 
            -0.884896, 
            0.303238, 
            -0.684692, 
            0.129572, 
            -0.413568, 
            0.21652, 
            -0.223402, 
            -0.780295, 
            -0.387757, 
            -0.409162691624696, 
            0.748212, 
            -0.938095, 
            0.558173, 
            0.666568, 
            -0.930351, 
            0.93122, 
            -0.819541, 
            -0.831762, 
            -0.941015, 
            0.7948776421600268
        ], 
        [
            -0.525609, 
            -0.349851, 
            -0.297351, 
            1.03416, 
            -0.459321, 
            -0.440311, 
            0.377215, 
            -0.618747, 
            -0.841424, 
            0.81929
        ]
    ],