{
    "child iterations" : 15, 
    "is fertile" : false, 
    "is classifier" : false, 
    "is child" : false, 
    "weights" : [
        [
            1.844278, 
            -0.087652, 
            3.441739, 
            -1.379785, 
            -2.701193, 
            -2.856563, 
            0.3494612309667633, 
            -1.672638, 
            2.025991, 
            4.758933, 
            -0.608969, 
            -0.347264, 
            -2.593014, 
            -0.03138590161529131, 
            2.240643, 
            4.249665, 
            4.08269, 
            -0.562912, 
            -2.091083, 
            -0.490317, 
            0.32357576991713155, 
            2.360131, 
            -1.244408, 
            -0.003975, 
            1.532707, 
            -0.330023, 
            -1.576816, 
            -0.5114197476494136, 
            0.882138, 
            3.155905, 
            1.493964, 
            1.786669, 
            -1.040786, 
            -1.321757, 
            -0.9228415470908204
        ], 
        [
            0.18315, 
            0.73018, 
            1.562019, 
            -0.610702, 
            -2.053347, 
            0.457441, 
            0.8758918720108784, 
            -1.411156, 
            0.470288, 
            2.599291, 
            2.032386, 
            0.604763, 
            1.794975, 
            0.09641261998668482, 
            -1.895124, 
            0.617952, 
            2.618068, 
            0.140497, 
            -3.181287, 
            2.340094, 
            -0.21829031725246906, 
            0.83872, 
            -1.396232, 
            -1.522108, 
            -2.312888, 
            -0.76543, 
            -1.216483, 
            0.4956034587177889, 
            -0.281328, 
            1.949891, 
            -0.729539, 
            0.713984, 
            -1.345953, 
            -1.514347, 
            0.6183982448532306, 
            1.634412, 
            -0.657433, 
            -1.349305, 
            1.544872, 
            3.07471, 
            -1.798262, 
            -0.15199977088374417, 
            2.275512, 
            -1.873168, 
            -2.208682, 
            1.696168, 
            2.102737, 
            -1.199275, 
            0.8401355587279391
        ], 
        [
            -0.96151, 
            1.926594, 
            -0.892059, 
            -1.349225, 
            0.505288, 
            -2.856013, 
            1.043231, 
            0.847721, 
            -1.241898, 
            1.222439, 
            3.470583, 
            -0.921206, 
            -0.705672, 
            -2.613799
        ]
    ], 
    "momentum weights" : [
        [
            1.844278, 
            -0.087652, 
            3.441739, 
            -1.379785, 
            -2.701193, 
            -2.856563, 
            0.3494612309667633, 
            -1.672638, 
            2.025991, 
            4.758933, 
            -0.608969, 
            -0.347264, 
            -2.593014, 
            -0.03138590161529131, 
            2.240643, 
            4.249665, 
            4.08269, 
            -0.562912, 
            -2.091083, 
            -0.490317, 
            0.32357576991713155, 
            2.360131, 
            -1.244408, 
            -0.003975, 
            1.532707, 
            -0.330023, 
            -1.576816, 
            -0.5114197476494136, 
            0.882138, 
            3.155905, 
            1.493964, 
            1.786669, 
            -1.040786, 
            -1.321757, 
            -0.9228415470908204
        ], 
        [
            0.18315, 
            0.73018, 
            1.562019, 
            -0.610702, 
            -2.053347, 
            0.457441, 
            0.8758918720108784, 
            -1.411156, 
            0.470288, 
            2.599291, 
            2.032386, 
            0.604763, 
            1.794975, 
            0.09641261998668482, 
            -1.895124, 
            0.617952, 
            2.618068, 
            0.140497, 
            -3.181287, 
            2.340094, 
            -0.21829031725246906, 
            0.83872, 
            -1.396232, 
            -1.522108, 
            -2.312888, 
            -0.76543, 
            -1.216483, 
            0.4956034587177889, 
            -0.281328, 
            1.949891, 
            -0.729539, 
            0.713984, 
            -1.345953, 
            -1.514347, 
            0.6183982448532306, 
            1.634412, 
            -0.657433, 
            -1.349305, 
            1.544872, 
            3.07471, 
            -1.798262, 
            -0.15199977088374417, 
            2.275512, 
            -1.873168, 
            -2.208682, 
            1.696168, 
            2.102737, 
            -1.199275, 
            0.8401355587279391
        ], 
        [
            -0.96151, 
            1.926594, 
            -0.892059, 
            -1.349225, 
            0.505288, 
            -2.856013, 
            1.043231, 
            0.847721, 
            -1.241898, 
            1.222439, 
            3.470583, 
            -0.921206, 
            -0.705672, 
            -2.613799
        ]
    ], 
    "nodes" : [
        [
            -0.18490794626051968, 
            -0.07239370320340359, 
            -0.3459323238632692, 
            0.5506213117288159, 
            1.0
        ], 
        [
            0.8295315162659859, 
            0.7014500830235582, 
            -0.7170181485920282, 
            0.9961431317884302, 
            0.025475767922579124, 
            -0.8628643307770111, 
            0.7615941559557649
        ], 
        [
            0.9318117231258274, 
            -0.9363995060044921, 
            -0.670064700406683, 
            -0.9067115722007636, 
            -0.6892139259879694, 
            -0.5726236532793577, 
            0.7615941559557649
        ], 
        [
            -0.995190474134166, 
            0.9560693368448534
        ]
    ], 
    "pre activation nodes" : [
        [
            0.0, 
            0.0, 
            0.0, 
            0.0, 
            0.0
        ], 
        [
            1.1866323887591506, 
            0.8701495057826283, 
            -0.9014808322490704, 
            3.1245583268036032, 
            0.02548128145281625, 
            -1.3044499114232588, 
            1.0
        ], 
        [
            1.6719704507460087, 
            -1.7079821827071835, 
            -0.8108605370096773, 
            -1.508719639641896, 
            -0.8464568782896935, 
            -0.6514178106096329, 
            1.0
        ], 
        [
            -3.0139481469277625, 
            1.8980398723268135
        ]
    ], 
    "average nodes" : [
        [
            0.0, 
            0.0, 
            0.0, 
            0.0, 
            0.0
        ], 
        [
            0.0, 
            0.0, 
            0.0, 
            0.0, 
            0.0, 
            0.0, 
            0.0
        ], 
        [
            0.0, 
            0.0, 
            0.0, 
            0.0, 
            0.0, 
            0.0, 
            0.0
        ], 
        [
            0.0, 
            0.0
        ]
    ], 
    "input width" : 4, 
    "output width" : 2, 
    "hidden width" : 7, 
    "hidden length" : 2, 
    "hidden layer details" : {
        "items" : 3, 
        "0" : "is shallow", 
        "1" : "probabilities", 
        "2" : "width", 
        "is shallow" : true, 
        "probabilities" : {
            "2" : 0.85, 
            "3" : 0.12, 
            "1" : 0.03
        }, 
        "width" : {
            "no change" : 0.6, 
            "decrease" : 0.35, 
            "increase" : 0.05
        }
    }, 
    "weight range" : 1.0, 
    "activation function" : 2, 
    "learning rate" : 0.05, 
    "momentum active" : true, 
    "momentum" : 0.001, 
    "accuracy requirement" : 0.985, 
    "epochs" : 10, 
    "batch size" : 40, 
    "accuracy sample size" : 150, 
    "fitness sample size" : 15, 
    "allow testing" : false, 
    "show output" : true,