{
    "child iterations" : 15, 
    "is fertile" : false, 
    "is classifier" : false, 
    "is child" : false, 
    "weights" : [
        [
            1.765713, 
            2.626101, 
            -3.165505, 
            2.603065, 
            -0.926776, 
            0.10643937292976213, 
            1.798994, 
            4.148252, 
            -1.369787, 
            -0.950899, 
            1.784487, 
            0.9203789456557254, 
            -1.948935, 
            4.056157, 
            -2.491944, 
            -2.022788, 
            2.252037, 
            -0.34442907331061323, 
            0.279014, 
            -0.329236, 
            1.299086, 
            0.799526, 
            1.347105, 
            -0.587769637788784, 
            2.152581, 
            0.591118, 
            -1.139574, 
            -0.735415, 
            1.138741, 
            0.1586612462303243
        ], 
        [
            -1.570983, 
            -0.68556, 
            -1.665819, 
            -1.481267, 
            -0.11558, 
            0.44734412440966054, 
            -1.677976, 
            -2.235367, 
            2.424721, 
            -0.731072, 
            -2.399577, 
            -0.19740126004862213, 
            1.611276, 
            0.223283, 
            -2.249989, 
            1.730669, 
            0.170997, 
            0.5968858608511058, 
            -0.116965, 
            -1.173981, 
            -0.233242, 
            2.22408, 
            -0.193499, 
            0.9846572782821503, 
            1.505231, 
            -0.353877, 
            2.600334, 
            -1.606807, 
            0.881051, 
            0.9305383179807596, 
            0.306413, 
            1.071663, 
            2.265321, 
            0.016959, 
            -0.991242, 
            -0.6758560322951555
        ], 
        [
            -0.788855, 
            2.937865, 
            -1.37277, 
            0.793731, 
            2.048812, 
            -1.555545, 
            -0.253166, 
            2.174978, 
            -1.448751, 
            0.242621, 
            -0.868115, 
            2.623363
        ]
    ], 
    "momentum weights" : [
        [
            1.765713, 
            2.626101, 
            -3.165505, 
            2.603065, 
            -0.926776, 
            0.10643937292976213, 
            1.798994, 
            4.148252, 
            -1.369787, 
            -0.950899, 
            1.784487, 
            0.9203789456557254, 
            -1.948935, 
            4.056157, 
            -2.491944, 
            -2.022788, 
            2.252037, 
            -0.34442907331061323, 
            0.279014, 
            -0.329236, 
            1.299086, 
            0.799526, 
            1.347105, 
            -0.587769637788784, 
            2.152581, 
            0.591118, 
            -1.139574, 
            -0.735415, 
            1.138741, 
            0.1586612462303243
        ], 
        [
            -1.570983, 
            -0.68556, 
            -1.665819, 
            -1.481267, 
            -0.11558, 
            0.44734412440966054, 
            -1.677976, 
            -2.235367, 
            2.424721, 
            -0.731072, 
            -2.399577, 
            -0.19740126004862213, 
            1.611276, 
            0.223283, 
            -2.249989, 
            1.730669, 
            0.170997, 
            0.5968858608511058, 
            -0.116965, 
            -1.173981, 
            -0.233242, 
            2.22408, 
            -0.193499, 
            0.9846572782821503, 
            1.505231, 
            -0.353877, 
            2.600334, 
            -1.606807, 
            0.881051, 
            0.9305383179807596, 
            0.306413, 
            1.071663, 
            2.265321, 
            0.016959, 
            -0.991242, 
            -0.6758560322951555
        ], 
        [
            -0.788855, 
            2.937865, 
            -1.37277, 
            0.793731, 
            2.048812, 
            -1.555545, 
            -0.253166, 
            2.174978, 
            -1.448751, 
            0.242621, 
            -0.868115, 
            2.623363
        ]
    ], 
    "nodes" : [
        [
            0.6282802933604482, 
            0.1416180537106123, 
            -0.5862278415577142, 
            0.7279303854442292, 
            1.0
        ], 
        [
            0.9998804272377303, 
            0.20794243856312353, 
            -0.7239491119702947, 
            0.987468577886818, 
            0.4378545258873094, 
            0.7615941559557649
        ], 
        [
            -0.9804582090996574, 
            -0.9478313352258831, 
            0.9959571473559767, 
            -0.8810519468865579, 
            -0.8613518217148826, 
            0.7615941559557649
        ], 
        [
            0.9998944917964395, 
            -0.999951091969849
        ]
    ], 
    "pre activation nodes" : [
        [
            0.0, 
            0.0, 
            0.0, 
            0.0, 
            0.0
        ], 
        [
            4.862336437498047, 
            0.2110198297039917, 
            -0.9158938538641657, 
            2.5331888887024756, 
            0.46957335091820485, 
            1.0
        ], 
        [
            -2.309264110100432, 
            -1.8099949369682404, 
            3.100964222286461, 
            -1.3804497881029307, 
            -1.2985593277825913, 
            1.0
        ], 
        [
            4.92490813713524, 
            -5.309345842721729
        ]
    ], 
    "average nodes" : [
        [
            0.0, 
            0.0, 
            0.0, 
            0.0, 
            0.0
        ], 
        [
            0.0, 
            0.0, 
            0.0, 
            0.0, 
            0.0, 
            0.0
        ], 
        [
            0.0, 
            0.0, 
            0.0, 
            0.0, 
            0.0, 
            0.0
        ], 
        [
            0.0, 
            0.0
        ]
    ], 
    "input width" : 4, 
    "output width" : 2, 
    "hidden width" : 5, 
    "hidden length" : 2, 
    "hidden layer details" : {
        "items" : 3, 
        "0" : "is shallow", 
        "1" : "probabilities", 
        "2" : "width", 
        "is shallow" : true, 
        "probabilities" : {
            "2" : 0.85, 
            "3" : 0.12, 
            "1" : 0.03
        }, 
        "width" : {
            "no change" : 0.6, 
            "decrease" : 0.35, 
            "increase" : 0.05
        }
    }, 
    "weight range" : 1.0, 
    "activation function" : 2, 
    "learning rate" : 0.05, 
    "momentum active" : true, 
    "momentum" : 0.001, 
    "accuracy requirement" : 0.985, 
    "epochs" : 10, 
    "batch size" : 40, 
    "accuracy sample size" : 150, 
    "fitness sample size" : 15, 
    "allow testing" : false, 
    "show output" : true, 
    "use bias" : true, 
    "clear bias" : false, 
    "bias value" : 1.0, 
    "child" : null
}