{
    "child iterations" : 15, 
    "is fertile" : false, 
    "is classifier" : false, 
    "is child" : false, 
    "weights" : [
        [
            0.738767, 
            0.034029, 
            -0.850382, 
            -0.784364, 
            -0.287038, 
            -0.742145, 
            -0.91638, 
            -0.416252, 
            -0.553452, 
            -0.13585, 
            0.44286573187245937, 
            -0.902524, 
            -0.803546, 
            0.740905, 
            -0.786213, 
            0.103937, 
            0.420183, 
            -0.779939, 
            -0.265296, 
            -0.076963, 
            -0.212595, 
            -0.8505382124585112, 
            0.766375, 
            -0.608825, 
            -0.830278, 
            -0.67478, 
            -0.361722, 
            0.281323, 
            0.892196, 
            -0.618073, 
            -0.766433, 
            0.996997, 
            -0.8039909758039918, 
            0.047679, 
            0.01408, 
            0.110169, 
            -0.426698, 
            -0.681976, 
            -0.689391, 
            -0.420732, 
            -0.467865, 
            -0.350124, 
            -0.862612, 
            0.34990413485862404, 
            -0.669828, 
            0.519352, 
            0.087986, 
            0.457837, 
            0.369273, 
            -0.330862, 
            0.200944, 
            -0.954176, 
            1.040554, 
            0.941118, 
            -0.7466092219931817, 
            -0.402127, 
            0.786191, 
            0.795682, 
            -0.043863, 
            -0.30647, 
            -0.258126, 
            0.783747, 
            0.096089, 
            0.958292, 
            -0.983405, 
            -0.3118127736339098, 
            0.801275, 
            -0.051783, 
            -0.996836, 
            -0.627698, 
            0.869092, 
            -1.156517, 
            -0.551733, 
            -1.025854, 
            0.403767, 
            0.911669, 
            0.8024231085945457, 
            0.031826, 
            0.39525, 
            0.113563, 
            0.254955, 
            -0.931186, 
            0.866726, 
            1.071495, 
            0.989277, 
            0.744394, 
            0.363704, 
            0.318000023337788, 
            0.651997, 
            -0.648537, 
            0.374793, 
            0.75191, 
            -0.27398, 
            0.990862, 
            -0.761638, 
            -0.442806, 
            -0.180911, 
            -1.064113, 
            -0.9464299980887272, 
            -0.229547, 
            -0.354915, 
            0.7551, 
            0.677193, 
            -0.142591, 
            -0.798917, 
            -1.040716, 
            -0.687338, 
            -0.323779, 
            1.085066, 
            0.48142040638745986, 
            0.307713, 
            -1.084856, 
            0.799114, 
            1.075264, 
            -0.013174, 
            0.883115, 
            -0.922974, 
            -0.629268, 
            0.65601, 
            -1.106447, 
            -0.6600343553469725
        ], 
        [
            -0.325173, 
            -1.163034, 
            -0.780404, 
            0.168841, 
            -1.027497, 
            -0.545421, 
            -0.565176, 
            0.613439, 
            0.08791, 
            0.987682, 
            -0.6609103366153579, 
            1.087569, 
            -1.03968, 
            0.419245, 
            0.46571, 
            -0.169736, 
            0.153521, 
            0.096056, 
            -0.641458, 
            -0.092245, 
            -0.581399, 
            0.017413462612839936, 
            -0.963021, 
            -0.724098, 
            -0.703776, 
            0.086758, 
            -0.600482, 
            0.690559, 
            -0.582447, 
            -0.850643, 
            -0.526211, 
            -0.47355, 
            -0.5237266276244572, 
            0.214083, 
            0.360633, 
            0.372958, 
            -1.025615, 
            0.599928, 
            -0.942958, 
            0.670763, 
            -0.536997, 
            -0.187758, 
            -1.096679, 
            0.2880778956362491, 
            -0.794682, 
            0.814128, 
            0.823571, 
            -0.726604, 
            0.67352, 
            -0.280195, 
            -0.066672, 
            0.576015, 
            0.379879, 
            -0.049641, 
            0.8460041847300483, 
            0.391251, 
            -0.928383, 
            -0.635079, 
            0.118466, 
            0.398251, 
            0.67738, 
            1.060794, 
            0.791831, 
            0.525756, 
            0.592152, 
            0.05810094249536735, 
            -0.563515, 
            0.851143, 
            -0.432802, 
            1.052801, 
            0.886516, 
            -0.393869, 
            -0.221254, 
            0.350107, 
            0.293946, 
            -0.256933, 
            -0.49772506247696136, 
            0.045394, 
            -0.733683, 
            -0.593577, 
            0.643088, 
            -0.707665, 
            0.477174, 
            -0.496539, 
            0.68833, 
            0.873547, 
            0.982934, 
            -0.5802116325399085, 
            -0.182551, 
            -0.470064, 
            -0.865443, 
            0.217224, 
            0.461724, 
            0.794718, 
            -0.276724, 
            0.502921, 
            -0.112155, 
            -0.134402, 
            -0.7363448269712638, 
            0.359999, 
            -1.172766, 
            0.979357, 
            0.70593, 
            -0.95409, 
            0.291288, 
            0.190468, 
            -0.139674, 
            0.22536, 
            -0.022993, 
            0.6318049283235594, 
            -1.009122, 
            0.263038, 
            -0.459021, 
            0.198772, 
            0.165566, 
            0.625092, 
            -0.871617, 
            -0.551923, 
            -0.503385, 
            -0.405555, 
            0.15957401002432148
        ], 
        [
            -0.121038, 
            -0.932677, 
            -0.438554, 
            -0.110541, 
            0.696177, 
            -0.441951, 
            0.854901, 
            -0.715992, 
            0.727094, 
            0.265912, 
            0.708662
        ]
    ],