{
    "child iterations" : 15, 
    "is fertile" : false, 
    "is classifier" : false, 
    "is child" : false, 
    "weights" : [
        [
            -0.8742610114212501, 
            0.7543427732705457, 
            0.19284736675560676, 
            0.48547021853168815, 
            0.6803659585098303, 
            -0.23168948466095962, 
            -0.03700732344132507, 
            0.8864334119790411, 
            -0.3709687695174597, 
            0.5506963480560267, 
            -0.8590982705671435, 
            0.9838965613093396, 
            0.6245175404436072, 
            0.5107568063308288, 
            0.697742346455529, 
            -0.17487088691442465, 
            -0.6832212541569376, 
            0.43439782219132317, 
            -0.6946577282978004, 
            0.2629950636955807, 
            0.24409882324236198, 
            0.4966912928364975, 
            0.34122377401215087, 
            0.14841205615891462, 
            -0.4642292142551723, 
            0.4664423821076067, 
            -0.8158716001182817, 
            0.011164071750865867, 
            0.679669297669953, 
            0.6187236983800823, 
            0.6785932496790319, 
            -0.8597673790421858, 
            -0.8720263343222534, 
            0.3185154228470557, 
            -0.9584458375997236, 
            -0.08076342738806197, 
            0.7980999050081781, 
            -0.9644865009473902, 
            -0.06725286102305938, 
            0.8836267325091383, 
            -0.11192449406577643, 
            -0.6707055574331218, 
            0.2750757531882695, 
            -0.40651535289773655, 
            -0.8791274827475108, 
            -0.7261665259802257, 
            0.530224617345395, 
            -0.06309831146108413, 
            -0.9036178487663371, 
            -0.3171443622779355, 
            -0.3883254077932077, 
            0.8627611066839005, 
            0.26700694925800295, 
            -0.751958817153837, 
            -0.6601304834050943, 
            0.9508401185121014, 
            -0.8728544118549393, 
            -0.6763459891530019, 
            0.028102382450622576, 
            0.14939102710801544, 
            0.01658882199752565, 
            0.9887932847301861, 
            0.8779846845081383, 
            -0.4634452959976627, 
            -0.5127914987844706, 
            -0.16768476099645424, 
            0.8943460788688582, 
            0.2241849701189964, 
            0.4232265995690223, 
            0.39956258409437084, 
            0.6306023861377321, 
            -0.6336246223794397, 
            0.9121253343411768, 
            -0.07514565025099662, 
            -0.6316166405939299, 
            0.5580077714269964, 
            0.024977765380984618, 
            0.22890252237368358, 
            -0.15403250887354125, 
            0.896228077569655, 
            -0.9034558088274958, 
            0.5315971281386063, 
            -0.7942226073921717, 
            -0.5163444661481345, 
            0.40321914020533955, 
            -0.16044592351626497, 
            -0.15975184939704512, 
            -0.16435474377192216, 
            0.5230334968585701, 
            -0.4949928083381714, 
            0.04316972156947396, 
            -0.5209854905761342, 
            0.5688204101325787, 
            0.9268119277664231, 
            0.9572181680306695, 
            -0.48697432428135223, 
            0.543671278013923, 
            -0.6392170173369056, 
            -0.2028507210727517, 
            -0.8856190301114817, 
            -0.7981549992765922, 
            -0.03919095408905937, 
            -0.6983412271444576, 
            -0.16502672845200062, 
            0.2675663295809956, 
            0.7433925222410978, 
            0.6288718690263826, 
            -0.7084281793389431, 
            -0.23263182609310507, 
            0.3277241374483022, 
            0.2019177840462838, 
            -0.8683193709408523, 
            -0.406528377506997, 
            -0.8723901379744159, 
            0.8931644515168495, 
            0.5489584143381183, 
            -0.3194425493631734, 
            -0.395402017067378, 
            -0.11477947718531967, 
            -0.9864263724293358, 
            -0.9791553003900337, 
            -0.3480857933335726, 
            -0.16621877385892314, 
            -0.4786098879591927, 
            -0.2647349698418944, 
            0.1279109947069983, 
            0.8440929396559869, 
            -0.9994893013724222, 
            0.5389063630033968, 
            0.8142466906347499, 
            -0.8284658516012535, 
            -0.15965465081190122
        ], 
        [
            -0.5615748617962728, 
            0.27017713692218015, 
            -0.7921979486304449, 
            0.13458798643246195, 
            -0.5728535179542231, 
            -0.7338718533239503, 
            -0.7824178161521107, 
            0.02024478605301616, 
            -0.026654897063162153, 
            -0.3686776015745321, 
            -0.21865575662138426, 
            0.686877598664112, 
            0.5825630597764899, 
            -0.982693264793765, 
            0.9917522234607947, 
            0.4083176834068245, 
            0.0819996734179147, 
            0.10680757352875925, 
            0.6019636926570877, 
            -0.5867952933880394, 
            0.4744023528643111, 
            0.3183583746684515, 
            -0.6081468423768179, 
            0.35069330247210173, 
            -0.042690395992385, 
            0.550765994574455, 
            -0.9396626236783399, 
            -0.8924583085788853, 
            -0.15106261043184666, 
            0.3457224910984322, 
            -0.15234965814721524, 
            0.2819128611031101, 
            -0.4350724168620079, 
            -0.4786592154952205, 
            0.9283098286464144, 
            -0.7609782619278596, 
            -0.21129847304277516, 
            -0.5289362043119876, 
            -0.9413057836123118, 
            -0.5103823834939003, 
            0.2880316130823908, 
            -0.9062365310237517, 
            -0.4712164930267433, 
            0.42540264431630703, 
            -0.9077409943425618, 
            0.44168354719042013, 
            0.5214715177430342, 
            -0.4498154313059415, 
            0.41274117303812363, 
            -0.04572906451114145, 
            0.21594091570824547, 
            -0.5708787998990208, 
            -0.5731865737881183, 
            -0.6629583916252402, 
            -0.33402856540814496, 
            -0.07822278018252948, 
            0.5578743122650462, 
            -0.9307582182994372, 
            0.6143557674156821, 
            0.7491305936325623, 
            -0.15313017859365075, 
            0.36029695671051587, 
            0.17121096083114673, 
            -0.21110228884350724, 
            -0.12140068571636142, 
            0.022611860007063722, 
            -0.32858654484118754, 
            0.6414344581967726, 
            -0.7723195497932955, 
            -0.02557645556144994, 
            0.5900149332552924, 
            0.9637145926096817, 
            0.6167119806852264, 
            0.6095527658827709, 
            -0.033342627938167, 
            -0.1497805719202241, 
            -0.7284634737878584, 
            0.1444881145461101, 
            -0.9321795352647395, 
            0.7236257495118608, 
            0.6171537665289692, 
            -0.7140564272975676, 
            -0.9266190055010739, 
            -0.5084956049522831, 
            -0.3244460296517617, 
            0.2255316865927497, 
            -0.9663997712942207, 
            -0.47653419428918276, 
            0.682640320675765, 
            0.4818615660795529, 
            0.8838044874334887, 
            -0.9745966601310256, 
            -0.2686824735215394, 
            0.7636230198899294, 
            -0.1423867813556028, 
            -0.6163390822434538, 
            0.9524467908084002, 
            0.780953869635767, 
            -0.27376978022596865, 
            -0.17000529839904943, 
