{
    "child iterations" : 15, 
    "is fertile" : false, 
    "is classifier" : false, 
    "is child" : false, 
    "weights" : [
        [
            4.814601, 
            3.442617, 
            0.874854, 
            1.336525, 
            2.170178, 
            6.650251, 
            0.37056167573501386, 
            1.679833, 
            0.462876, 
            -1.037634, 
            -2.158401, 
            -1.266064, 
            6.762005, 
            0.08914313602941526, 
            -0.604169, 
            -2.628338, 
            0.0734, 
            2.779777, 
            -2.364677, 
            6.236453, 
            0.8248851168857758, 
            -1.708406, 
            -1.061984, 
            3.511918, 
            1.925268, 
            3.359354, 
            0.321392, 
            -0.7030180626535849, 
            1.209922, 
            0.439804, 
            -1.951753, 
            0.847897, 
            -4.179171, 
            1.809972, 
            -0.9875666716118412
        ], 
        [
            -0.265889, 
            1.869477, 
            -2.313528, 
            1.472992, 
            2.783664, 
            -0.985369, 
            0.2300328091671402, 
            3.470876, 
            1.068257, 
            1.854174, 
            -0.736556, 
            1.636523, 
            -2.920497, 
            0.84484060846419, 
            1.468976, 
            -1.013559, 
            1.013588, 
            -0.381203, 
            0.087579, 
            -1.168659, 
            0.16177287468294588, 
            -1.711029, 
            -1.400079, 
            -2.036067, 
            -0.671344, 
            -2.732528, 
            -0.650201, 
            -0.6909988906948639, 
            -0.550557, 
            -1.195307, 
            -2.437862, 
            -2.153471, 
            2.102866, 
            0.585724, 
            -0.5464993491557832, 
            -1.039466, 
            2.545332, 
            -3.372032, 
            1.788976, 
            -0.442357, 
            -4.510918, 
            0.3577986107697577, 
            0.36123, 
            1.086117, 
            -0.918104, 
            3.551845, 
            -3.550478, 
            1.978741, 
            -0.5044468293812603
        ], 
        [
            0.598426, 
            1.977413, 
            -0.892905, 
            -1.822659, 
            -1.080066, 
            2.895249, 
            1.211787, 
            0.839266, 
            -1.326009, 
            -0.764785, 
            -5.291089, 
            2.357092, 
            0.146667, 
            -1.86809
        ]
    ], 
    "momentum weights" : [
        [
            4.814601, 
            3.442617, 
            0.874854, 
            1.336525, 
            2.170178, 
            6.650251, 
            0.37056167573501386, 
            1.679833, 
            0.462876, 
            -1.037634, 
            -2.158401, 
            -1.266064, 
            6.762005, 
            0.08914313602941526, 
            -0.604169, 
            -2.628338, 
            0.0734, 
            2.779777, 
            -2.364677, 
            6.236453, 
            0.8248851168857758, 
            -1.708406, 
            -1.061984, 
            3.511918, 
            1.925268, 
            3.359354, 
            0.321392, 
            -0.7030180626535849, 
            1.209922, 
            0.439804, 
            -1.951753, 
            0.847897, 
            -4.179171, 
            1.809972, 
            -0.9875666716118412
        ], 
        [
            -0.265889, 
            1.869477, 
            -2.313528, 
            1.472992, 
            2.783664, 
            -0.985369, 
            0.2300328091671402, 
            3.470876, 
            1.068257, 
            1.854174, 
            -0.736556, 
            1.636523, 
            -2.920497, 
            0.84484060846419, 
            1.468976, 
            -1.013559, 
            1.013588, 
            -0.381203, 
            0.087579, 
            -1.168659, 
            0.16177287468294588, 
            -1.711029, 
            -1.400079, 
            -2.036067, 
            -0.671344, 
            -2.732528, 
            -0.650201, 
            -0.6909988906948639, 
            -0.550557, 
            -1.195307, 
            -2.437862, 
            -2.153471, 
            2.102866, 
            0.585724, 
            -0.5464993491557832, 
            -1.039466, 
            2.545332, 
            -3.372032, 
            1.788976, 
            -0.442357, 
            -4.510918, 
            0.3577986107697577, 
            0.36123, 
            1.086117, 
            -0.918104, 
            3.551845, 
            -3.550478, 
            1.978741, 
            -0.5044468293812603
        ], 
        [
            0.598426, 
            1.977413, 
            -0.892905, 
            -1.822659, 
            -1.080066, 
            2.895249, 
            1.211787, 
            0.839266, 
            -1.326009, 
            -0.764785, 
            -5.291089, 
            2.357092, 
            0.146667, 
            -1.86809
        ]
    ], 
    "nodes" : [
        [
            0.013521118635022956, 
            -0.0459163245985923, 
            -0.6255747733000194, 
            0.6726679214744901, 
            1.0
        ], 
        [
            0.4025195496756626, 
            0.884256896608106, 
            0.40042731102330276, 
            0.4786116222093413, 
            -0.3387526469271347, 
            -0.9702048253796446, 
            0.7615941559557649
        ], 
        [
            0.9995517385747992, 
            -0.5485017002314994, 
            0.9983107289049084, 
            0.8231570610692707, 
            -0.9344474602345404, 
            0.958477190400335, 
            0.7615941559557649
        ], 
        [
            -0.9912448125035327, 
            0.9999998188732484
        ]
    ], 
    "pre activation nodes" : [
        [
            0.0, 
            0.0, 
            0.0, 
            0.0, 
            0.0
        ], 
        [
            0.42665200615722465, 
            1.39495784679371, 
            0.4241577373694869, 
            0.5211818112553405, 
            -0.35268280933650686, 
            -2.09577316684632, 
            1.0
        ], 
        [
            4.201528491036626, 
            -0.6162357451442876, 
            3.5378801679360237, 
            1.1665314691364022, 
            -1.6923625297463205, 
            1.9268398007102536, 
            1.0
        ], 
        [
            -2.713434437318303, 
            8.108607927790397
        ]
    ], 
    "average nodes" : [
        [
            0.0, 
            0.0, 
            0.0, 
            0.0, 
            0.0
        ], 
        [
            0.0, 
            0.0, 
            0.0, 
            0.0, 
            0.0, 
            0.0, 
            0.0
        ], 
        [
            0.0, 
            0.0, 
            0.0, 
            0.0, 
            0.0, 
            0.0, 
            0.0
        ], 
        [
            0.0, 
            0.0
        ]
    ], 
    "input width" : 4, 
    "output width" : 2, 
    "hidden width" : 6, 
    "hidden length" : 2, 
    "hidden layer details" : {
        "items" : 3, 
        "0" : "is shallow", 
        "1" : "probabilities", 
        "2" : "width", 
        "is shallow" : true, 
        "probabilities" : {
            "1" : 0.03, 
            "2" : 0.8, 
            "3" : 0.17
        }, 
        "width" : {
            "no change" : 0.6, 
            "decrease" : 0.35, 
            "increase" : 0.05
        }
    }, 
    "weight range" : 1.0, 
    "activation function" : 2, 
    "learning rate" : 0.05, 
    "momentum active" : true, 
    "momentum" : 0.001, 
    "accuracy requirement" : 0.97, 
    "epochs" : 8, 
    "batch size" : 20, 
    "accuracy sample size" : 150, 
    "fitness sample size" : 15, 
    "allow testing" : false, 
    "show output" : true, 
    "use bias" : true,