{
    "child iterations" : 15, 
    "is fertile" : false, 
    "is classifier" : false, 
    "is child" : false, 
    "weights" : [
        [
            -0.950223, 
            0.665693, 
            -0.247784, 
            -0.867501, 
            0.205806, 
            0.148119, 
            -0.78092, 
            -0.01135, 
            -0.589485, 
            -0.932676, 
            1.013707, 
            -0.301008, 
            -0.10065158568898602, 
            -0.242633, 
            -1.089384, 
            -0.395878, 
            0.928448, 
            -0.533704, 
            -1.071026, 
            0.41077, 
            0.716884, 
            -0.15972, 
            0.102162, 
            -0.509814, 
            0.577573, 
            -0.5321926918837689, 
            -0.481983, 
            -0.46739, 
            0.260602, 
            -0.027807, 
            0.521719, 
            -0.675683, 
            0.843977, 
            0.646953, 
            0.859141, 
            -0.14082, 
            0.896857, 
            0.913629, 
            -0.22303669668458692, 
            -0.041455, 
            0.389843, 
            -0.082567, 
            0.570014, 
            -0.315087, 
            -0.274375, 
            -0.310154, 
            0.303134, 
            0.381727, 
            -0.400198, 
            -0.613348, 
            0.179989, 
            -0.7720057870126242, 
            -0.731612, 
            -0.578786, 
            0.717944, 
            0.360928, 
            -0.816542, 
            -0.037567, 
            0.945455, 
            -0.995455, 
            -0.675378, 
            0.657039, 
            0.760181, 
            0.379333, 
            -0.8635345580040557, 
            -0.129316, 
            0.790244, 
            -0.589163, 
            -0.512794, 
            -0.729175, 
            -0.607477, 
            -0.881195, 
            0.160406, 
            0.442657, 
            -0.752028, 
            0.557826, 
            -0.76933, 
            0.645615655479129, 
            -0.903201, 
            -1.020214, 
            0.200697, 
            -0.480086, 
            0.522104, 
            0.001118, 
            1.00427, 
            0.992435, 
            0.118814, 
            0.292916, 
            -0.667978, 
            -0.833409, 
            0.2772567828827974, 
            -0.662835, 
            -0.781019, 
            -0.940144, 
            -0.648973, 
            0.87017, 
            -0.036018, 
            -0.574309, 
            -0.485085, 
            0.820754, 
            1.07778, 
            -0.928467, 
            -0.621851, 
            0.163828846013216, 
            -0.506381, 
            -0.466515, 
            -0.299307, 
            -0.256767, 
            -0.760464, 
            0.791847, 
            -0.250686, 
            -0.963831, 
            -0.751127, 
            -0.945766, 
            -0.757984, 
            -1.010966, 
            0.34880073084255514, 
            -1.068109, 
            1.009107, 
            -0.996613, 
            0.424254, 
            -0.869835, 
            0.362115, 
            0.966488, 
            0.873953, 
            1.03181, 
            0.871154, 
            -0.797012, 
            -0.930595, 
            -0.6491780931955164, 
            -0.857574, 
            -0.112602, 
            -0.927308, 
            -0.493488, 
            1.014736, 
            -0.054483, 
            0.963559, 
            -0.354427, 
            0.456486, 
            -0.346828, 
            -0.909224, 
            -0.521512, 
            0.6648802693119593
        ], 
        [
            0.024811, 
            0.099663, 
            0.240317, 
            -1.072787, 
            -0.198126, 
            1.094185, 
            -0.096087, 
            -0.084342, 
            0.467182, 
            -1.056476, 
            0.204904, 
            -0.6471453385019521, 
            0.576972, 
            0.636971, 
            0.906628, 
            -0.64667, 
            0.3729, 
            -0.371296, 
            0.318078, 
            -1.031241, 
            -0.989014, 
            0.096653, 
            1.1075, 
            0.723219143755111, 
            -0.543121, 
            -1.082387, 
            0.93202, 
            -0.844995, 
            -0.258187, 
            0.997066, 
            1.013009, 
            -0.864819, 
            -0.943318, 
            -0.664656, 
            -0.76719, 
            0.45609433158309054, 
            -0.86659, 
            -0.486448, 
            -0.904375, 
            -0.284428, 
            -0.166451, 
            0.617591, 
            -0.349583, 
            0.848688, 
            -0.532313, 
            -1.0509, 
            0.729885, 
            -0.49537572311898037, 
            0.810532, 
            0.425918, 
            -0.522956, 
            -0.788243, 
            1.070019, 
            0.465576, 
            0.239508, 
            0.901444, 
            -0.407576, 
            0.069549, 
            -0.892256, 
            0.22002631687920537, 
            0.295098, 
            0.682288, 
            -0.423874, 
            -0.039663, 
            0.751284, 
            -0.825262, 
            0.665096, 
            -0.547176, 
            -0.240338, 
            -0.243941, 
            -0.260549, 
            -0.9726330319605458, 
            0.295351, 
            0.98969, 
            0.122147, 
            0.956216, 
            -0.371094, 
            0.768936, 
            0.569696, 
            -0.442336, 
            -0.598373, 
            -0.054652, 
            -1.068205, 
            -0.28293603767841025, 
            0.375064, 
            -0.596487, 
            0.502653, 
            -0.576698, 
            0.858332, 
            -0.776803, 
            -0.556549, 
            -0.642659, 
            -0.697086, 
            -0.125597, 
            0.736678, 
            -0.662350965597746, 
            0.905936, 
            -0.31892, 
            -0.013913, 
            0.880496, 
            -0.459649, 
            0.891062, 
            -0.154262, 
            0.391264, 
            0.849226, 
            -0.558761, 
            -0.433037, 
            -0.3554232772357697, 
            0.279654, 
            -0.331593, 
            -1.021476, 
            -0.455343, 
            0.263333, 
            -0.281765, 
            -0.507884, 
            -0.206075, 
            0.81975, 
            0.799833, 
            1.125409, 
            0.44193715583274185, 
            0.286482, 
            0.83033, 
            -0.81691, 
            -0.297281, 
            0.252029, 
            0.896861, 
            0.002854, 
            0.236683, 
            -0.430007, 
            0.512302, 
            0.086177, 
            -0.21473471948043987, 
            -0.009846, 
            -0.680715, 
            -0.41203, 
            -1.011497, 
            1.101987, 
            0.408072, 
            -0.866943, 
            -0.502921, 
            -0.564842, 
            0.641838, 
            1.064277, 
            -0.6696044190723485, 
            0.457262, 
            0.682443, 
            1.0984, 
            -0.955585, 
            1.043559, 
            0.530172, 
            0.086813, 
            0.655952, 
            0.267121, 
            -0.841926, 
            0.414722, 
            -0.8416789552662147
        ], 
        [
            -0.047727, 
            0.834503, 
            -0.678078, 
            0.281255, 
            -0.657226, 
            -0.138393, 
            -0.919319, 
            1.055589, 
            -0.363666, 
            0.092239, 
            -0.650212, 
            0.799406
        ]
    ],