{
    "child iterations" : 15, 
    "is fertile" : false, 
    "is classifier" : false, 
    "is child" : false, 
    "weights" : [
        [
            5.664772, 
            -0.340611, 
            1.566536, 
            3.269657, 
            -1.303225, 
            -0.018772, 
            -0.2133799590877079, 
            6.714795, 
            -0.403734, 
            2.369965, 
            1.464368, 
            0.094196, 
            -1.176443, 
            -0.3545178246898728, 
            7.840966, 
            0.214388, 
            0.632704, 
            -1.824027, 
            -0.64018, 
            2.128089, 
            0.8097148414047959, 
            -0.405455, 
            -2.03272, 
            -0.384925, 
            -0.244253, 
            0.72244, 
            0.928705, 
            -0.2835774153991628, 
            3.201019, 
            -1.369172, 
            -1.962177, 
            1.315931, 
            -0.926295, 
            -2.504287, 
            0.9948201868650985
        ], 
        [
            -0.543167, 
            -1.345072, 
            -4.273617, 
            -3.624857, 
            3.694289, 
            -0.269275795454863, 
            -0.341469, 
            2.126115, 
            -0.287963, 
            -0.228758, 
            -2.146486, 
            0.42154113294839424, 
            -0.021429, 
            -1.740424, 
            1.118319, 
            -2.212615, 
            2.196188, 
            0.7070711640942102, 
            -1.605232, 
            -1.777568, 
            0.376844, 
            -1.848725, 
            1.63876, 
            0.4636743503250398, 
            -1.382985, 
            -0.789857, 
            -0.967139, 
            2.035818, 
            0.842859, 
            0.6529479864572718, 
            2.122264, 
            0.827676, 
            0.808071, 
            1.388725, 
            -1.950991, 
            -0.8901584841414767, 
            -1.5694, 
            1.885782, 
            2.068447, 
            1.7725, 
            -2.599938, 
            -0.1609987055335671
        ], 
        [
            -1.478854, 
            1.412935, 
            0.662023, 
            -1.022514, 
            1.974389, 
            0.8301191221587902, 
            1.802373, 
            0.187852, 
            1.930105, 
            0.931019, 
            0.456324, 
            0.6318639843445564, 
            2.138607, 
            0.748874, 
            0.180038, 
            0.403949, 
            2.053008, 
            0.3738722956572731, 
            1.714417, 
            0.039228, 
            -3.374851, 
            -1.45094, 
            0.011161, 
            -0.9480399302872795, 
            -0.355448, 
            -3.750148, 
            0.55772, 
            1.46276, 
            0.180604, 
            -0.2894000649988959, 
            0.432263, 
            -3.064242, 
            -1.200348, 
            1.023223, 
            -0.042074, 
            -0.6578474730848551
        ], 
        [
            -3.70217, 
            1.357499, 
            -1.948021, 
            3.769319, 
            -0.12427, 
            -1.868593, 
            2.764308, 
            -0.369584, 
            0.113278, 
            0.658497, 
            -0.310323, 
            1.277013
        ]
    ], 
    "momentum weights" : [
        [
            5.664772, 
            -0.340611, 
            1.566536, 
            3.269657, 
            -1.303225, 
            -0.018772, 
            -0.2133799590877079, 
            6.714795, 
            -0.403734, 
            2.369965, 
            1.464368, 
            0.094196, 
            -1.176443, 
            -0.3545178246898728, 
            7.840966, 
            0.214388, 
            0.632704, 
            -1.824027, 
            -0.64018, 
            2.128089, 
            0.8097148414047959, 
            -0.405455, 
            -2.03272, 
            -0.384925, 
            -0.244253, 
            0.72244, 
            0.928705, 
            -0.2835774153991628, 
            3.201019, 
            -1.369172, 
            -1.962177, 
            1.315931, 
            -0.926295, 
            -2.504287, 
            0.9948201868650985
        ], 
        [
            -0.543167, 
            -1.345072, 
            -4.273617, 
            -3.624857, 
            3.694289, 
            -0.269275795454863, 
            -0.341469, 
            2.126115, 
            -0.287963, 
            -0.228758, 
            -2.146486, 
            0.42154113294839424, 
            -0.021429, 
            -1.740424, 
            1.118319, 
            -2.212615, 
            2.196188, 
            0.7070711640942102, 
            -1.605232, 
            -1.777568, 
            0.376844, 
            -1.848725, 
            1.63876, 
            0.4636743503250398, 
            -1.382985, 
            -0.789857, 
            -0.967139, 
            2.035818, 
            0.842859, 
            0.6529479864572718, 
            2.122264, 
            0.827676, 
            0.808071, 
            1.388725, 
            -1.950991, 
            -0.8901584841414767, 
            -1.5694, 
            1.885782, 
            2.068447, 
            1.7725, 
            -2.599938, 
            -0.1609987055335671
        ], 
        [
            -1.478854, 
            1.412935, 
            0.662023, 
            -1.022514, 
            1.974389, 
            0.8301191221587902, 
            1.802373, 
            0.187852, 
            1.930105, 
            0.931019, 
            0.456324, 
            0.6318639843445564, 
            2.138607, 
            0.748874, 
            0.180038, 
            0.403949, 
            2.053008, 
            0.3738722956572731, 
            1.714417, 
            0.039228, 
            -3.374851, 
            -1.45094, 
            0.011161, 
            -0.9480399302872795, 
            -0.355448, 
            -3.750148, 
            0.55772, 
            1.46276, 
            0.180604, 
            -0.2894000649988959, 
            0.432263, 
            -3.064242, 
            -1.200348, 
            1.023223, 
            -0.042074, 
            -0.6578474730848551
        ], 
        [
            -3.70217, 
            1.357499, 
            -1.948021, 
            3.769319, 
            -0.12427, 
            -1.868593, 
            2.764308, 
            -0.369584, 
            0.113278, 
            0.658497, 
            -0.310323, 
            1.277013
        ]
    ], 
    "nodes" : [
        [
            -0.22464285456735103, 
            0.008284470920160016, 
            -0.42189674112046865, 
            0.5590870818443856, 
            1.0
        ], 
        [
            -0.9138952585871749, 
            -0.98721016095141, 
            -0.9922797885186168, 
            0.8415756413950903, 
            0.041218907860088846, 
            -0.9938221972744353, 
            0.7615941559557649
        ], 
        [
            -0.9991083431867784, 
            -0.05749357791581847, 
            0.9994825567262239, 
            0.9995781994896918, 
            -0.9682604273348995, 
            0.7615941559557649
        ], 
        [
            0.9999849452989856, 
            0.5801134121698394, 
            -0.9999608078016066, 
            -0.6141548454501411, 
            -0.14171693171964597, 
            0.7615941559557649
        ], 
        [
            -0.9999967043674945, 
            0.9999956466774645
        ]
    ],