{
    "child iterations" : 15, 
    "is fertile" : false, 
    "is classifier" : false, 
    "is child" : false, 
    "weights" : [
        [
            -0.879182, 
            -0.52342, 
            -0.456428, 
            0.36036, 
            0.577165, 
            0.446899, 
            1.037581, 
            -0.398488, 
            0.541559, 
            -0.186772, 
            0.6983970658808372, 
            0.765286, 
            0.211437, 
            -0.11724, 
            0.241987, 
            0.444872, 
            0.180016, 
            0.781168, 
            -0.383077, 
            0.081333, 
            -0.707558, 
            0.9341412412635477, 
            -0.469514, 
            0.150854, 
            -0.466246, 
            -0.283298, 
            -0.018296, 
            -0.859271, 
            -0.125029, 
            -0.246186, 
            -0.728811, 
            0.388159, 
            0.9748714902862763, 
            -1.057557, 
            -0.656804, 
            1.069468, 
            -0.77726, 
            0.553283, 
            -0.697289, 
            0.560724, 
            -0.855643, 
            -0.268417, 
            0.179876, 
            0.5699491198873421, 
            -0.986257, 
            -0.193067, 
            -0.257628, 
            -0.267624, 
            -0.769139, 
            0.166612, 
            -0.09685, 
            0.90055, 
            -0.793894, 
            0.892045, 
            -0.10471313420850503, 
            -0.063243, 
            -0.131056, 
            0.395814, 
            -0.075752, 
            -0.323129, 
            -0.403192, 
            -0.30563, 
            -0.874171, 
            -0.267457, 
            -0.211923, 
            0.37685099770469765, 
            0.934981, 
            -0.078652, 
            0.896186, 
            -0.257798, 
            0.10403, 
            1.007707, 
            -0.213356, 
            0.406256, 
            -0.46213, 
            -0.711, 
            -0.4696531511148585, 
            0.884906, 
            -0.859181, 
            -0.261849, 
            -0.042164, 
            0.679128, 
            0.675699, 
            0.674974, 
            -0.673541, 
            0.545962, 
            -0.656618, 
            -0.15952078626031474, 
            -0.730408, 
            0.888359, 
            -0.237503, 
            0.718151, 
            -0.164255, 
            -0.000178, 
            -1.034317, 
            -0.959734, 
            0.379138, 
            0.723509, 
            0.14537601980458725, 
            0.293094, 
            0.976365, 
            0.068411, 
            0.619375, 
            -0.4019, 
            -0.835009, 
            -0.37465, 
            0.63445, 
            0.082348, 
            0.835795, 
            -0.002691802502987839, 
            0.81977, 
            0.143159, 
            0.441855, 
            0.443356, 
            0.217828, 
            0.949329, 
            0.886271, 
            -0.456435, 
            -1.101209, 
            0.737107, 
            0.06021583829228527
        ], 
        [
            0.075615, 
            0.071703, 
            -0.226069, 
            -0.145294, 
            -0.428701, 
            -0.518856, 
            -0.16711, 
            0.959752, 
            1.035586, 
            0.1318232733683966, 
            -0.202145, 
            0.459313, 
            -0.291062, 
            0.108122, 
            -0.167306, 
            0.599357, 
            -0.818009, 
            0.127539, 
            -0.013884, 
            -0.3129702907120824, 
            -0.464991, 
            -0.471037, 
            -0.953399, 
            0.022608, 
            -1.072662, 
            -0.162402, 
            -0.273895, 
            -0.871023, 
            -0.632525, 
            0.020604181597000393, 
            0.755592, 
            -0.743805, 
            0.246016, 
            0.396906, 
            -0.960153, 
            -0.703555, 
            0.25321, 
            -0.745893, 
            -0.38057, 
            0.541039493263684, 
            -0.372129, 
            -0.983996, 
            0.430165, 
            -0.483069, 
            -0.229469, 
            -0.405892, 
            -0.591525, 
            0.273359, 
            0.678261, 
            0.20149250393838192, 
            -0.921194, 
            -0.292238, 
            -0.555599, 
            1.051594, 
            0.801436, 
            0.957192, 
            -0.129708, 
            -0.21956, 
            0.350359, 
            0.9117590120775372, 
            -1.07167, 
            0.59109, 
            0.328506, 
            -0.293973, 
            -0.283722, 
            0.02787, 
            0.934962, 
            -0.560909, 
            0.575117, 
            -0.16360180988083894, 
            0.093026, 
            -0.36211, 
            -0.12584, 
            1.011208, 
            -0.076494, 
            -1.077187, 
            -0.974469, 
            0.58093, 
            -0.194246, 
            -0.277490295875247, 
            -0.574041, 
            0.814135, 
            0.778189, 
            -0.506953, 
            -1.026036, 
            -0.352285, 
            0.820355, 
            0.952622, 
            -0.466953, 
            -0.8206916397956592, 
            -0.305237, 
            0.11984, 
            0.387769, 
            -0.229271, 
            -0.594172, 
            -0.663088, 
            0.580629, 
            0.676856, 
            -0.712792, 
            0.8699366500668171, 
            0.12031, 
            -0.833297, 
            0.378435, 
            -0.186437, 
            -0.644748, 
            -0.983552, 
            0.68398, 
            0.693502, 
            -0.475698, 
            0.6424041157729712
        ], 
        [
            -0.322985, 
            -0.5021, 
            -0.102115, 
            -0.811945, 
            0.740184, 
            0.039161, 
            -0.316846, 
            -0.688426, 
            0.333091, 
            1.229055
        ]
    ],