{
    "child iterations" : 15, 
    "is fertile" : false, 
    "is classifier" : false, 
    "is child" : false, 
    "weights" : [
        [
            -13.802829, 
            10.539817, 
            5.415454, 
            12.197395, 
            5.226341, 
            -6.478484, 
            5.49102, 
            2.455589, 
            13.35977, 
            -6.254869, 
            -1.249292, 
            19.388745, 
            -6.679977, 
            10.091407, 
            -7.299425, 
            0.811418, 
            -6.374747, 
            -6.99057, 
            4.959246, 
            7.520721, 
            -2.795859, 
            11.42039, 
            8.946303, 
            -0.697432, 
            9.860146
        ], 
        [
            -9.983526, 
            -1.350897, 
            -10.007787, 
            2.579054, 
            -7.729485, 
            9.447877, 
            14.52871, 
            -3.764035, 
            -2.677985, 
            6.653491, 
            5.74806, 
            -6.958198, 
            13.113856, 
            -9.031621, 
            -1.149622, 
            5.826772, 
            9.893933, 
            0.194188, 
            14.929244, 
            10.462918, 
            -6.859452, 
            11.138876, 
            -4.303373, 
            6.477792, 
            7.422116
        ], 
        [
            10.998458, 
            -5.494868, 
            6.973401, 
            -13.621208, 
            2.577992, 
            -11.3843, 
            9.385415, 
            -1.872699, 
            4.980127, 
            5.976412
        ]
    ], 
    "momentum weights" : [
        [
            -13.802829, 
            10.539817, 
            5.415454, 
            12.197395, 
            5.226341, 
            -6.478484, 
            5.49102, 
            2.455589, 
            13.35977, 
            -6.254869, 
            -1.249292, 
            19.388745, 
            -6.679977, 
            10.091407, 
            -7.299425, 
            0.811418, 
            -6.374747, 
            -6.99057, 
            4.959246, 
            7.520721, 
            -2.795859, 
            11.42039, 
            8.946303, 
            -0.697432, 
            9.860146
        ], 
        [
            -9.983526, 
            -1.350897, 
            -10.007787, 
            2.579054, 
            -7.729485, 
            9.447877, 
            14.52871, 
            -3.764035, 
            -2.677985, 
            6.653491, 
            5.74806, 
            -6.958198, 
            13.113856, 
            -9.031621, 
            -1.149622, 
            5.826772, 
            9.893933, 
            0.194188, 
            14.929244, 
            10.462918, 
            -6.859452, 
            11.138876, 
            -4.303373, 
            6.477792, 
            7.422116
        ], 
        [
            10.998458, 
            -5.494868, 
            6.973401, 
            -13.621208, 
            2.577992, 
            -11.3843, 
            9.385415, 
            -1.872699, 
            4.980127, 
            5.976412
        ]
    ], 
    "nodes" : [
        [
            0.5095947904722757, 
            0.019743533136012764, 
            -0.4753466732720184, 
            0.607528846940724, 
            1.0
        ], 
        [
            -0.9999999605595301, 
            0.9990206116535402, 
            0.9999999989478824, 
            0.999326658605878, 
            0.7615941559557649
        ], 
        [
            1.0, 
            1.0, 
            0.9999999999999855, 
            0.9999707629360602, 
            0.7615941559557649
        ], 
        [
            1.0, 
            -1.0
        ]
    ], 
    "pre activation nodes" : [
        [
            0.0, 
            0.0, 
            0.0, 
            0.0, 
            0.0
        ], 
        [
            -8.870810277632485, 
            3.8106198419333186, 
            10.68280406215736, 
            3.9980342690085307, 
            1.0
        ], 
        [
            25.768939496524027, 
            27.27775357565409, 
            16.27792756098906, 
            5.5666029512512845, 
            1.0
        ], 
        [
            33.72782721713902, 
            -27.821419794995524
        ]
    ], 
    "average nodes" : [
        [
            0.0, 
            0.0, 
            0.0, 
            0.0, 
            0.0
        ], 
        [
            0.0, 
            0.0, 
            0.0, 
            0.0, 
            0.0
        ], 
        [
            0.0, 
            0.0, 
            0.0, 
            0.0, 
            0.0
        ], 
        [
            0.0, 
            0.0
        ]
    ], 
    "input width" : 4, 
    "output width" : 2, 
    "hidden width" : 5, 
    "hidden length" : 2, 
    "hidden layer details" : {
        "items" : 3, 
        "0" : "is shallow", 
        "1" : "probabilities", 
        "2" : "width", 
        "is shallow" : true, 
        "probabilities" : {
            "2" : 0.85, 
            "3" : 0.12, 
            "1" : 0.03
        }, 
        "width" : {
            "no change" : 0.6, 
            "decrease" : 0.35, 
            "increase" : 0.05
        }
    }, 
    "weight range" : 1.0, 
    "activation function" : 2, 
    "learning rate" : 0.05, 
    "momentum active" : true, 
    "momentum" : 0.001, 
    "accuracy requirement" : 0.985, 
    "epochs" : 10, 
    "batch size" : 40, 
    "accuracy sample size" : 150, 
    "fitness sample size" : 15, 
    "allow testing" : false, 
    "show output" : true, 
    "use bias" : true, 
    "clear bias" : false, 
    "bias value" : 1.0, 
    "child" : null
}