{
    "child iterations" : 15, 
    "is fertile" : false, 
    "is classifier" : false, 
    "is child" : false, 
    "weights" : [
        [
            -0.151458, 
            0.621384, 
            -0.590362, 
            -0.433287, 
            0.087403, 
            1.015015, 
            -0.698723, 
            -1.098149, 
            0.919845, 
            -0.344684, 
            -0.31103, 
            -0.903099, 
            0.492676, 
            0.88382, 
            1.010031, 
            0.421768, 
            0.10286591460912953, 
            -0.122307, 
            0.552755, 
            0.565686, 
            -0.321468, 
            -0.905621, 
            -0.437574, 
            -0.143294, 
            0.217741, 
            0.768474, 
            0.654237, 
            -0.51252, 
            0.163721, 
            0.821756, 
            -0.135786, 
            0.648865, 
            -0.17114, 
            -0.9698677336656216, 
            0.031435, 
            -0.93646, 
            -0.194033, 
            0.02852, 
            0.882977, 
            1.125365, 
            0.468664, 
            -0.302405, 
            -0.196016, 
            0.177369, 
            -0.297962, 
            0.14276, 
            -0.678511, 
            -0.972318, 
            -0.98522, 
            -0.015444, 
            -0.03360780183928269, 
            -0.745843, 
            0.149451, 
            0.588033, 
            1.112385, 
            0.327988, 
            0.431558, 
            0.80073, 
            -0.094296, 
            -0.366401, 
            -0.139354, 
            -0.856109, 
            -0.957776, 
            0.210052, 
            -1.153587, 
            0.093868, 
            -0.242966, 
            0.46854805754707063, 
            -0.571762, 
            0.583344, 
            0.760015, 
            -0.952393, 
            -0.930792, 
            -0.217574, 
            -0.085642, 
            0.916866, 
            -0.171016, 
            0.209754, 
            0.981504, 
            -0.669399, 
            -0.377984, 
            -0.074842, 
            -0.58234, 
            -1.052635, 
            0.39836584094863703, 
            0.570114, 
            -0.318073, 
            -0.646001, 
            -0.561682, 
            -0.938205, 
            0.161964, 
            0.795366, 
            0.545677, 
            0.758221, 
            1.044132, 
            -0.255595, 
            -0.486363, 
            1.003013, 
            1.064516, 
            0.337922, 
            -0.038103, 
            0.100225389281549, 
            0.918, 
            1.142145, 
            0.404804, 
            0.424126, 
            0.562093, 
            -0.632885, 
            0.860702, 
            -0.890634, 
            -0.850128, 
            0.909291, 
            0.567836, 
            0.591594, 
            0.513219, 
            -0.869817, 
            0.494591, 
            -0.924223, 
            0.4027080656492672, 
            -0.096449, 
            -0.616083, 
            0.360121, 
            0.126411, 
            0.894272, 
            0.491105, 
            -0.496848, 
            0.907649, 
            -0.94066, 
            -0.768646, 
            -0.816436, 
            -0.582438, 
            -0.199752, 
            0.110923, 
            -0.082579, 
            -1.047545, 
            -0.904358517918723, 
            0.848608, 
            -1.004163, 
            0.087309, 
            -0.713267, 
            -0.703323, 
            -0.146926, 
            0.930172, 
            0.471611, 
            -0.506047, 
            0.225596, 
            0.749577, 
            -0.363335, 
            -0.735214, 
            -0.972187, 
            -0.815673, 
            1.019273, 
            0.5217874149878323, 
            -0.865918, 
            0.111952, 
            0.444598, 
            -0.017815, 
            1.007399, 
            0.643149, 
            0.181904, 
            0.386816, 
            -0.331315, 
            -0.474955, 
            0.377127, 
            -0.44471, 
            0.188735, 
            0.395786, 
            -0.104779, 
            -0.627853, 
            0.9124525162833317, 
            -0.012793, 
            -0.741427, 
            0.672174, 
            0.592635, 
            0.347949, 
            0.480349, 
            -0.393636, 
            0.014124, 
            -0.274156, 
            -0.941916, 
            -0.222561, 
            0.612516, 
            0.204229, 
            -0.696931, 
            -0.709539, 
            0.332062, 
            -0.0057930905568135405, 
            0.022924, 
            0.494329, 
            -1.020961, 
            0.560471, 
            -0.799949, 
            -0.132563, 
            0.047947, 
            0.044367, 
            0.468937, 
            -0.394925, 
            0.018296, 
            -0.798697, 
            0.529422, 
            0.602733, 
            0.955212, 
            0.299711, 
            0.8000364324575195, 
            -0.324741, 
            0.70173, 
            0.57516, 
            1.092791, 
            -0.655682, 
            -0.489391, 
            -0.831308, 
            0.143569, 
            -0.770896, 
            -0.536916, 
            0.332833, 
            0.392032, 
            0.583326, 
            -0.579451, 
            0.865177, 
            -0.090955, 
            -0.19891278271624202, 
            -0.048179564241960904, 
            -0.18635407080580246, 
            -0.3109378835479919, 
            0.3140620894348676, 
            -0.30920538191620506, 
            0.2986575554377915, 
            0.42384476753732314, 
            -0.6256398308290805, 
            -0.9004069054777111, 
            -0.9273497250155056, 
            0.4623651792401282, 
            -0.9672727620149586, 
            -0.1404940522416369, 
            -0.28347975072179366, 
            -0.9589530123887771, 
            -0.1191223041191578, 
            0.9953386586971653, 
            0.859856, 
            0.138778, 
            -0.60117, 
            -1.073564, 
            0.213363, 
            -0.701877, 
            -0.551249, 
            0.641176, 
            1.034504, 
            -0.491424, 
            0.006426, 
            -1.030513, 
            -0.626825, 
            0.052116, 
            0.621214, 
            0.666053, 
            -0.914902856857581
        ], 
        [
            -0.805182, 
            0.245315, 
            -0.659228, 
            -0.109819, 
            0.48096, 
            -0.932953, 
            0.128661, 
            -0.198362, 
            -0.338698, 
            -0.583887, 
            0.007918, 
            -0.009204, 
            1.044216, 
            -1.025184, 
            0.624256, 
            0.075913, 
            -0.345822
        ]
    ],