{
    "child iterations" : 15, 
    "is fertile" : false, 
    "is classifier" : false, 
    "is child" : false, 
    "weights" : [
        [
            0.484022, 
            0.035223, 
            0.315893, 
            -0.436183, 
            -0.470534, 
            -0.977482, 
            -0.210415, 
            -0.719026, 
            0.094043, 
            -0.797476, 
            0.048325918885547825, 
            0.932339, 
            0.133392, 
            -0.664714, 
            -1.075801, 
            -0.012885, 
            0.989914, 
            0.877051, 
            -0.851792, 
            0.145615, 
            -0.98657, 
            0.3356342296658563, 
            -0.622742, 
            0.052881, 
            -0.262865, 
            0.591061, 
            0.800441, 
            0.363518, 
            0.827333, 
            0.627775, 
            -0.555898, 
            0.434563, 
            0.599761880283822, 
            -0.905126, 
            -0.46201, 
            0.759314, 
            -0.22369, 
            -0.521054, 
            0.711119, 
            1.095546, 
            -0.436983, 
            -0.43521, 
            0.851536, 
            -0.3600031519257656, 
            0.447718, 
            0.840134, 
            -0.088784, 
            0.031249, 
            -1.005998, 
            0.827617, 
            0.761882, 
            -0.131733, 
            0.892143, 
            0.141721, 
            -0.7250781356689024, 
            0.54772, 
            -0.175187, 
            -1.073563, 
            -0.486585, 
            0.304269, 
            0.187055, 
            0.492111, 
            0.322415, 
            -0.748052, 
            -0.199357, 
            -0.8348357713331105, 
            0.465048, 
            0.431695, 
            -0.369144, 
            -0.212359, 
            -0.566538, 
            0.485999, 
            0.775329, 
            0.167328, 
            0.041643, 
            0.87006, 
            -0.607182221788434, 
            0.742313, 
            -0.484989, 
            0.166753, 
            0.64378, 
            -0.477662, 
            -0.727585, 
            0.657821, 
            -1.062642, 
            0.402404, 
            0.452714, 
            0.026139227080440364, 
            0.589963, 
            0.001875, 
            0.268014, 
            0.806904, 
            0.03732, 
            -0.75484, 
            1.098184, 
            0.135215, 
            -0.373292, 
            -0.011379, 
            -0.6265945662700447, 
            -0.884482, 
            -0.507067, 
            -0.378515, 
            0.719486, 
            -0.225105, 
            0.435311, 
            0.743426, 
            -0.35981, 
            0.064897, 
            0.269344, 
            0.008810323656289754, 
            -0.033322, 
            -0.180109, 
            0.414433, 
            -0.503749, 
            1.012637, 
            -0.861098, 
            0.823827, 
            0.174825, 
            -0.986303, 
            0.685551, 
            0.3256188417661763
        ], 
        [
            0.987876, 
            0.829781, 
            -0.887145, 
            -0.387625, 
            0.237577, 
            -0.204269, 
            0.725829, 
            0.87671, 
            -1.042607, 
            0.135551, 
            -0.809028, 
            0.6201297940378341, 
            -0.138639, 
            -0.251885, 
            -0.792692, 
            -0.865713, 
            0.786398, 
            -0.154655, 
            -0.367764, 
            -0.896304, 
            1.060494, 
            -0.612735, 
            0.767488, 
            -0.6221690299301226, 
            0.877155, 
            0.297594, 
            -0.939331, 
            -0.916198, 
            0.806882, 
            0.079648, 
            -0.796232, 
            -0.948535, 
            0.7473, 
            1.04816, 
            0.225897, 
            -0.0397250757483254, 
            0.331141, 
            0.111009, 
            0.723004, 
            0.601825, 
            1.019476, 
            -0.951801, 
            0.561443, 
            -0.41095, 
            -0.339103, 
            0.867941, 
            0.222228, 
            -0.8744581146769843, 
            0.919199, 
            0.758054, 
            -0.559096, 
            0.394931, 
            -0.272453, 
            -0.915237, 
            -0.608247, 
            0.444718, 
            0.911333, 
            0.517701, 
            -0.553321, 
            -0.949149875017093, 
            1.043902, 
            0.775793, 
            0.28644, 
            0.339594, 
            -0.276738, 
            -0.048742, 
            -0.258588, 
            -0.71834, 
            -0.338629, 
            0.456937, 
            0.567222, 
            0.5911573982536718, 
            0.270675, 
            -0.154919, 
            -0.936193, 
            0.823464, 
            0.388142, 
            0.785649, 
            0.241949, 
            0.922946, 
            0.094803, 
            0.6163, 
            0.793584, 
            -0.19978692865635117, 
            -0.816393, 
            -0.314614, 
            0.105491, 
            0.805763, 
            -0.0151, 
            1.002457, 
            0.603474, 
            0.162933, 
            0.647677, 
            -0.354754, 
            -0.755158, 
            0.27648480418736776, 
            0.107115, 
            0.3543, 
            0.805806, 
            -1.000248, 
            0.493816, 
            0.858961, 
            0.492006, 
            -0.46759, 
            -0.794, 
            -0.614425, 
            0.372167, 
            0.16056053911841395, 
            -0.159925, 
            0.504463, 
            0.79664, 
            -0.188921, 
            -0.850101, 
            -0.738973, 
            0.528688, 
            -0.454947, 
            -0.505231, 
            0.522347, 
            -0.111792, 
            0.3303898955853535, 
            0.198594, 
            0.792753, 
            -0.806174, 
            0.903323, 
            0.117499, 
            -0.777777, 
            -0.183929, 
            0.388719, 
            0.446472, 
            0.507453, 
            -0.747555, 
            0.6199633404857046
        ], 
        [
            -0.064548, 
            -0.029816, 
            -0.823044, 
            0.463562, 
            1.115466, 
            0.694185, 
            -0.393044, 
            0.347735, 
            0.733371, 
            -0.403468, 
            0.439573, 
            -0.530127
        ]
    ],