{
    "child iterations" : 15, 
    "is fertile" : false, 
    "is classifier" : false, 
    "is child" : false, 
    "weights" : [
        [
            0.716589, 
            0.377649, 
            0.329271, 
            0.628244, 
            -0.931569, 
            -0.499584, 
            -0.317216, 
            -0.751867, 
            -0.247428, 
            -0.035197, 
            -0.518232, 
            -0.6370668753652438, 
            0.299518, 
            -0.284896, 
            -0.435559, 
            -1.029629, 
            -0.181747, 
            0.667113, 
            0.108713, 
            -0.250592, 
            -0.3344, 
            -0.003655, 
            0.439369, 
            0.3499952320666577, 
            -0.255276, 
            -0.180618, 
            -0.583379, 
            0.62427, 
            0.647945, 
            -0.329635, 
            -0.615434, 
            -0.148404, 
            0.339592, 
            -0.259062, 
            -0.964996, 
            0.8097940453904557, 
            0.005757, 
            0.891054, 
            -0.434338, 
            -0.57838, 
            -0.393811, 
            -0.760729, 
            -0.64462, 
            -0.926194, 
            -0.779163, 
            -0.277798, 
            -0.24897, 
            0.9384395315880751, 
            -1.036365, 
            -0.238827, 
            -0.528436, 
            0.739898, 
            0.392146, 
            0.927282, 
            -0.636387, 
            0.835588, 
            -0.744912, 
            0.171146, 
            -0.350239, 
            -0.44282850543202446, 
            -0.687963, 
            0.760996, 
            -0.396091, 
            0.831441, 
            0.20768, 
            -0.869534, 
            0.939406, 
            -0.229712, 
            -0.765248, 
            -0.674562, 
            0.369442, 
            -0.16283803929505192, 
            -0.32555, 
            -0.828411, 
            -0.370473, 
            0.08178, 
            0.25877, 
            -0.709773, 
            0.519983, 
            0.206819, 
            -0.951781, 
            0.647636, 
            -0.112413, 
            0.34204230825468596, 
            0.391547, 
            -0.463218, 
            0.06079, 
            0.145545, 
            0.324899, 
            0.573111, 
            0.421569, 
            0.83769, 
            0.041048, 
            0.286278, 
            0.090107, 
            -0.10307610519250887, 
            -0.240284, 
            0.1667, 
            0.046298, 
            -0.659487, 
            0.257734, 
            -0.302555, 
            -0.573162, 
            0.764396, 
            0.482025, 
            -0.624598, 
            -0.793466, 
            0.5727927171204237, 
            -0.948476, 
            0.438632, 
            -0.074539, 
            -0.211066, 
            -0.16641, 
            0.11476, 
            -0.732087, 
            -0.447378, 
            0.139678, 
            0.048792, 
            0.380913, 
            -0.44457112245581487, 
            -0.852669, 
            -0.849935, 
            -0.792986, 
            0.551742, 
            -0.20403, 
            -0.400979, 
            0.977905, 
            -0.795991, 
            -0.347273, 
            -0.296979, 
            -0.44118, 
            0.4297360468423934
        ], 
        [
            0.374671, 
            -0.898775, 
            -0.769038, 
            -0.673668, 
            -0.06943, 
            0.216719, 
            1.01082, 
            -0.780895, 
            0.014036, 
            0.167167, 
            -0.9537637273276791, 
            -0.890456, 
            0.441775, 
            0.943403, 
            0.974751, 
            0.824276, 
            -0.728543, 
            -0.195179, 
            -0.971083, 
            -0.651709, 
            0.295844, 
            -0.09302760112686093, 
            -0.769283, 
            0.666125, 
            0.709072, 
            0.116149, 
            0.600537, 
            0.18418, 
            -0.448021, 
            0.141317, 
            -0.741678, 
            -0.122525, 
            0.15145171784125488, 
            -0.804183, 
            0.47919, 
            0.504476, 
            0.918891, 
            -0.646027, 
            -0.204395, 
            -0.442049, 
            -0.502609, 
            -0.796442, 
            -0.371461, 
            -0.03224133051413691, 
            -0.174488, 
            0.119716, 
            0.195585, 
            -0.273481, 
            -0.844057, 
            0.007433, 
            -0.288561, 
            0.842155, 
            -0.836586, 
            0.820344, 
            0.2768424400282945, 
            -0.36588, 
            -0.040309, 
            0.757287, 
            0.702299, 
            -0.515203, 
            -0.080741, 
            -0.990965, 
            -0.914114, 
            -0.58119, 
            0.169238, 
            -0.55369883801514, 
            -0.925601, 
            -0.781605, 
            -0.616045, 
            -1.003344, 
            -0.895903, 
            -0.597086, 
            0.220662, 
            0.236592, 
            -0.188261, 
            -0.645921, 
            -0.5029598604705157, 
            0.591225, 
            0.403544, 
            0.412984, 
            0.033192, 
            0.154966, 
            0.714801, 
            -0.440288, 
            0.921392, 
            -0.768456, 
            0.832773, 
            0.7113058456745038, 
            -0.010597, 
            -0.853632, 
            0.574852, 
            0.536238, 
            -0.09513, 
            0.59695, 
            -0.692028, 
            0.468699, 
            -0.605876, 
            -0.81132, 
            0.00941079593104277, 
            0.050359, 
            0.21704, 
            0.310677, 
            -0.532094, 
            0.651929, 
            0.268219, 
            -0.210686, 
            -0.272178, 
            0.331133, 
            0.185847, 
            0.2687259570206495, 
            0.942133, 
            -0.365041, 
            -0.676281, 
            -0.08388, 
            -0.865264, 
            -0.961494, 
            -0.66, 
            0.18747, 
            -0.662534, 
            0.535908, 
            0.46328066914569077, 
            0.197879, 
            0.707514, 
            0.397559, 
            -0.628741, 
            0.849054, 
            0.031361, 
            0.077978, 
            -0.795395, 
            -0.930097, 
            0.8912, 
            0.46490474027020046
        ], 
        [
            0.018393, 
            -0.405926, 
            0.61693, 
            0.623567, 
            -0.457668, 
            -0.772354, 
            -0.175617, 
            0.023613, 
            0.264587, 
            0.625868, 
            1.063958
        ]
    ],