{
    "child iterations" : 15, 
    "is fertile" : false, 
    "is classifier" : false, 
    "is child" : false, 
    "weights" : [
        [
            -3.439442, 
            2.884588, 
            3.207946, 
            2.621616, 
            0.372316, 
            1.729323, 
            -0.009236, 
            -0.9918636690819869, 
            -1.811681, 
            2.686958, 
            4.325005, 
            0.67917, 
            0.533574, 
            2.835643, 
            -2.283358, 
            -0.5148099270263577, 
            -1.25843, 
            5.390769, 
            3.705527, 
            2.312488, 
            0.719776, 
            0.390363, 
            -0.484638, 
            0.9094755894304793, 
            -1.202495, 
            -0.827295, 
            -0.083507, 
            -1.605107, 
            2.47454, 
            1.595196, 
            -1.756062, 
            -0.7616173565552218, 
            0.303247, 
            2.794744, 
            1.049622, 
            -0.347005, 
            -2.303338, 
            1.716137, 
            0.934054, 
            0.4274967416886384
        ], 
        [
            -1.355976, 
            -2.767291, 
            -0.80781, 
            -0.412995, 
            1.803518, 
            -0.109653, 
            -0.7203092907141679, 
            3.030694, 
            0.554958, 
            1.333816, 
            2.323047, 
            2.291232, 
            -1.389497, 
            -0.8777245281662245, 
            1.583879, 
            1.232405, 
            1.684401, 
            1.241123, 
            -2.067578, 
            -2.802389, 
            0.5254927719143194, 
            2.158196, 
            1.841575, 
            0.361867, 
            2.723916, 
            -0.553269, 
            -1.535539, 
            -0.8218230088249538, 
            1.079535, 
            0.499306, 
            1.053408, 
            -0.390371, 
            1.565086, 
            0.55811, 
            -0.7333407892966812, 
            1.017296, 
            1.933351, 
            -2.091048, 
            1.820043, 
            -0.644479, 
            -0.044316, 
            0.9663289534328752, 
            1.96238, 
            1.156165, 
            1.570342, 
            -2.526021, 
            -2.316218, 
            2.265731, 
            0.4712975096400982, 
            1.999188, 
            2.737723, 
            -1.702413, 
            1.162852, 
            -1.620645, 
            -1.070844, 
            -0.7532672568579231
        ], 
        [
            1.611422, 
            -2.967475, 
            1.736292, 
            0.135854, 
            -1.464028, 
            0.966167, 
            1.559533, 
            -1.747519, 
            -0.022131, 
            2.327642, 
            -1.248211, 
            3.172424, 
            -1.375924, 
            -1.165328
        ]
    ], 
    "momentum weights" : [
        [
            -3.439442, 
            2.884588, 
            3.207946, 
            2.621616, 
            0.372316, 
            1.729323, 
            -0.009236, 
            -0.9918636690819869, 
            -1.811681, 
            2.686958, 
            4.325005, 
            0.67917, 
            0.533574, 
            2.835643, 
            -2.283358, 
            -0.5148099270263577, 
            -1.25843, 
            5.390769, 
            3.705527, 
            2.312488, 
            0.719776, 
            0.390363, 
            -0.484638, 
            0.9094755894304793, 
            -1.202495, 
            -0.827295, 
            -0.083507, 
            -1.605107, 
            2.47454, 
            1.595196, 
            -1.756062, 
            -0.7616173565552218, 
            0.303247, 
            2.794744, 
            1.049622, 
            -0.347005, 
            -2.303338, 
            1.716137, 
            0.934054, 
            0.4274967416886384
        ], 
        [
            -1.355976, 
            -2.767291, 
            -0.80781, 
            -0.412995, 
            1.803518, 
            -0.109653, 
            -0.7203092907141679, 
            3.030694, 
            0.554958, 
            1.333816, 
            2.323047, 
            2.291232, 
            -1.389497, 
            -0.8777245281662245, 
            1.583879, 
            1.232405, 
            1.684401, 
            1.241123, 
            -2.067578, 
            -2.802389, 
            0.5254927719143194, 
            2.158196, 
            1.841575, 
            0.361867, 
            2.723916, 
            -0.553269, 
            -1.535539, 
            -0.8218230088249538, 
            1.079535, 
            0.499306, 
            1.053408, 
            -0.390371, 
            1.565086, 
            0.55811, 
            -0.7333407892966812, 
            1.017296, 
            1.933351, 
            -2.091048, 
            1.820043, 
            -0.644479, 
            -0.044316, 
            0.9663289534328752, 
            1.96238, 
            1.156165, 
            1.570342, 
            -2.526021, 
            -2.316218, 
            2.265731, 
            0.4712975096400982, 
            1.999188, 
            2.737723, 
            -1.702413, 
            1.162852, 
            -1.620645, 
            -1.070844, 
            -0.7532672568579231
        ], 
        [
            1.611422, 
            -2.967475, 
            1.736292, 
            0.135854, 
            -1.464028, 
            0.966167, 
            1.559533, 
            -1.747519, 
            -0.022131, 
            2.327642, 
            -1.248211, 
            3.172424, 
            -1.375924, 
            -1.165328
        ]
    ], 
    "nodes" : [
        [
            -0.49172489885987497, 
            0.2459934068483463, 
            -0.5312296723889116, 
            0.33475181174245516, 
            1.0
        ], 
        [
            0.9483196701304502, 
            -0.8017101058597182, 
            -0.8977151618851184, 
            -0.9969052429543145, 
            -0.9570155698874486, 
            0.9553694266702764, 
            0.046480192107893926, 
            0.7615941559557649
        ], 
        [
            -0.9999791848212487, 
            -0.9867050145841938, 
            -0.9999997450458006, 
            -0.996702913687081, 
            -0.8256771470539256, 
            0.9989374010445271, 
            0.7615941559557649
        ], 
        [
            -0.999977223895598, 
            0.9992858747447857
        ]
    ], 
    "pre activation nodes" : [
        [
            0.0, 
            0.0, 
            0.0, 
            0.0, 
            0.0
        ], 
        [
            1.8148226650351216, 
            -1.1033807399637645, 
            -1.460322221593252, 
            -3.234822239254025, 
            -1.90916898182244, 
            1.8899576473861743, 
            0.04651370762658147, 
            1.0
        ], 
        [
            -5.736482431326588, 
            -2.503422923060991, 
            -7.937664485564121, 
            -3.2031067065334335, 
            -1.1743985900172378, 
            3.7698266334161588, 
            1.0
        ], 
        [
            -5.691467208289705, 
            3.968621118854751
        ]
    ], 
    "average nodes" : [
        [
            0.0, 
            0.0, 
            0.0, 
            0.0, 
            0.0
        ], 
        [
            0.0, 
            0.0, 
            0.0, 
            0.0, 
            0.0, 
            0.0, 
            0.0, 
            0.0
        ], 
        [
            0.0, 
            0.0, 
            0.0, 
            0.0, 
            0.0, 
            0.0, 
            0.0
        ], 
        [
            0.0, 
            0.0
        ]
    ], 
    "input width" : 4, 
    "output width" : 2, 
    "hidden width" : 6, 
    "hidden length" : 2, 
    "hidden layer details" : {
        "items" : 3, 
        "0" : "is shallow", 
        "1" : "probabilities",