{
    "child iterations" : 15, 
    "is fertile" : false, 
    "is classifier" : false, 
    "is child" : false, 
    "weights" : [
        [
            2.551672, 
            1.735802, 
            -12.782438, 
            6.671838, 
            6.211778, 
            2.799277, 
            6.001446, 
            -12.035581, 
            -1.65861, 
            3.945274, 
            10.72627, 
            -8.494048, 
            -12.787271, 
            3.300099, 
            5.474582, 
            4.4342, 
            -5.237635, 
            4.173489, 
            -2.7904, 
            1.449781, 
            3.641079, 
            8.032254, 
            -5.257295, 
            -4.555159, 
            -5.19816
        ], 
        [
            -2.634972, 
            2.716738, 
            0.91367, 
            -7.25682, 
            -6.334762, 
            2.856797, 
            1.354898, 
            -7.026809, 
            -5.734433, 
            -4.152514, 
            -5.32572, 
            -3.921879, 
            -4.042828, 
            11.22351, 
            -0.405591, 
            5.022494, 
            -0.21208, 
            8.977634, 
            -5.740242, 
            -3.693822, 
            -6.19966, 
            2.281083, 
            2.99642, 
            -3.791665, 
            3.395926
        ], 
        [
            5.044321, 
            -5.071238, 
            -0.289906, 
            -1.997195, 
            -1.876663, 
            3.369872, 
            -9.834767, 
            10.112507, 
            4.215368, 
            -0.721999
        ]
    ], 
    "momentum weights" : [
        [
            2.551672, 
            1.735802, 
            -12.782438, 
            6.671838, 
            6.211778, 
            2.799277, 
            6.001446, 
            -12.035581, 
            -1.65861, 
            3.945274, 
            10.72627, 
            -8.494048, 
            -12.787271, 
            3.300099, 
            5.474582, 
            4.4342, 
            -5.237635, 
            4.173489, 
            -2.7904, 
            1.449781, 
            3.641079, 
            8.032254, 
            -5.257295, 
            -4.555159, 
            -5.19816
        ], 
        [
            -2.634972, 
            2.716738, 
            0.91367, 
            -7.25682, 
            -6.334762, 
            2.856797, 
            1.354898, 
            -7.026809, 
            -5.734433, 
            -4.152514, 
            -5.32572, 
            -3.921879, 
            -4.042828, 
            11.22351, 
            -0.405591, 
            5.022494, 
            -0.21208, 
            8.977634, 
            -5.740242, 
            -3.693822, 
            -6.19966, 
            2.281083, 
            2.99642, 
            -3.791665, 
            3.395926
        ], 
        [
            5.044321, 
            -5.071238, 
            -0.289906, 
            -1.997195, 
            -1.876663, 
            3.369872, 
            -9.834767, 
            10.112507, 
            4.215368, 
            -0.721999
        ]
    ], 
    "nodes" : [
        [
            -0.3425927929097347, 
            0.9408412442422179, 
            -0.30157020699162124, 
            -0.1259263300508289, 
            1.0
        ], 
        [
            0.9227843650946741, 
            0.9999999999999862, 
            -0.9999999605734724, 
            -0.9999999721727163, 
            0.7615941559557649
        ], 
        [
            -0.9993200005681734, 
            0.9999999929695292, 
            -0.9999999577528929, 
            -1.0, 
            0.7615941559557649
        ], 
        [
            0.9999999906596135, 
            -0.9999999993976376
        ]
    ], 
    "pre activation nodes" : [
        [
            0.0, 
            0.0, 
            0.0, 
            0.0, 
            0.0
        ], 
        [
            1.6074638217296515, 
            16.305096634026718, 
            -8.870987059552021, 
            -9.045198017522893, 
            1.0
        ], 
        [
            -3.993112859187282, 
            9.733079671980919, 
            -8.836438557926382, 
            -20.801890658879582, 
            1.0
        ], 
        [
            9.591032692171485, 
            -10.961654501556001
        ]
    ], 
    "average nodes" : [
        [
            0.0, 
            0.0, 
            0.0, 
            0.0, 
            0.0
        ], 
        [
            0.0, 
            0.0, 
            0.0, 
            0.0, 
            0.0
        ], 
        [
            0.0, 
            0.0, 
            0.0, 
            0.0, 
            0.0
        ], 
        [
            0.0, 
            0.0
        ]
    ], 
    "input width" : 4, 
    "output width" : 2, 
    "hidden width" : 5, 
    "hidden length" : 2, 
    "hidden layer details" : {
        "items" : 3, 
        "0" : "is shallow", 
        "1" : "probabilities", 
        "2" : "width", 
        "is shallow" : true, 
        "probabilities" : {
            "2" : 0.85, 
            "3" : 0.12, 
            "1" : 0.03
        }, 
        "width" : {
            "no change" : 0.6, 
            "decrease" : 0.35, 
            "increase" : 0.05
        }
    }, 
    "weight range" : 1.0, 
    "activation function" : 2, 
    "learning rate" : 0.05, 
    "momentum active" : true, 
    "momentum" : 0.001, 
    "accuracy requirement" : 0.985, 
    "epochs" : 10, 
    "batch size" : 40, 
    "accuracy sample size" : 150, 
    "fitness sample size" : 15, 
    "allow testing" : false, 
    "show output" : true, 
    "use bias" : true, 
    "clear bias" : false, 
    "bias value" : 1.0, 
    "child" : null
}