{
    "child iterations" : 15, 
    "is fertile" : false, 
    "is classifier" : false, 
    "is child" : false, 
    "weights" : [
        [
            -0.384588, 
            0.010331, 
            0.975091, 
            1.046224, 
            0.830143, 
            -0.072376, 
            0.120629, 
            -0.710254, 
            -0.268663, 
            0.660724, 
            0.39653664305458625, 
            1.0869, 
            0.561059, 
            0.89671, 
            -0.634189, 
            -1.075482, 
            -0.705434, 
            0.378282, 
            -0.262806, 
            0.216658, 
            0.023602, 
            0.19922404043202202, 
            0.519934, 
            0.99292, 
            -0.609059, 
            0.096632, 
            0.575651, 
            0.718742, 
            -1.126146, 
            0.185918, 
            -0.638995, 
            -0.117821, 
            -0.49367069865820845, 
            0.202418, 
            0.917043, 
            1.036059, 
            0.14574, 
            0.820478, 
            0.79009, 
            0.862642, 
            0.160664, 
            -0.913222, 
            0.457058, 
            0.9691687397009798, 
            0.40342, 
            -0.122566, 
            0.181722, 
            -0.876497, 
            0.999635, 
            0.553349, 
            0.17893, 
            -0.901058, 
            0.102049, 
            0.188055, 
            0.8486886104035332, 
            0.028281, 
            0.633471, 
            -0.743295, 
            1.033282, 
            0.887581, 
            0.495573, 
            0.615849, 
            1.048661, 
            -0.961686, 
            -0.246638, 
            0.3410775772098764, 
            0.845259, 
            -0.410607, 
            -0.537379, 
            0.338155, 
            0.689449, 
            0.283856, 
            0.138309, 
            0.844622, 
            -0.669321, 
            0.209977, 
            -0.18088504895708168, 
            -0.207754, 
            -0.659803, 
            -0.446674, 
            0.400847, 
            0.762873, 
            1.070408, 
            -0.597233, 
            0.32857, 
            0.976499, 
            -0.186313, 
            -0.5281934762971048, 
            -0.078541, 
            0.982519, 
            0.878431, 
            1.107363, 
            0.876674, 
            1.062479, 
            1.114058, 
            -0.740814, 
            -0.223846, 
            0.732253, 
            0.1903742422906043, 
            0.88067, 
            0.325748, 
            1.007945, 
            0.195411, 
            -0.518372, 
            0.953103, 
            -0.396247, 
            0.557156, 
            0.022624, 
            -0.36481, 
            -0.06009940213075171, 
            0.156272, 
            -0.840631, 
            -0.576561, 
            0.485724, 
            -0.906003, 
            0.084749, 
            -0.024008, 
            -1.121053, 
            0.608658, 
            0.685484, 
            -0.1712865659195446
        ], 
        [
            0.218269, 
            0.34259, 
            -0.682296, 
            -0.401888, 
            0.279772, 
            -0.57368, 
            -0.840944, 
            0.330787, 
            -0.599606, 
            0.985639, 
            0.6782908293745595, 
            0.363184, 
            0.501238, 
            -0.382072, 
            -0.829093, 
            0.193091, 
            0.327913, 
            -0.720069, 
            -0.502333, 
            0.484547, 
            -0.360818, 
            -0.4166102613634659, 
            0.017168, 
            -0.360458, 
            0.714213, 
            -0.516055, 
            0.036732, 
            0.550138, 
            -0.305049, 
            -0.096983, 
            -0.655618, 
            0.63981, 
            -0.40846466670154946, 
            0.037612, 
            -0.864786, 
            -1.072306, 
            -0.03966, 
            0.588407, 
            -0.390777, 
            -0.906854, 
            0.04494, 
            0.559361, 
            -0.879296, 
            0.4722745087203797, 
            0.111598, 
            -0.750346, 
            -0.105954, 
            0.898932, 
            0.475502, 
            1.015601, 
            -1.014086, 
            -0.681687, 
            -0.409367, 
            -0.450171, 
            -0.16604736304602508, 
            0.258674, 
            0.136787, 
            0.776394, 
            0.268805, 
            -0.080375, 
            0.585694, 
            0.658889, 
            0.224176, 
            -0.530893, 
            1.283688, 
            -0.8019887934624055, 
            -0.22357, 
            1.126003, 
            -0.716657, 
            0.720334, 
            1.079954, 
            -0.716473, 
            -1.117108, 
            -0.787033, 
            -0.691822, 
            0.479424, 
            -0.2794641409606222, 
            -0.830044, 
            -0.382832, 
            0.873145, 
            -1.298382, 
            0.198885, 
            1.008063, 
            -0.202215, 
            -0.306641, 
            0.356181, 
            -1.009315, 
            0.6629486551602897, 
            -0.583139, 
            -0.009848, 
            0.597701, 
            -0.215755, 
            -0.650757, 
            -1.136481, 
            0.298904, 
            -0.672384, 
            -1.174918, 
            -0.318278, 
            0.8734619221456763, 
            -0.513377, 
            1.025145, 
            -0.212074, 
            0.398447, 
            0.310147, 
            0.423953, 
            0.792846, 
            -0.708641, 
            -0.487875, 
            -0.716054, 
            0.53111947371702, 
            0.159931, 
            -0.689623, 
            -0.422793, 
            -0.160538, 
            -0.236011, 
            -1.177461, 
            -0.069535, 
            -0.463013, 
            1.099996, 
            1.022503, 
            0.48754738720741386
        ], 
        [
            0.339678, 
            0.206317, 
            -0.703962, 
            -1.002023, 
            -0.004947, 
            1.318934, 
            0.753257, 
            -0.010714, 
            0.639543, 
            0.55989, 
            0.475751
        ]
    ],