{
    "child iterations" : 15, 
    "is fertile" : false, 
    "is classifier" : false, 
    "is child" : false, 
    "weights" : [
        [
            -2.897195, 
            11.281153, 
            -3.553608, 
            0.606505, 
            0.511069, 
            0.37456390043704224, 
            1.882892, 
            8.630536, 
            -5.516877, 
            0.619245, 
            -3.155214, 
            -0.5884556682752324, 
            4.235464, 
            10.219914, 
            -0.294392, 
            -1.740606, 
            -1.691201, 
            0.7791584271941878, 
            0.87227, 
            -0.06751, 
            -0.478506, 
            0.278368, 
            -3.001786, 
            0.6694950132958104, 
            3.024173, 
            2.510127, 
            3.189684, 
            -3.902867, 
            -3.140791, 
            -0.4812625605175318
        ], 
        [
            -0.442034, 
            -2.300077, 
            1.314897, 
            -1.715719, 
            1.567464, 
            -0.09254456630292074, 
            -2.051516, 
            -6.154772, 
            5.993965, 
            -1.9329, 
            -1.26616, 
            0.2902168283877402, 
            2.697894, 
            2.72147, 
            2.725115, 
            1.482198, 
            3.084713, 
            -0.6254238215711803, 
            -0.007774, 
            0.259889, 
            1.244717, 
            -2.502866, 
            3.104779, 
            0.8472503334487766, 
            -0.27775, 
            2.348646, 
            1.842672, 
            -2.167042, 
            1.219566, 
            -0.8206340216501837, 
            -1.798977, 
            -0.791624, 
            1.495276, 
            0.805852, 
            2.060688, 
            -0.533294328532494
        ], 
        [
            0.280675, 
            2.986374, 
            -3.693779, 
            4.134166, 
            5.122023, 
            -3.114272, 
            -0.916262, 
            0.832987, 
            -2.561921, 
            -0.873736, 
            3.01967, 
            -0.923187
        ]
    ], 
    "momentum weights" : [
        [
            -2.897195, 
            11.281153, 
            -3.553608, 
            0.606505, 
            0.511069, 
            0.37456390043704224, 
            1.882892, 
            8.630536, 
            -5.516877, 
            0.619245, 
            -3.155214, 
            -0.5884556682752324, 
            4.235464, 
            10.219914, 
            -0.294392, 
            -1.740606, 
            -1.691201, 
            0.7791584271941878, 
            0.87227, 
            -0.06751, 
            -0.478506, 
            0.278368, 
            -3.001786, 
            0.6694950132958104, 
            3.024173, 
            2.510127, 
            3.189684, 
            -3.902867, 
            -3.140791, 
            -0.4812625605175318
        ], 
        [
            -0.442034, 
            -2.300077, 
            1.314897, 
            -1.715719, 
            1.567464, 
            -0.09254456630292074, 
            -2.051516, 
            -6.154772, 
            5.993965, 
            -1.9329, 
            -1.26616, 
            0.2902168283877402, 
            2.697894, 
            2.72147, 
            2.725115, 
            1.482198, 
            3.084713, 
            -0.6254238215711803, 
            -0.007774, 
            0.259889, 
            1.244717, 
            -2.502866, 
            3.104779, 
            0.8472503334487766, 
            -0.27775, 
            2.348646, 
            1.842672, 
            -2.167042, 
            1.219566, 
            -0.8206340216501837, 
            -1.798977, 
            -0.791624, 
            1.495276, 
            0.805852, 
            2.060688, 
            -0.533294328532494
        ], 
        [
            0.280675, 
            2.986374, 
            -3.693779, 
            4.134166, 
            5.122023, 
            -3.114272, 
            -0.916262, 
            0.832987, 
            -2.561921, 
            -0.873736, 
            3.01967, 
            -0.923187
        ]
    ], 
    "nodes" : [
        [
            0.09854545716778802, 
            0.7873802138096967, 
            -0.6903181338445301, 
            -0.2442056066268402, 
            1.0
        ], 
        [
            0.794820914568076, 
            0.997678858307904, 
            -0.8288057351205573, 
            -0.9767717036646683, 
            -0.9987137417644625, 
            0.7615941559557649
        ], 
        [
            -0.9999784539070591, 
            -0.9999999999956464, 
            0.9933204884276959, 
            0.605736057738814, 
            -0.9999455033225679, 
            0.7615941559557649
        ], 
        [
            0.9999999999849818, 
            -0.9999999896306848
        ]
    ], 
    "pre activation nodes" : [
        [
            0.0, 
            0.0, 
            0.0, 
            0.0, 
            0.0
        ], 
        [
            1.0843886708232544, 
            3.378841020708839, 
            -1.1843097327135648, 
            -2.221924567626773, 
            -3.6742608563161046, 
            1.0
        ], 
        [
            -5.719226233677389, 
            -13.426578618929167, 
            2.8492561236832294, 
            0.7021584720809901, 
            -5.255245377276371, 
            1.0
        ], 
        [
            12.807451912528169, 
            -9.538781017662544
        ]
    ], 
    "average nodes" : [
        [
            0.0, 
            0.0, 
            0.0, 
            0.0, 
            0.0
        ], 
        [
            0.0, 
            0.0, 
            0.0, 
            0.0, 
            0.0, 
            0.0
        ], 
        [
            0.0, 
            0.0, 
            0.0, 
            0.0, 
            0.0, 
            0.0
        ], 
        [
            0.0, 
            0.0
        ]
    ], 
    "input width" : 4, 
    "output width" : 2, 
    "hidden width" : 5, 
    "hidden length" : 2, 
    "hidden layer details" : {
        "items" : 3, 
        "0" : "is shallow", 
        "1" : "probabilities", 
        "2" : "width", 
        "is shallow" : true, 
        "probabilities" : {
            "2" : 0.85, 
            "3" : 0.12, 
            "1" : 0.03
        }, 
        "width" : {
            "no change" : 0.6, 
            "decrease" : 0.35, 
            "increase" : 0.05
        }
    }, 
    "weight range" : 1.0, 
    "activation function" : 2, 
    "learning rate" : 0.05, 
    "momentum active" : true, 
    "momentum" : 0.001, 
    "accuracy requirement" : 0.985, 
    "epochs" : 10, 
    "batch size" : 40, 
    "accuracy sample size" : 150, 
    "fitness sample size" : 15, 
    "allow testing" : false, 
    "show output" : true, 
    "use bias" : true, 
    "clear bias" : false, 
    "bias value" : 1.0, 
    "child" : null
}