{
    "child iterations" : 15, 
    "is fertile" : false, 
    "is classifier" : false, 
    "is child" : false, 
    "weights" : [
        [
            7.723595, 
            -3.960139, 
            -4.311763, 
            -8.24585, 
            1.130305, 
            -0.477999047824307, 
            9.994734, 
            -8.273914, 
            -1.142084, 
            2.51439, 
            -3.475286, 
            -0.5818190428782588, 
            9.947622, 
            -2.495678, 
            3.162472, 
            -8.570796, 
            4.230078, 
            0.5021154654595561, 
            -0.755271, 
            -3.12982, 
            -0.929794, 
            -1.39743, 
            2.128962, 
            0.13961204936600424, 
            3.025202, 
            -0.498518, 
            4.237973, 
            -0.650821, 
            -3.095637, 
            -0.27369632832758284
        ], 
        [
            4.256926, 
            2.81079, 
            -4.899249, 
            -5.622243, 
            -6.470793, 
            0.7317348142837132, 
            -1.308454, 
            -0.163746, 
            3.615976, 
            -2.854274, 
            4.209219, 
            -0.7801695989523778, 
            -0.617638, 
            -2.583102, 
            1.104181, 
            -0.003334, 
            -5.717045, 
            -0.3619249102246547, 
            5.604091, 
            0.118269, 
            4.173635, 
            -1.447714, 
            5.639033, 
            -0.6349945292362535, 
            2.569299, 
            -1.276294, 
            -1.659753, 
            6.781331, 
            -1.611438, 
            -0.8417803478878791, 
            -0.276513, 
            -3.200802, 
            -0.679727, 
            1.166115, 
            -0.819402, 
            -0.25193977144009083
        ], 
        [
            -3.203042, 
            -2.364078, 
            4.500882, 
            4.194744, 
            -4.385626, 
            7.901332, 
            -6.186994, 
            0.275129, 
            -5.45173, 
            4.148009, 
            2.857558, 
            0.453798
        ]
    ], 
    "momentum weights" : [
        [
            7.723595, 
            -3.960139, 
            -4.311763, 
            -8.24585, 
            1.130305, 
            -0.477999047824307, 
            9.994734, 
            -8.273914, 
            -1.142084, 
            2.51439, 
            -3.475286, 
            -0.5818190428782588, 
            9.947622, 
            -2.495678, 
            3.162472, 
            -8.570796, 
            4.230078, 
            0.5021154654595561, 
            -0.755271, 
            -3.12982, 
            -0.929794, 
            -1.39743, 
            2.128962, 
            0.13961204936600424, 
            3.025202, 
            -0.498518, 
            4.237973, 
            -0.650821, 
            -3.095637, 
            -0.27369632832758284
        ], 
        [
            4.256926, 
            2.81079, 
            -4.899249, 
            -5.622243, 
            -6.470793, 
            0.7317348142837132, 
            -1.308454, 
            -0.163746, 
            3.615976, 
            -2.854274, 
            4.209219, 
            -0.7801695989523778, 
            -0.617638, 
            -2.583102, 
            1.104181, 
            -0.003334, 
            -5.717045, 
            -0.3619249102246547, 
            5.604091, 
            0.118269, 
            4.173635, 
            -1.447714, 
            5.639033, 
            -0.6349945292362535, 
            2.569299, 
            -1.276294, 
            -1.659753, 
            6.781331, 
            -1.611438, 
            -0.8417803478878791, 
            -0.276513, 
            -3.200802, 
            -0.679727, 
            1.166115, 
            -0.819402, 
            -0.25193977144009083
        ], 
        [
            -3.203042, 
            -2.364078, 
            4.500882, 
            4.194744, 
            -4.385626, 
            7.901332, 
            -6.186994, 
            0.275129, 
            -5.45173, 
            4.148009, 
            2.857558, 
            0.453798
        ]
    ], 
    "nodes" : [
        [
            -0.315867281079405, 
            -0.3604343547355069, 
            -0.059504167833372805, 
            0.7213453722141902, 
            1.0
        ], 
        [
            -0.999506664378978, 
            0.925401580971597, 
            0.9999330958041717, 
            0.5001222087720539, 
            -0.7240192666891172, 
            0.7615941559557649
        ], 
        [
            -0.9999550327386926, 
            -0.9999983314969288, 
            0.9999999999404307, 
            -0.9437141033364299, 
            0.9999997789544958, 
            0.7615941559557649
        ], 
        [
            -0.9961100399486079, 
            0.9999999977580861
        ]
    ], 
    "pre activation nodes" : [
        [
            0.0, 
            0.0, 
            0.0, 
            0.0, 
            0.0
        ], 
        [
            -4.1536106625000535, 
            1.6253852620602298, 
            5.152681301393662, 
            0.5494691026415256, 
            -0.9160412851495074, 
            1.0
        ], 
        [
            -5.351350278074343, 
            -6.998365022188052, 
            12.11851365267361, 
            -1.770955953783523, 
            8.00902216266578, 
            1.0
        ], 
        [
            -3.1202783487869814, 
            10.304541562708216
        ]
    ], 
    "average nodes" : [
        [
            0.0, 
            0.0, 
            0.0, 
            0.0, 
            0.0
        ], 
        [
            0.0, 
            0.0, 
            0.0, 
            0.0, 
            0.0, 
            0.0
        ], 
        [
            0.0, 
            0.0, 
            0.0, 
            0.0, 
            0.0, 
            0.0
        ], 
        [
            0.0, 
            0.0
        ]
    ], 
    "input width" : 4, 
    "output width" : 2, 
    "hidden width" : 6, 
    "hidden length" : 2, 
    "hidden layer details" : {
        "items" : 3, 
        "0" : "is shallow", 
        "1" : "probabilities", 
        "2" : "width", 
        "is shallow" : true, 
        "probabilities" : {
            "2" : 0.85, 
            "3" : 0.12, 
            "1" : 0.03
        }, 
        "width" : {
            "no change" : 0.6, 
            "decrease" : 0.35, 
            "increase" : 0.05
        }
    }, 
    "weight range" : 1.0, 
    "activation function" : 2, 
    "learning rate" : 0.05, 
    "momentum active" : true, 
    "momentum" : 0.001, 
    "accuracy requirement" : 0.985, 
    "epochs" : 10, 
    "batch size" : 40, 
    "accuracy sample size" : 150, 
    "fitness sample size" : 15, 
    "allow testing" : false, 
    "show output" : true, 
    "use bias" : true, 
    "clear bias" : false, 
    "bias value" : 1.0, 
    "child" : null
}