{
    "child iterations" : 15, 
    "is fertile" : false, 
    "is classifier" : false, 
    "is child" : false, 
    "weights" : [
        [
            3.756463, 
            3.919913, 
            6.679751, 
            4.278723, 
            -0.623158962246025, 
            2.15988, 
            7.389443, 
            1.040083, 
            5.680271, 
            -0.8885598148142027, 
            6.384615, 
            6.694607, 
            2.816338, 
            4.565208, 
            0.8238376845336186, 
            -2.775792, 
            -0.388252, 
            1.122659, 
            0.138297, 
            0.659832822024796, 
            3.608258, 
            0.230901, 
            0.543297, 
            0.402139, 
            -0.3805620068636131
        ], 
        [
            3.467691, 
            0.554122, 
            2.689934, 
            2.429761, 
            0.5285676995474753, 
            0.695934, 
            -2.268587, 
            -0.292291, 
            4.92421, 
            0.3846458656559941, 
            3.332451, 
            0.466686, 
            1.719816, 
            1.597326, 
            0.575361042723251, 
            2.122222, 
            -1.039743, 
            1.961718, 
            3.129115, 
            0.706369941328358, 
            1.41808, 
            0.73209, 
            -1.055557, 
            1.597341, 
            -0.20820267788822533
        ], 
        [
            4.547248, 
            -2.996268, 
            -1.976995, 
            1.060661, 
            0.039936, 
            -0.98882, 
            4.687886, 
            -5.177562, 
            3.487141, 
            -4.145788
        ]
    ], 
    "momentum weights" : [
        [
            3.756463, 
            3.919913, 
            6.679751, 
            4.278723, 
            -0.623158962246025, 
            2.15988, 
            7.389443, 
            1.040083, 
            5.680271, 
            -0.8885598148142027, 
            6.384615, 
            6.694607, 
            2.816338, 
            4.565208, 
            0.8238376845336186, 
            -2.775792, 
            -0.388252, 
            1.122659, 
            0.138297, 
            0.659832822024796, 
            3.608258, 
            0.230901, 
            0.543297, 
            0.402139, 
            -0.3805620068636131
        ], 
        [
            3.467691, 
            0.554122, 
            2.689934, 
            2.429761, 
            0.5285676995474753, 
            0.695934, 
            -2.268587, 
            -0.292291, 
            4.92421, 
            0.3846458656559941, 
            3.332451, 
            0.466686, 
            1.719816, 
            1.597326, 
            0.575361042723251, 
            2.122222, 
            -1.039743, 
            1.961718, 
            3.129115, 
            0.706369941328358, 
            1.41808, 
            0.73209, 
            -1.055557, 
            1.597341, 
            -0.20820267788822533
        ], 
        [
            4.547248, 
            -2.996268, 
            -1.976995, 
            1.060661, 
            0.039936, 
            -0.98882, 
            4.687886, 
            -5.177562, 
            3.487141, 
            -4.145788
        ]
    ], 
    "nodes" : [
        [
            0.6711449566954402, 
            0.6464544036041564, 
            -0.7527731707842419, 
            0.2658464951762641, 
            1.0
        ], 
        [
            0.9627007443842569, 
            0.9865057080660341, 
            0.9991425545915777, 
            0.9983379785002838, 
            0.7615941559557649
        ], 
        [
            0.9999999986365066, 
            -0.9377055771827467, 
            0.999935907300838, 
            0.9999999999921729, 
            0.7615941559557649
        ], 
        [
            0.9999999999978728, 
            -0.9999999999945534
        ]
    ], 
    "pre activation nodes" : [
        [
            0.0, 
            0.0, 
            0.0, 
            0.0, 
            0.0
        ], 
        [
            1.9815516823946235, 
            2.4959328361772446, 
            3.8771357052630844, 
            3.5460182354555734, 
            1.0
        ], 
        [
            10.553181437709654, 
            -1.718693979778747, 
            5.174147615925082, 
            13.133290290510683, 
            1.0
        ], 
        [
            13.784692878313276, 
            -13.314582267563065
        ]
    ], 
    "average nodes" : [
        [
            0.0, 
            0.0, 
            0.0, 
            0.0, 
            0.0
        ], 
        [
            0.0, 
            0.0, 
            0.0, 
            0.0, 
            0.0
        ], 
        [
            0.0, 
            0.0, 
            0.0, 
            0.0, 
            0.0
        ], 
        [
            0.0, 
            0.0
        ]
    ], 
    "input width" : 4, 
    "output width" : 2, 
    "hidden width" : 4, 
    "hidden length" : 2, 
    "hidden layer details" : {
        "items" : 3, 
        "0" : "is shallow", 
        "1" : "probabilities", 
        "2" : "width", 
        "is shallow" : true, 
        "probabilities" : {
            "2" : 0.85, 
            "3" : 0.12, 
            "1" : 0.03
        }, 
        "width" : {
            "no change" : 0.6, 
            "decrease" : 0.35, 
            "increase" : 0.05
        }
    }, 
    "weight range" : 1.0, 
    "activation function" : 2, 
    "learning rate" : 0.05, 
    "momentum active" : true, 
    "momentum" : 0.001, 
    "accuracy requirement" : 0.985, 
    "epochs" : 10, 
    "batch size" : 40, 
    "accuracy sample size" : 150, 
    "fitness sample size" : 15, 
    "allow testing" : false, 
    "show output" : true, 
    "use bias" : true, 
    "clear bias" : false, 
    "bias value" : 1.0, 
    "child" : null
}