{
    "child iterations" : 15, 
    "is fertile" : false, 
    "is classifier" : false, 
    "is child" : false, 
    "weights" : [
        [
            0.838014, 
            -0.826886, 
            -0.404022, 
            -0.781619, 
            -0.846881, 
            0.95098, 
            0.89888, 
            -0.145497, 
            0.156517, 
            0.256695, 
            -0.858645, 
            0.7179391450597497, 
            0.931615, 
            -0.429714, 
            -0.555133, 
            -0.362796, 
            0.418734, 
            -0.387428, 
            -0.110842, 
            0.523457, 
            -0.313334, 
            0.135961, 
            0.307484, 
            -0.5097396189859933, 
            1.020325, 
            -0.790056, 
            0.757244, 
            -0.924539, 
            0.919009, 
            -0.158081, 
            0.196281, 
            0.062764, 
            0.947771, 
            -0.571842, 
            0.357192, 
            0.6642848807486088, 
            0.077491, 
            0.0119, 
            -0.736567, 
            0.339468, 
            -0.21393, 
            0.999233, 
            0.027698, 
            -0.384738, 
            1.011919, 
            -0.075746, 
            1.040248, 
            -0.3209361641016233, 
            0.515584, 
            -0.638627, 
            -0.740314, 
            0.649707, 
            -0.777113, 
            0.170061, 
            0.209596, 
            -1.066534, 
            -0.0228, 
            -0.032109, 
            0.385614, 
            -0.422257716765837, 
            -0.978442, 
            1.071789, 
            0.055145, 
            -0.771685, 
            -0.16425, 
            -0.840423, 
            -0.871712, 
            0.199721, 
            -0.058803, 
            0.510737, 
            0.543218, 
            0.6651356333288247, 
            0.583021, 
            -0.869515, 
            0.453024, 
            0.960667, 
            0.054615, 
            -0.005705, 
            0.106963, 
            1.052403, 
            -0.058317, 
            1.021737, 
            0.728219, 
            -0.4195856661505555, 
            -0.872615, 
            -0.074761, 
            0.190427, 
            -0.529477, 
            0.782116, 
            0.236938, 
            -0.898458, 
            0.205725, 
            0.467364, 
            0.214665, 
            0.872446, 
            -0.0617053164471868, 
            -0.102947, 
            -0.197102, 
            -1.038049, 
            -0.09357, 
            0.56796, 
            -0.065433, 
            -0.74868, 
            -0.406265, 
            -0.792949, 
            0.719356, 
            0.114224, 
            -0.3852049646944926, 
            -0.414455, 
            0.769108, 
            0.027335, 
            0.069385, 
            -0.198743, 
            -0.120896, 
            0.637651, 
            0.731549, 
            0.266218, 
            -0.997077, 
            -0.011724, 
            0.7506548975311667, 
            1.090779, 
            -0.953653, 
            -0.351766, 
            -0.802723, 
            0.751069, 
            0.14703, 
            0.975883, 
            -0.943004, 
            -0.567813, 
            0.341611, 
            -0.048874, 
            -0.9495311593228968
        ], 
        [
            0.0825, 
            -0.947501, 
            -1.027051, 
            0.211674, 
            1.060945, 
            -0.738226, 
            -0.680896, 
            0.327706, 
            -0.316525, 
            0.828607, 
            0.9974201429930039, 
            1.038723, 
            -1.038697, 
            -0.316879, 
            0.466193, 
            0.799145, 
            -0.01845, 
            0.789329, 
            -0.263157, 
            1.036074, 
            -1.068599, 
            -0.29025093335754204, 
            -0.023939, 
            0.217576, 
            0.009582, 
            -0.7545, 
            0.586398, 
            0.83131, 
            -0.330091, 
            0.123194, 
            0.509516, 
            0.229997, 
            -0.4769708818994154, 
            0.655795, 
            0.138873, 
            0.367286, 
            0.689478, 
            0.5967, 
            0.48285, 
            -0.492991, 
            0.701988, 
            -0.889244, 
            0.821231, 
            0.31704324865520683, 
            0.245876, 
            0.410272, 
            0.160961, 
            0.36399, 
            -0.957797, 
            -0.603867, 
            -0.910789, 
            0.470405, 
            -0.763274, 
            -0.549519, 
            -0.12024444967124492, 
            0.162775, 
            0.862321, 
            0.973142, 
            -0.062942, 
            -0.837174, 
            0.016666, 
            1.070524, 
            0.249133, 
            0.334159, 
            0.325617, 
            -0.1493877723187742, 
            0.643594, 
            0.619951, 
            -0.358811, 
            1.040437, 
            0.808673, 
            1.041757, 
            -0.250977, 
            -0.534465, 
            -0.542001, 
            0.599556, 
            -0.2890380865586999, 
            0.000514, 
            -0.257096, 
            -0.300662, 
            0.068147, 
            -0.698383, 
            0.390439, 
            0.082742, 
            -0.193875, 
            0.02829, 
            0.102587, 
            -0.05481545883383032, 
            -0.553688, 
            0.437591, 
            0.236561, 
            -0.872038, 
            -0.654195, 
            1.077046, 
            -0.205718, 
            -0.692394, 
            1.0431, 
            -0.895128, 
            -0.814142662133911, 
            0.469384, 
            0.079865, 
            0.481513, 
            0.923521, 
            -0.076424, 
            0.681299, 
            -1.072298, 
            -0.874383, 
            0.370595, 
            0.956082, 
            0.9284067172316202, 
            -0.345991, 
            0.89155, 
            0.578944, 
            -0.957191, 
            -0.528974, 
            0.537152, 
            0.725867, 
            -0.267152, 
            -0.428182, 
            -1.035888, 
            0.490986673508939, 
            -0.038067, 
            0.114951, 
            0.398684, 
            0.096444, 
            0.966658, 
            -0.327296, 
            -0.678774, 
            0.011168, 
            -0.398739, 
            -0.286519, 
            0.5197379852292623
        ], 
        [
            -0.234303, 
            0.627441, 
            0.12449, 
            -0.610199, 
            -0.203284, 
            0.244984, 
            -0.760004, 
            0.182434, 
            0.548555, 
            0.118753, 
            0.844033
        ]
    ],