{
    "child iterations" : 15, 
    "is fertile" : false, 
    "is classifier" : false, 
    "is child" : false, 
    "weights" : [
        [
            -3.53027, 
            -1.350059, 
            -3.0847, 
            1.833995, 
            1.531946, 
            3.075169, 
            -0.7621658269544511, 
            -3.313128, 
            1.716571, 
            -1.204631, 
            3.350129, 
            2.368805, 
            1.663581, 
            -0.35310702372634806, 
            -5.560832, 
            -2.15711, 
            -0.295188, 
            2.981227, 
            1.318506, 
            -0.921154, 
            0.28761035420552306, 
            0.74892, 
            1.40673, 
            -0.941155, 
            -0.099992, 
            -1.863193, 
            0.42431, 
            0.7268865336798571, 
            -2.504705, 
            1.687771, 
            0.060343, 
            0.936194, 
            -1.253129, 
            0.487571, 
            -0.8497106055344732
        ], 
        [
            -0.679448, 
            -3.738177, 
            -1.72642, 
            -0.536609, 
            0.266067, 
            1.530188, 
            0.06432213135376919, 
            0.997644, 
            1.620004, 
            0.031736, 
            0.256125, 
            1.836165, 
            0.088498, 
            -0.24121118460325874, 
            -2.540492, 
            1.362495, 
            -1.965854, 
            -2.820681, 
            -0.619451, 
            -1.460782, 
            0.919195507095504, 
            0.283927, 
            2.930354, 
            -0.215925, 
            -0.363939, 
            1.779903, 
            -2.175645, 
            -0.191017499834913, 
            -0.049067, 
            -0.047922, 
            0.738834, 
            -2.349097, 
            1.913919, 
            -1.912766, 
            0.24147171118893973, 
            -1.296834, 
            0.695522, 
            2.494145, 
            -1.337597, 
            2.038372, 
            -1.933412, 
            0.8299151181213118, 
            -0.734234, 
            -0.366296, 
            0.467043, 
            -1.407258, 
            0.50383, 
            0.42403, 
            0.7702359361002649
        ], 
        [
            0.837224, 
            -1.358401, 
            2.270932, 
            -2.412098, 
            1.277767, 
            -2.980412, 
            1.21424, 
            0.421955, 
            0.756894, 
            0.67658, 
            -2.723816, 
            1.183349, 
            -0.069697, 
            0.880572
        ]
    ], 
    "momentum weights" : [
        [
            -3.53027, 
            -1.350059, 
            -3.0847, 
            1.833995, 
            1.531946, 
            3.075169, 
            -0.7621658269544511, 
            -3.313128, 
            1.716571, 
            -1.204631, 
            3.350129, 
            2.368805, 
            1.663581, 
            -0.35310702372634806, 
            -5.560832, 
            -2.15711, 
            -0.295188, 
            2.981227, 
            1.318506, 
            -0.921154, 
            0.28761035420552306, 
            0.74892, 
            1.40673, 
            -0.941155, 
            -0.099992, 
            -1.863193, 
            0.42431, 
            0.7268865336798571, 
            -2.504705, 
            1.687771, 
            0.060343, 
            0.936194, 
            -1.253129, 
            0.487571, 
            -0.8497106055344732
        ], 
        [
            -0.679448, 
            -3.738177, 
            -1.72642, 
            -0.536609, 
            0.266067, 
            1.530188, 
            0.06432213135376919, 
            0.997644, 
            1.620004, 
            0.031736, 
            0.256125, 
            1.836165, 
            0.088498, 
            -0.24121118460325874, 
            -2.540492, 
            1.362495, 
            -1.965854, 
            -2.820681, 
            -0.619451, 
            -1.460782, 
            0.919195507095504, 
            0.283927, 
            2.930354, 
            -0.215925, 
            -0.363939, 
            1.779903, 
            -2.175645, 
            -0.191017499834913, 
            -0.049067, 
            -0.047922, 
            0.738834, 
            -2.349097, 
            1.913919, 
            -1.912766, 
            0.24147171118893973, 
            -1.296834, 
            0.695522, 
            2.494145, 
            -1.337597, 
            2.038372, 
            -1.933412, 
            0.8299151181213118, 
            -0.734234, 
            -0.366296, 
            0.467043, 
            -1.407258, 
            0.50383, 
            0.42403, 
            0.7702359361002649
        ], 
        [
            0.837224, 
            -1.358401, 
            2.270932, 
            -2.412098, 
            1.277767, 
            -2.980412, 
            1.21424, 
            0.421955, 
            0.756894, 
            0.67658, 
            -2.723816, 
            1.183349, 
            -0.069697, 
            0.880572
        ]
    ], 
    "nodes" : [
        [
            -0.22973411505094868, 
            0.029964340104846842, 
            -0.6301522820772395, 
            0.4579703028815115, 
            1.0
        ], 
        [
            0.9676631263400313, 
            0.9993966265978446, 
            0.45254826172231444, 
            -0.864066054045103, 
            -0.9968010287340795, 
            0.5411189884178556, 
            0.7615941559557649
        ], 
        [
            -0.9787730965755748, 
            -0.9989346523155809, 
            -0.8793946140287484, 
            -0.591057319687902, 
            -0.14579907139644363, 
            0.9992897711830497, 
            0.7615941559557649
        ], 
        [
            -0.9999996739157857, 
            0.9999997052576273
        ]
    ], 
    "pre activation nodes" : [
        [
            0.0, 
            0.0, 
            0.0, 
            0.0, 
            0.0
        ], 
        [
            2.054196854420184, 
            4.052909880253829, 
            0.4879002031461869, 
            -1.3091731775477649, 
            -3.2182362073230237, 
            0.6057365524890821, 
            1.0
        ], 
        [
            -2.267481438419223, 
            -3.768534216825938, 
            -1.3730905235306314, 
            -0.6792895274314799, 
            -0.14684555301147234, 
            3.9713576827689185, 
            1.0
        ], 
        [
            -7.814628590119144, 
            7.86515560401277
        ]
    ], 
    "average nodes" : [
        [
            0.0, 
            0.0, 
            0.0, 
            0.0, 
            0.0
        ], 
        [
            0.0, 
            0.0, 
            0.0, 
            0.0, 
            0.0, 
            0.0, 
            0.0
        ], 
        [
            0.0, 
            0.0, 
            0.0, 
            0.0, 
            0.0, 
            0.0, 
            0.0
        ], 
        [
            0.0, 
            0.0
        ]
    ], 
    "input width" : 4, 
    "output width" : 2, 
    "hidden width" : 6, 
    "hidden length" : 2, 
    "hidden layer details" : {
        "items" : 3, 
        "0" : "is shallow", 
        "1" : "probabilities", 
        "2" : "width", 
        "is shallow" : true, 
        "probabilities" : {
            "2" : 0.85, 
            "3" : 0.12, 
            "1" : 0.03
        }, 
        "width" : {
            "no change" : 0.6, 
            "decrease" : 0.35, 
            "increase" : 0.05
        }
    }, 
    "weight range" : 1.0, 
    "activation function" : 2, 
    "learning rate" : 0.05, 
    "momentum active" : true, 
    "momentum" : 0.001, 
    "accuracy requirement" : 0.985, 
    "epochs" : 10, 
    "batch size" : 40, 
    "accuracy sample size" : 150, 
    "fitness sample size" : 15, 
    "allow testing" : false, 
    "show output" : true, 
    "use bias" : true,