{
    "child iterations" : 15, 
    "is fertile" : false, 
    "is classifier" : false, 
    "is child" : false, 
    "weights" : [
        [
            -1.06558, 
            -0.069926, 
            -0.393188, 
            -0.769665, 
            -0.233572, 
            0.07235, 
            -0.477121, 
            0.522275, 
            0.418506, 
            -0.11963, 
            0.153999, 
            0.926309, 
            -0.14605267422892054, 
            -0.704882, 
            0.92385, 
            -0.076073, 
            -0.933294, 
            -0.784612, 
            -0.679954, 
            -0.382205, 
            -0.461704, 
            -1.007613, 
            -0.940424, 
            -0.840895, 
            -0.0552, 
            0.30779903361130256, 
            -0.581695, 
            -0.133967, 
            0.815845, 
            -0.194693, 
            0.189345, 
            0.695948, 
            -1.004724, 
            -1.073398, 
            0.047454, 
            0.317014, 
            0.455315, 
            0.38243, 
            -0.9899201560050495, 
            0.43847, 
            0.614093, 
            0.076197, 
            -0.309883, 
            -0.239122, 
            0.901565, 
            -0.399863, 
            -0.058889, 
            0.944534, 
            -0.847261, 
            0.412853, 
            -0.946176, 
            0.5103749411970677, 
            -0.486641, 
            0.695452, 
            -0.473471, 
            0.909891, 
            0.926739, 
            0.622053, 
            0.683026, 
            -0.333794, 
            -0.702428, 
            -0.699044, 
            0.845727, 
            -0.232897, 
            0.732964167167441, 
            -0.403057, 
            0.20154, 
            0.65878, 
            -0.844524, 
            1.031838, 
            0.923429, 
            -1.052884, 
            0.26386, 
            0.984864, 
            0.289497, 
            -0.817367, 
            -0.718752, 
            0.006779043015784358, 
            0.977398, 
            1.077627, 
            -0.752203, 
            -1.021418, 
            0.901183, 
            -0.365501, 
            0.640633, 
            0.179987, 
            -0.529624, 
            -0.635652, 
            -0.708446, 
            -0.883113, 
            -0.05292628462930549, 
            -1.001235, 
            0.622298, 
            -0.850715, 
            1.05696, 
            -0.181657, 
            0.24657, 
            -0.315258, 
            0.217475, 
            -0.33076, 
            0.511085, 
            0.457662, 
            0.681475, 
            -0.1962334193574753, 
            0.638855, 
            -0.396251, 
            0.617243, 
            -0.346247, 
            1.006877, 
            0.443705, 
            -0.674272, 
            0.143911, 
            -0.659515, 
            0.210799, 
            -0.194061, 
            -0.939748, 
            0.02920153542020154, 
            -0.672967, 
            0.558404, 
            0.105003, 
            -0.024088, 
            0.101177, 
            0.094129, 
            0.325971, 
            0.276288, 
            -0.263301, 
            0.030615, 
            -0.304702, 
            -0.246047, 
            0.03951128785737423, 
            0.257526, 
            0.161297, 
            0.066813, 
            0.239605, 
            0.131393, 
            -0.614703, 
            -0.383735, 
            -0.948859, 
            -0.54437, 
            0.683609, 
            0.90602, 
            0.7548, 
            -0.03005744856727266
        ], 
        [
            1.002597, 
            -0.713792, 
            1.056991, 
            -0.555793, 
            -0.651207, 
            0.218975, 
            0.061738, 
            -0.785082, 
            0.857831, 
            -1.071917, 
            0.844665, 
            -0.9812279846833161, 
            0.741813, 
            -0.166334, 
            -0.244823, 
            0.965691, 
            0.592718, 
            0.24545, 
            -0.644474, 
            -0.258023, 
            -0.729153, 
            0.360093, 
            0.179929, 
            0.44006292672366865, 
            -0.386305, 
            1.049147, 
            0.311776, 
            -0.806737, 
            0.521237, 
            -0.163298, 
            0.800449, 
            0.274205, 
            0.999069, 
            -0.005089, 
            -0.845684, 
            -0.3903827220597931, 
            0.96279, 
            1.04388, 
            0.19603, 
            -0.238081, 
            -0.116527, 
            -0.539558, 
            0.073966, 
            0.351418, 
            0.498069, 
            -0.9077, 
            0.950427, 
            0.5980631937754972, 
            -0.069839, 
            0.512531, 
            0.449435, 
            -0.731864, 
            -0.128268, 
            -0.035978, 
            0.26642, 
            -0.832256, 
            0.671713, 
            -0.792376, 
            -0.104568, 
            -0.6066187565686136, 
            -0.105135, 
            -0.048538, 
            -0.059164, 
            -0.810122, 
            -0.541509, 
            0.727202, 
            0.128751, 
            -0.920626, 
            0.774778, 
            -0.600411, 
            0.980156, 
            -0.6036244328304174, 
            -1.029951, 
            -0.375739, 
            -0.671015, 
            -0.667391, 
            0.558211, 
            -0.814937, 
            -0.111703, 
            -0.115806, 
            0.122722, 
            -0.17221, 
            0.464593, 
            -0.2580580970099897, 
            1.056262, 
            -0.118139, 
            -0.61251, 
            0.617116, 
            -0.92569, 
            -1.024122, 
            -0.912709, 
            -0.325354, 
            -0.090961, 
            -0.98865, 
            0.290083, 
            0.919633056709722, 
            1.046535, 
            0.85699, 
            -0.699072, 
            0.477313, 
            0.430966, 
            1.024662, 
            -1.089635, 
            -0.051838, 
            0.798771, 
            -0.851296, 
            0.151338, 
            -0.1278645978383952, 
            -0.417257, 
            0.941089, 
            0.07557, 
            1.049288, 
            0.832509, 
            -0.39257, 
            -0.275927, 
            0.8363, 
            -0.718927, 
            -0.20256, 
            0.99305, 
            0.10056099419966857, 
            0.895603, 
            -0.475092, 
            -0.093091, 
            0.289739, 
            0.347198, 
            -0.378334, 
            -0.142555, 
            -0.475479, 
            0.847913, 
            0.2673, 
            0.864511, 
            -0.4011605835194316, 
            0.47424, 
            0.998596, 
            -0.386812, 
            -0.4761, 
            -0.264298, 
            -0.857619, 
            0.20947, 
            0.29395, 
            -0.723871, 
            0.923176, 
            -0.588355, 
            -0.796020518680185, 
            0.618404, 
            0.475036, 
            0.680472, 
            0.726739, 
            0.646615, 
            -0.585653, 
            0.34308, 
            -0.358785, 
            0.979154, 
            0.834688, 
            0.273133, 
            0.8999031537073701
        ], 
        [
            -0.041924, 
            -0.546629, 
            -0.609934, 
            0.931557, 
            0.111939, 
            0.617096, 
            0.818081, 
            0.150474, 
            0.685982, 
            0.465981, 
            -0.218535, 
            -0.449201
        ]
    ],