{
    "child iterations" : 15, 
    "is fertile" : false, 
    "is classifier" : false, 
    "is child" : false, 
    "weights" : [
        [
            2.464247, 
            1.08079, 
            -5.436948, 
            -2.863349, 
            -8.284082, 
            0.24196791227287062, 
            0.739721, 
            -1.967062, 
            -0.596591, 
            5.469394, 
            -6.851734, 
            0.40873876433244205, 
            -1.599374, 
            1.453835, 
            2.029845, 
            1.95638, 
            -9.970404, 
            0.8004162546212219, 
            3.091479, 
            -2.539381, 
            0.487025, 
            -1.201882, 
            -0.102977, 
            0.9335045434489357, 
            2.210444, 
            4.670159, 
            -1.389253, 
            -1.141345, 
            -1.859948, 
            -0.5252365445404912
        ], 
        [
            0.972914, 
            0.333814, 
            -1.854965, 
            1.16847, 
            -0.5003419850253257, 
            2.992595, 
            4.40863, 
            0.895039, 
            2.406935, 
            0.3761820242334044, 
            0.312617, 
            2.490476, 
            0.36251, 
            -3.746439, 
            0.8899043209819835, 
            -0.272374, 
            0.124825, 
            1.950694, 
            3.612822, 
            0.045086873651359216, 
            -1.54429, 
            2.435363, 
            -3.942484, 
            -6.298446, 
            0.2964868457941179, 
            2.812306, 
            -2.405205, 
            0.682969, 
            -2.047682, 
            -0.4936479872771109
        ], 
        [
            -0.678426, 
            1.686526, 
            -1.511075, 
            1.78443, 
            1.078727, 
            -2.18449, 
            4.578864, 
            -4.143936, 
            0.625659, 
            -3.283201
        ]
    ], 
    "momentum weights" : [
        [
            2.464247, 
            1.08079, 
            -5.436948, 
            -2.863349, 
            -8.284082, 
            0.24196791227287062, 
            0.739721, 
            -1.967062, 
            -0.596591, 
            5.469394, 
            -6.851734, 
            0.40873876433244205, 
            -1.599374, 
            1.453835, 
            2.029845, 
            1.95638, 
            -9.970404, 
            0.8004162546212219, 
            3.091479, 
            -2.539381, 
            0.487025, 
            -1.201882, 
            -0.102977, 
            0.9335045434489357, 
            2.210444, 
            4.670159, 
            -1.389253, 
            -1.141345, 
            -1.859948, 
            -0.5252365445404912
        ], 
        [
            0.972914, 
            0.333814, 
            -1.854965, 
            1.16847, 
            -0.5003419850253257, 
            2.992595, 
            4.40863, 
            0.895039, 
            2.406935, 
            0.3761820242334044, 
            0.312617, 
            2.490476, 
            0.36251, 
            -3.746439, 
            0.8899043209819835, 
            -0.272374, 
            0.124825, 
            1.950694, 
            3.612822, 
            0.045086873651359216, 
            -1.54429, 
            2.435363, 
            -3.942484, 
            -6.298446, 
            0.2964868457941179, 
            2.812306, 
            -2.405205, 
            0.682969, 
            -2.047682, 
            -0.4936479872771109
        ], 
        [
            -0.678426, 
            1.686526, 
            -1.511075, 
            1.78443, 
            1.078727, 
            -2.18449, 
            4.578864, 
            -4.143936, 
            0.625659, 
            -3.283201
        ]
    ], 
    "nodes" : [
        [
            0.3252421233296555, 
            0.4857117198696338, 
            -0.5943481163977857, 
            0.14896751138874484, 
            1.0
        ], 
        [
            0.9998596788549408, 
            0.9929740020333236, 
            -0.9997902139850916, 
            -0.6398324943728537, 
            -0.9619724473473259, 
            0.7615941559557649
        ], 
        [
            0.9999993011231724, 
            -0.9662824450680946, 
            0.9397844283981293, 
            0.9999999886093691, 
            0.7615941559557649
        ], 
        [
            0.9999977588455056, 
            -0.9999999482599987
        ]
    ], 
    "pre activation nodes" : [
        [
            0.0, 
            0.0, 
            0.0, 
            0.0, 
            0.0
        ], 
        [
            4.782326943278576, 
            2.8238830055222195, 
            -4.581232402717029, 
            -0.7578900806904172, 
            -1.9716973150415547, 
            1.0
        ], 
        [
            7.4334690767786595, 
            -2.0329406678180844, 
            1.7362005715754814, 
            9.491810924691844, 
            1.0
        ], 
        [
            6.850832742775088, 
            -8.735090895344308
        ]
    ], 
    "average nodes" : [
        [
            0.0, 
            0.0, 
            0.0, 
            0.0, 
            0.0
        ], 
        [
            0.0, 
            0.0, 
            0.0, 
            0.0, 
            0.0, 
            0.0
        ], 
        [
            0.0, 
            0.0, 
            0.0, 
            0.0, 
            0.0
        ], 
        [
            0.0, 
            0.0
        ]
    ], 
    "input width" : 4, 
    "output width" : 2, 
    "hidden width" : 5, 
    "hidden length" : 2, 
    "hidden layer details" : {
        "items" : 3, 
        "0" : "is shallow", 
        "1" : "probabilities", 
        "2" : "width", 
        "is shallow" : true, 
        "probabilities" : {
            "2" : 0.85, 
            "3" : 0.12, 
            "1" : 0.03
        }, 
        "width" : {
            "no change" : 0.6, 
            "decrease" : 0.35, 
            "increase" : 0.05
        }
    }, 
    "weight range" : 1.0, 
    "activation function" : 2, 
    "learning rate" : 0.05, 
    "momentum active" : true, 
    "momentum" : 0.001, 
    "accuracy requirement" : 0.985, 
    "epochs" : 10, 
    "batch size" : 40, 
    "accuracy sample size" : 150, 
    "fitness sample size" : 15, 
    "allow testing" : false, 
    "show output" : true, 
    "use bias" : true, 
    "clear bias" : false, 
    "bias value" : 1.0, 
    "child" : null
}