{
    "child iterations" : 15, 
    "is fertile" : false, 
    "is classifier" : false, 
    "is child" : false, 
    "weights" : [
        [
            0.191999, 
            0.211325, 
            -0.811848, 
            0.169461, 
            -0.453961, 
            -0.019484, 
            0.462976, 
            0.678953, 
            0.500355, 
            -0.529961, 
            -0.088089, 
            -0.216465, 
            -0.701847, 
            -0.518719, 
            0.731931, 
            0.46382300117903075, 
            0.32944, 
            0.191386, 
            -0.395076, 
            -0.699363, 
            -0.439429, 
            -0.888722, 
            0.431339, 
            -0.944089, 
            0.866379, 
            0.84105, 
            -0.891702, 
            -0.339062, 
            -0.148015, 
            0.901331, 
            0.536851, 
            0.39866658634199736, 
            1.012682, 
            0.701133, 
            -0.649226, 
            0.17383, 
            0.639096, 
            0.17719, 
            -0.996568, 
            0.520199, 
            -0.435315, 
            0.424418, 
            -0.98, 
            0.742461, 
            0.2563, 
            -0.403699, 
            -0.977935, 
            -0.043167350458108045, 
            0.723268, 
            -0.246729, 
            -0.59767, 
            0.393993, 
            -0.921703, 
            0.198236, 
            -0.781155, 
            0.604471, 
            -0.325157, 
            -0.978636, 
            -0.26853, 
            -0.024211, 
            -0.480905, 
            0.626244, 
            -0.958195, 
            0.42881791632809274, 
            0.63546, 
            -0.575705, 
            0.256683, 
            0.728689, 
            0.787081, 
            -0.646618, 
            -0.148794, 
            0.924268, 
            -0.111315, 
            0.533626, 
            -0.861319, 
            0.738204, 
            -0.934959, 
            -0.189346, 
            -0.266092, 
            0.12221954660247891, 
            0.76322, 
            -0.060844, 
            0.006777, 
            -0.506861, 
            0.682721, 
            -0.770584, 
            0.847461, 
            -0.951568, 
            -0.932727, 
            -0.997144, 
            0.610695, 
            0.791982, 
            0.070736, 
            -0.971708, 
            -0.110419, 
            0.9368157399626111, 
            0.26781, 
            0.396437, 
            0.685315, 
            1.016508, 
            -0.213333, 
            0.458258, 
            0.178209, 
            0.977646, 
            -0.384204, 
            -0.058007, 
            0.887614, 
            1.007166, 
            -0.913404, 
            0.641132, 
            -0.212508, 
            -0.22332758111354734, 
            0.928323, 
            -0.560707, 
            -0.400586, 
            -0.998843, 
            -0.917665, 
            0.613737, 
            -0.469068, 
            -0.645101, 
            0.321119, 
            1.007206, 
            0.490128, 
            0.097574, 
            -0.845269, 
            0.408282, 
            -0.007474, 
            -0.0279661879817803, 
            -0.850072, 
            -0.692056, 
            -0.363919, 
            0.218299, 
            0.560358, 
            0.412008, 
            0.136315, 
            -0.138057, 
            0.529882, 
            -0.179203, 
            -0.625502, 
            -0.91047, 
            0.977083, 
            -0.059532, 
            -0.680712, 
            -0.35260596288134494, 
            0.494758, 
            0.582292, 
            -0.657371, 
            -0.331424, 
            -0.490104, 
            -0.87522, 
            -0.494318, 
            -1.017232, 
            0.069453, 
            0.62495, 
            -0.095447, 
            0.142365, 
            -0.99606, 
            -0.786948, 
            0.143574, 
            -0.9175889960912418, 
            -0.444861, 
            0.436442, 
            -0.943244, 
            -0.305641, 
            0.30687, 
            -0.982753, 
            0.12953, 
            -0.835701, 
            0.350561, 
            1.017041, 
            0.729526, 
            -0.940602, 
            -0.291059, 
            -0.187213, 
            -0.323275, 
            0.11422787586367456
        ], 
        [
            -0.034012, 
            0.216987, 
            -0.124165, 
            0.981373, 
            0.375696, 
            -0.395125, 
            -0.87416, 
            -0.353628, 
            0.38989, 
            -0.062133, 
            0.321625, 
            0.59599, 
            -0.019481, 
            0.849018, 
            -0.387324, 
            0.778869
        ]
    ],