{
    "child iterations" : 15, 
    "is fertile" : false, 
    "is classifier" : false, 
    "is child" : false, 
    "weights" : [
        [
            -7.724282, 
            5.932144, 
            0.262919, 
            -3.601064, 
            0.8880377518363465, 
            -7.412349, 
            -1.122699, 
            5.602788, 
            -0.42861, 
            0.7629889799464316, 
            -6.702502, 
            5.737034, 
            3.004582, 
            -0.080223, 
            -0.09544983138728669, 
            -0.113945, 
            1.701283, 
            0.138214, 
            -3.299566, 
            -0.6831034889299414, 
            -2.411689, 
            1.997216, 
            -1.024947, 
            3.455634, 
            0.0037274767304817935
        ], 
        [
            3.35384, 
            -4.93051, 
            -1.640355, 
            1.385897, 
            -0.9580789849060025, 
            -2.598369, 
            4.475609, 
            1.581186, 
            0.426386, 
            -0.0008078387615371163, 
            -1.348064, 
            4.626397, 
            -0.187099, 
            -1.49683, 
            0.7789103752912965, 
            2.937711, 
            0.437246, 
            -1.042335, 
            -1.197179, 
            0.5002475304425804, 
            -2.858724, 
            3.306828, 
            3.101279, 
            3.43579, 
            -0.4479261596552493
        ], 
        [
            -2.254023, 
            4.43847, 
            3.671814, 
            -6.549335, 
            4.562667, 
            3.746963, 
            -3.605649, 
            -1.223773, 
            2.261027, 
            -1.776954
        ]
    ], 
    "momentum weights" : [
        [
            -7.724282, 
            5.932144, 
            0.262919, 
            -3.601064, 
            0.8880377518363465, 
            -7.412349, 
            -1.122699, 
            5.602788, 
            -0.42861, 
            0.7629889799464316, 
            -6.702502, 
            5.737034, 
            3.004582, 
            -0.080223, 
            -0.09544983138728669, 
            -0.113945, 
            1.701283, 
            0.138214, 
            -3.299566, 
            -0.6831034889299414, 
            -2.411689, 
            1.997216, 
            -1.024947, 
            3.455634, 
            0.0037274767304817935
        ], 
        [
            3.35384, 
            -4.93051, 
            -1.640355, 
            1.385897, 
            -0.9580789849060025, 
            -2.598369, 
            4.475609, 
            1.581186, 
            0.426386, 
            -0.0008078387615371163, 
            -1.348064, 
            4.626397, 
            -0.187099, 
            -1.49683, 
            0.7789103752912965, 
            2.937711, 
            0.437246, 
            -1.042335, 
            -1.197179, 
            0.5002475304425804, 
            -2.858724, 
            3.306828, 
            3.101279, 
            3.43579, 
            -0.4479261596552493
        ], 
        [
            -2.254023, 
            4.43847, 
            3.671814, 
            -6.549335, 
            4.562667, 
            3.746963, 
            -3.605649, 
            -1.223773, 
            2.261027, 
            -1.776954
        ]
    ], 
    "nodes" : [
        [
            -0.34252067873857894, 
            -0.526752405078448, 
            0.049604755853275055, 
            0.4372750666048355, 
            1.0
        ], 
        [
            0.998908078528274, 
            0.9194149405493937, 
            -0.9991069872837379, 
            0.9980577692682324, 
            0.7615941559557649
        ], 
        [
            0.9956378462909932, 
            -0.9860050636399412, 
            0.8677108815023594, 
            0.9998324769342491, 
            0.7615941559557649
        ], 
        [
            -0.9989765425388316, 
            0.9999999998147314
        ]
    ], 
    "pre activation nodes" : [
        [
            0.0, 
            0.0, 
            0.0, 
            0.0, 
            0.0
        ], 
        [
            3.7562086936586407, 
            1.5852312172047922, 
            -3.856805155871071, 
            3.4680468490558676, 
            1.0
        ], 
        [
            3.0628765476608044, 
            -2.477592409323284, 
            1.3237395067052222, 
            4.693726462861595, 
            1.0
        ], 
        [
            -3.7886020183499673, 
            11.55118098119073
        ]
    ], 
    "average nodes" : [
        [
            0.0, 
            0.0, 
            0.0, 
            0.0, 
            0.0
        ], 
        [
            0.0, 
            0.0, 
            0.0, 
            0.0, 
            0.0
        ], 
        [
            0.0, 
            0.0, 
            0.0, 
            0.0, 
            0.0
        ], 
        [
            0.0, 
            0.0
        ]
    ], 
    "input width" : 4, 
    "output width" : 2, 
    "hidden width" : 4, 
    "hidden length" : 2, 
    "hidden layer details" : {
        "items" : 3, 
        "0" : "is shallow", 
        "1" : "probabilities", 
        "2" : "width", 
        "is shallow" : true, 
        "probabilities" : {
            "2" : 0.85, 
            "3" : 0.12, 
            "1" : 0.03
        }, 
        "width" : {
            "no change" : 0.6, 
            "decrease" : 0.35, 
            "increase" : 0.05
        }
    }, 
    "weight range" : 1.0, 
    "activation function" : 2, 
    "learning rate" : 0.05, 
    "momentum active" : true, 
    "momentum" : 0.001, 
    "accuracy requirement" : 0.985, 
    "epochs" : 10, 
    "batch size" : 40, 
    "accuracy sample size" : 150, 
    "fitness sample size" : 15, 
    "allow testing" : false, 
    "show output" : true, 
    "use bias" : true, 
    "clear bias" : false, 
    "bias value" : 1.0, 
    "child" : null
}