{
    "child iterations" : 15, 
    "is fertile" : false, 
    "is classifier" : false, 
    "is child" : false, 
    "weights" : [
        [
            -1.055664, 
            -0.481406, 
            -1.014222, 
            0.039052, 
            -0.375584, 
            0.302028, 
            -0.464642, 
            0.187214, 
            0.43296, 
            -0.658798, 
            -0.20190553105593434, 
            -0.500507, 
            0.514342, 
            -0.644273, 
            0.698264, 
            0.75551, 
            -0.319676, 
            -0.651049, 
            -0.108549, 
            0.324375, 
            -0.488492, 
            -0.117180125197756, 
            0.226666, 
            1.087356, 
            0.240225, 
            0.264807, 
            0.516791, 
            0.627686, 
            -0.971781, 
            0.749137, 
            -0.83647, 
            -0.358837, 
            0.8121486166291512, 
            -1.031627, 
            0.273161, 
            0.301263, 
            -0.672935, 
            0.48946, 
            0.45789, 
            -0.108855, 
            -1.213012, 
            0.665217, 
            -0.07195, 
            0.07870765541629376, 
            -0.325253, 
            0.156009, 
            0.266491, 
            -0.015457, 
            0.426594, 
            -0.138039, 
            0.44292, 
            0.090212, 
            0.397357, 
            0.406954, 
            -0.6943865233575444, 
            -0.168001, 
            0.412016, 
            -0.496392, 
            0.875319, 
            0.24944, 
            0.20813, 
            -0.299647, 
            0.691353, 
            0.358636, 
            -0.730422, 
            0.684146324884781, 
            -0.960757, 
            1.022412, 
            0.936112, 
            0.911956, 
            -0.260624, 
            0.46179, 
            -0.03605, 
            0.47801, 
            0.750345, 
            -0.377834, 
            0.7886959342224176, 
            -0.618476, 
            -1.111654, 
            0.948469, 
            -0.28367, 
            0.806265, 
            1.020251, 
            -0.350502, 
            0.264467, 
            1.124141, 
            -0.343301, 
            0.6219951385307563, 
            0.169655, 
            0.723569, 
            -0.786698, 
            -0.997718, 
            -1.148368, 
            -0.194114, 
            0.400102, 
            0.400704, 
            -1.099752, 
            0.30393, 
            0.29657906564759484, 
            0.869953, 
            0.944008, 
            -0.932087, 
            1.131489, 
            -1.045485, 
            0.969177, 
            0.125327, 
            -0.702619, 
            0.702323, 
            0.423715, 
            0.6551627847056507, 
            -1.026551, 
            -0.86817, 
            0.263902, 
            0.202822, 
            0.919687, 
            -0.824295, 
            -0.737797, 
            -0.798144, 
            -0.271763, 
            -0.51774, 
            -0.19989531077437594
        ], 
        [
            -0.286446, 
            1.189319, 
            0.597742, 
            0.937326, 
            0.103919, 
            -0.708245, 
            0.673215, 
            0.131639, 
            0.155122, 
            0.407567, 
            -0.3906023795746818, 
            -0.866385, 
            0.110125, 
            -0.595188, 
            0.088459, 
            -0.129915, 
            0.967383, 
            -0.104715, 
            -0.129083, 
            0.483733, 
            -0.752077, 
            0.08092001819086891, 
            0.134376, 
            -0.092079, 
            -0.826501, 
            -0.027516, 
            -0.582491, 
            -0.131092, 
            -0.773466, 
            -1.074214, 
            -1.080603, 
            -0.675417, 
            0.5472085622785723, 
            -1.11675, 
            -0.935784, 
            -0.22656, 
            0.296365, 
            0.85827, 
            -0.494237, 
            0.177198, 
            0.566949, 
            -1.105546, 
            0.41898, 
            0.854321707304335, 
            -0.792794, 
            0.095767, 
            -0.948767, 
            0.489168, 
            1.108024, 
            0.876134, 
            -0.667305, 
            0.798271, 
            -0.891431, 
            0.730149, 
            -0.9425108879851245, 
            1.023935, 
            0.027748, 
            0.161848, 
            0.720348, 
            1.049412, 
            0.689341, 
            0.596251, 
            0.38537, 
            0.330627, 
            0.394956, 
            -0.6100324991822639, 
            0.88478, 
            0.715788, 
            0.368725, 
            -0.896545, 
            0.678685, 
            0.67681, 
            -1.144247, 
            1.087987, 
            -0.582623, 
            -1.084354, 
            0.8357028957567374, 
            -1.106359, 
            0.126126, 
            1.10454, 
            -0.221844, 
            -0.544752, 
            -0.861488, 
            -0.534329, 
            -0.117501, 
            0.967301, 
            -0.872367, 
            0.8825232314778146, 
            0.622907, 
            0.907111, 
            1.032584, 
            -0.004404, 
            0.713346, 
            0.250139, 
            0.12218, 
            0.06706, 
            -0.603078, 
            -0.015926, 
            -0.39949521673886035, 
            0.957617, 
            0.044956, 
            -0.097038, 
            -0.558526, 
            0.038892, 
            -0.015492, 
            0.297003, 
            -0.621361, 
            -0.28491, 
            0.247986, 
            -0.38948611777154185, 
            0.132852, 
            0.794453, 
            0.806415, 
            -0.82929, 
            0.723052, 
            -0.43057, 
            0.148249, 
            0.278581, 
            0.244306, 
            -0.467039, 
            0.0665869071255687
        ], 
        [
            -0.641919, 
            0.638013, 
            -1.126226, 
            0.74092, 
            -0.420317, 
            0.012072, 
            -0.246305, 
            0.02865, 
            0.831072, 
            0.441601, 
            -0.89661
        ]
    ],