{
    "child iterations" : 15, 
    "is fertile" : false, 
    "is classifier" : false, 
    "is child" : false, 
    "weights" : [
        [
            0.835178, 
            0.151505, 
            0.777776, 
            0.81943, 
            0.62805, 
            0.538354, 
            0.802098, 
            0.346619, 
            0.569389, 
            -0.889912, 
            -0.073606, 
            0.8507376632995058, 
            0.649066, 
            0.557389, 
            -0.414096, 
            1.009821, 
            0.725288, 
            -0.424106, 
            0.998405, 
            -0.182385, 
            -0.299255, 
            -0.788962, 
            0.523204, 
            -0.24090999931361456, 
            -0.141273, 
            0.061851, 
            -0.825111, 
            -0.155808, 
            0.100767, 
            0.914959, 
            0.905447, 
            0.597338, 
            0.697082, 
            0.15359, 
            -0.972491, 
            -0.14516539343406976, 
            -0.325477, 
            0.798823, 
            0.159505, 
            0.505344, 
            0.47762, 
            0.669384, 
            -0.898948, 
            0.19569, 
            0.080331, 
            0.283142, 
            0.464076, 
            -0.9019548099707104, 
            0.276592, 
            0.051592, 
            -0.928996, 
            0.30597, 
            0.360375, 
            -0.702396, 
            0.495684, 
            -0.651037, 
            -0.956038, 
            -0.918161, 
            1.027366, 
            -0.7881536872657087, 
            0.465063, 
            -0.15647, 
            -0.541362, 
            0.674816, 
            0.118639, 
            0.623066, 
            0.717288, 
            -0.427955, 
            -0.548038, 
            0.611188, 
            -0.289793, 
            0.5614840825417637, 
            0.404856, 
            -0.860788, 
            -0.341758, 
            0.653067, 
            0.327752, 
            -0.090426, 
            -0.993354, 
            -0.294519, 
            -0.475287, 
            0.117593, 
            -0.329562, 
            -0.3327424918321771, 
            0.420081, 
            -1.062003, 
            -0.338617, 
            -0.574676, 
            0.107521, 
            -0.823885, 
            0.136292, 
            0.039507, 
            0.534609, 
            -0.272261, 
            -0.57739, 
            -0.7037623901951751, 
            -0.04014, 
            -0.739265, 
            1.048674, 
            0.070541, 
            0.129508, 
            0.230928, 
            -0.518645, 
            -0.545174, 
            0.3619, 
            0.33836, 
            -0.42309, 
            -0.06593802776488245, 
            0.466285, 
            0.52547, 
            0.814115, 
            0.389557, 
            -0.187565, 
            0.322099, 
            0.606587, 
            0.692419, 
            -0.159203, 
            0.265847, 
            1.001757, 
            0.46687508302756897, 
            -0.886692, 
            0.060203, 
            0.821843, 
            -0.329943, 
            -0.063937, 
            0.642957, 
            1.032536, 
            -0.073273, 
            0.257495, 
            0.421436, 
            0.548516, 
            -0.6655650891462432
        ], 
        [
            -0.994111, 
            -0.240501, 
            0.572841, 
            0.789022, 
            1.023239, 
            0.522296, 
            -0.867844, 
            0.607631, 
            0.590018, 
            0.57703, 
            -0.06278711577467155, 
            0.781622, 
            0.513354, 
            -0.728353, 
            0.675153, 
            -0.909304, 
            -0.423547, 
            0.662045, 
            -0.208125, 
            -0.806866, 
            0.462544, 
            -0.6917827577295923, 
            -0.311931, 
            0.545269, 
            -0.557304, 
            1.063973, 
            -0.965863, 
            0.635015, 
            0.828656, 
            -0.976024, 
            0.400808, 
            1.129965, 
            -0.7719639641665788, 
            -0.653855, 
            -1.019989, 
            -0.221977, 
            0.946088, 
            -0.778496, 
            1.000554, 
            -0.592765, 
            0.786876, 
            -0.757953, 
            0.32894, 
            -0.21815140364889896, 
            1.026176, 
            0.415309, 
            0.764469, 
            -0.182749, 
            -0.044938, 
            0.582195, 
            1.004222, 
            0.288834, 
            -0.93902, 
            0.22666, 
            -0.6313061555599853, 
            -0.217176, 
            0.235724, 
            -0.511214, 
            0.081592, 
            1.032616, 
            -0.594273, 
            -0.135699, 
            -0.071989, 
            -0.745059, 
            0.684805, 
            0.888953840815498, 
            0.948, 
            -0.886475, 
            -0.238306, 
            0.694007, 
            -0.842031, 
            -0.893247, 
            0.857118, 
            -0.793464, 
            -0.838957, 
            0.767604, 
            0.37292027455729015, 
            -1.07545, 
            -0.771945, 
            -0.717085, 
            -0.807429, 
            0.422755, 
            -0.645214, 
            -0.606424, 
            -0.185507, 
            -0.893455, 
            0.400913, 
            -0.5738801268455602, 
            0.093166, 
            0.685338, 
            -0.082059, 
            -0.20404, 
            -0.178331, 
            1.021547, 
            -0.667099, 
            0.76315, 
            0.529227, 
            0.049955, 
            -0.8911981654297396, 
            0.593897, 
            -0.694209, 
            -0.770407, 
            -0.477388, 
            0.496168, 
            0.318194, 
            0.902178, 
            0.55398, 
            -0.618904, 
            -0.229526, 
            -0.9295637685325471, 
            0.552481, 
            0.922539, 
            0.615803, 
            0.055601, 
            0.706088, 
            0.952551, 
            -0.082089, 
            -0.206931, 
            0.312661, 
            -0.745868, 
            -0.9184394683541437, 
            -0.21415, 
            -0.345466, 
            0.575501, 
            0.763813, 
            0.27122, 
            1.047802, 
            0.978929, 
            0.095495, 
            0.538208, 
            0.653702, 
            -0.029409973964998226
        ], 
        [
            -0.811345, 
            0.52452, 
            -0.704223, 
            0.466177, 
            0.002564, 
            0.66857, 
            -0.38221, 
            0.431896, 
            0.129204, 
            1.038502, 
            -0.728958
        ]
    ],