{
    "child iterations" : 15, 
    "is fertile" : false, 
    "is classifier" : false, 
    "is child" : false, 
    "weights" : [
        [
            0.050645, 
            -0.957509, 
            0.615522, 
            -0.835425, 
            0.272936, 
            -0.324216, 
            -0.396021, 
            0.689336, 
            0.561263, 
            0.008993, 
            0.646876, 
            -0.612765, 
            0.276497, 
            0.358577, 
            0.96046, 
            -0.581919, 
            -0.184609, 
            0.102855, 
            -0.35253434342267864, 
            -0.016308, 
            -0.280462, 
            -0.291115, 
            1.045563, 
            -0.928128, 
            -1.07231, 
            -0.302463, 
            -0.11073, 
            0.968227, 
            -0.849822, 
            -0.819018, 
            0.332115, 
            0.439843, 
            0.433435, 
            0.446352, 
            0.975212, 
            -1.078373, 
            -0.310221, 
            -0.48631005282641615, 
            0.993166, 
            0.537046, 
            -0.445823, 
            -0.818557, 
            -0.293469, 
            0.673182, 
            -0.826205, 
            -0.975416, 
            0.683628, 
            0.262939, 
            0.929303, 
            0.737904, 
            -0.71059, 
            -1.022358, 
            0.884646, 
            0.319511, 
            -0.946745, 
            0.735576, 
            -0.04272757781663428, 
            -0.825285, 
            -1.075864, 
            -0.318071, 
            -0.321397, 
            0.467222, 
            0.574858, 
            -0.352316, 
            -1.027721, 
            1.166688, 
            0.47097, 
            -0.342212, 
            0.250315, 
            0.836603, 
            -0.753094, 
            -0.395612, 
            0.248628, 
            0.601315, 
            -0.11399, 
            0.05220604441726784, 
            0.842405, 
            -0.753348, 
            0.991681, 
            -0.563459, 
            0.846582, 
            0.130996, 
            0.018582, 
            -0.003545, 
            -0.268403, 
            -0.887292, 
            0.329308, 
            0.987675, 
            -0.415104, 
            0.968518, 
            -0.546516, 
            0.681353, 
            -0.897412, 
            0.6485, 
            0.5048334392436382, 
            -0.88393, 
            0.172017, 
            0.488212, 
            0.141618, 
            -0.892991, 
            -0.857185, 
            1.055427, 
            -0.606537, 
            -0.950209, 
            -0.731257, 
            1.08223, 
            -0.589087, 
            0.004728, 
            -0.263623, 
            -0.202548, 
            0.454613, 
            0.216191, 
            0.46376, 
            0.19283583919210434, 
            -1.018754, 
            -1.01107, 
            0.607221, 
            -0.771688, 
            -0.488033, 
            -0.261173, 
            0.870017, 
            -0.095193, 
            -0.804806, 
            -0.729272, 
            0.824517, 
            0.313903, 
            1.057162, 
            0.022407, 
            -0.093424, 
            0.728273, 
            -0.281245, 
            1.102966, 
            -0.11143811500011824, 
            -0.863631, 
            0.057742, 
            -0.319522, 
            0.172397, 
            -0.352091, 
            0.942892, 
            1.051144, 
            0.563807, 
            -0.824752, 
            1.110383, 
            0.34855, 
            -0.566896, 
            1.024455, 
            0.393351, 
            0.286393, 
            -1.097482, 
            0.914992, 
            -0.510913, 
            0.46280936271118556, 
            0.379645, 
            0.101518, 
            -0.322897, 
            0.842718, 
            0.619773, 
            -0.428599, 
            -0.96666, 
            -0.932815, 
            0.931113, 
            0.105265, 
            -1.020662, 
            0.917632, 
            0.599685, 
            0.904373, 
            0.124256, 
            0.206566, 
            -0.90479, 
            0.542446, 
            -0.7273678669104122, 
            -0.283103, 
            -0.571237, 
            0.125654, 
            -0.65635, 
            0.69334, 
            -0.033335, 
            0.416949, 
            1.075736, 
            1.055904, 
            -0.394895, 
            0.80881, 
            -0.985763, 
            -0.239405, 
            0.279295, 
            -0.718022, 
            -0.69747, 
            -0.844947, 
            -0.361128, 
            -0.6292423658962085, 
            -0.896737, 
            -0.238582, 
            0.674975, 
            1.007744, 
            -0.211421, 
            -0.933187, 
            -0.095768, 
            -0.746821, 
            -0.836954, 
            -0.993047, 
            -0.187811, 
            0.987414, 
            0.064588, 
            0.013848, 
            -1.084651, 
            -0.820038, 
            0.630363, 
            0.48866, 
            0.9940733050304467
        ], 
        [
            0.57858, 
            -0.340087, 
            -0.835485, 
            0.186648, 
            -0.191152, 
            0.065394, 
            -0.675169, 
            -0.659704, 
            -0.678708, 
            -0.997661, 
            0.768906, 
            0.00568, 
            0.476957, 
            -0.110044, 
            -0.840755, 
            -0.197967, 
            -0.556365, 
            -0.703698, 
            -0.4679
        ]
    ],