{
    "child iterations" : 15, 
    "is fertile" : false, 
    "is classifier" : false, 
    "is child" : false, 
    "weights" : [
        [
            0.417528, 
            -0.042891, 
            0.677469, 
            -0.952378, 
            -0.439027, 
            0.37969, 
            0.731034, 
            -0.541711, 
            0.987122, 
            -0.4321020073585571, 
            0.320239, 
            -0.978578, 
            0.201773, 
            1.043564, 
            0.525342, 
            -0.54767, 
            0.400117, 
            -0.807794, 
            -1.002985, 
            0.552050633662698, 
            0.735867, 
            -0.24956, 
            -0.960862, 
            0.45673, 
            0.515017, 
            0.065385, 
            -0.977018, 
            0.747248, 
            1.03124, 
            0.38928762941761597, 
            0.278941, 
            -0.191893, 
            -0.268785, 
            -0.680055, 
            -0.745289, 
            -0.028958, 
            0.501675, 
            0.059709, 
            -0.499676, 
            0.5293275610181842, 
            -0.632417, 
            0.861971, 
            -0.630811, 
            0.462532, 
            0.690537, 
            0.023427, 
            0.912581, 
            1.103365, 
            0.832439, 
            0.404112591453893, 
            -0.895067, 
            0.363872, 
            0.235967, 
            0.903976, 
            -0.998812, 
            0.120494, 
            0.14331, 
            -0.349992, 
            0.510431, 
            0.9895610075640231, 
            -0.657633, 
            -0.470011, 
            0.579192, 
            0.259887, 
            -0.762787, 
            -1.107817, 
            -0.933678, 
            -0.552442, 
            -0.190536, 
            0.29935448621880156, 
            0.763661, 
            -0.439448, 
            0.462691, 
            -0.226114, 
            -0.333384, 
            -0.963314, 
            0.145701, 
            -0.663898, 
            -0.076331, 
            0.38432242318700727, 
            1.018642, 
            0.956735, 
            -0.220692, 
            -0.143113, 
            -0.974293, 
            -0.76961, 
            0.661304, 
            -0.053408, 
            0.920501, 
            -0.4818149813323025, 
            0.550388, 
            -0.765681, 
            -0.318648, 
            0.02693, 
            -0.052511, 
            -0.683068, 
            0.265237, 
            0.557937, 
            0.122407, 
            -0.15223032031563277, 
            0.279329, 
            0.625906, 
            0.990118, 
            -0.461508, 
            0.824548, 
            -0.663186, 
            -0.039244, 
            0.047943, 
            -0.501054, 
            0.8653726561012982
        ], 
        [
            -0.960753, 
            1.038394, 
            -0.616057, 
            0.552737, 
            -0.699592, 
            -0.321565, 
            0.044768, 
            0.02871, 
            1.040888, 
            0.310205, 
            -0.6910331984811264, 
            0.506451, 
            0.927839, 
            0.451488, 
            -0.196404, 
            -0.149859, 
            1.093131, 
            -0.971333, 
            -0.950268, 
            -1.051439, 
            0.792427, 
            0.600116282076357, 
            0.398791, 
            -0.587308, 
            0.901194, 
            0.972843, 
            0.456844, 
            -0.944312, 
            0.132978, 
            -0.368222, 
            -0.214754, 
            0.517363, 
            0.3008115946416485, 
            -0.432798, 
            1.045536, 
            0.166781, 
            -0.751675, 
            -0.331015, 
            0.518523, 
            -0.575269, 
            -0.009291, 
            0.355653, 
            0.3597, 
            0.2957499944250559, 
            -0.50382, 
            0.248458, 
            0.977598, 
            -0.145726, 
            -0.725493, 
            -0.356839, 
            0.05811, 
            -1.036533, 
            0.798016, 
            -0.492684, 
            -0.03787893484067406, 
            -0.801046, 
            -0.924291, 
            -0.989468, 
            0.76651, 
            -1.074349, 
            -0.097195, 
            0.328647, 
            0.573198, 
            0.951723, 
            -1.074967, 
            0.4583392649450937, 
            -0.677233, 
            0.584584, 
            0.080077, 
            0.387497, 
            -0.258756, 
            -0.016057, 
            0.592202, 
            -0.224715, 
            0.315828, 
            0.530693, 
            0.011950730044756996, 
            -0.829924, 
            -1.07178, 
            -0.545652, 
            -0.153157, 
            -0.534817, 
            -0.819321, 
            -0.163163, 
            0.00627, 
            0.260099, 
            -0.131105, 
            -0.13441973476895197, 
            -0.759399, 
            0.261885, 
            -0.458171, 
            1.114621, 
            0.870139, 
            -0.651998, 
            -0.600913, 
            0.668462, 
            -0.761382, 
            -0.539448, 
            0.08374959336273724, 
            -0.875162, 
            -0.720218, 
            0.597104, 
            -0.823032, 
            -0.918572, 
            0.548419, 
            -0.460477, 
            -1.067742, 
            -0.968627, 
            -0.373771, 
            0.3787658694725511
        ], 
        [
            1.031647, 
            -0.464724, 
            -0.542154, 
            -0.190734, 
            0.941378, 
            0.82582, 
            -0.150042, 
            -0.455281, 
            -0.272757, 
            0.385806, 
            0.117204
        ]
    ],