{
    "child iterations" : 15, 
    "is fertile" : false, 
    "is classifier" : false, 
    "is child" : false, 
    "weights" : [
        [
            3.914812, 
            -1.156589, 
            1.354892, 
            1.257624, 
            -2.661595, 
            -4.370806, 
            1.244496, 
            0.40480661973870724, 
            3.102183, 
            0.314384, 
            0.455877, 
            1.465619, 
            -3.534052, 
            -4.193101, 
            -0.600694, 
            0.06841803742293218, 
            5.042126, 
            2.782067, 
            1.472636, 
            0.562292, 
            -2.086667, 
            -3.349402, 
            0.567655, 
            0.20032555688800313, 
            -0.773202, 
            -1.819959, 
            1.034621, 
            -0.231371, 
            -2.161891, 
            -0.463421, 
            1.624825, 
            -0.27451617632246705, 
            2.226059, 
            2.304106, 
            -3.107501, 
            -1.666139, 
            0.084918, 
            -1.575028, 
            -2.185781, 
            -0.8813106714698014
        ], 
        [
            1.983525, 
            -2.413811, 
            1.344098, 
            -1.512013, 
            1.644951, 
            -2.052017, 
            -0.9829832207384277, 
            2.577084, 
            0.407156, 
            1.533354, 
            -1.564431, 
            -0.992894, 
            0.127261, 
            0.3025564819849502, 
            -1.723229, 
            2.019022, 
            -1.646872, 
            1.030442, 
            0.572414, 
            -0.388587, 
            -0.3444100638643346, 
            -0.062955, 
            -1.564234, 
            -1.315265, 
            -1.143701, 
            2.2067, 
            -0.575107, 
            0.2750570711116309, 
            0.847282, 
            1.877711, 
            2.046307, 
            1.970068, 
            -0.621652, 
            -0.144273, 
            0.208592552602608, 
            -0.589217, 
            2.317005, 
            -0.808074, 
            2.311503, 
            2.543113, 
            0.926352, 
            0.5220949243938753, 
            0.28019, 
            1.138981, 
            -1.381818, 
            -1.218517, 
            1.996141, 
            0.262832, 
            0.013104424359285272, 
            -1.752562, 
            -0.423031, 
            0.228145, 
            0.378816, 
            0.591228, 
            2.37058, 
            -0.4925759396500886
        ], 
        [
            1.738569, 
            -1.969484, 
            -2.565724, 
            2.001131, 
            -3.708225, 
            2.698454, 
            -1.913156, 
            2.848168, 
            -2.217396, 
            2.182973, 
            -2.341777, 
            1.63053, 
            1.845346, 
            -0.650065
        ]
    ], 
    "momentum weights" : [
        [
            3.914812, 
            -1.156589, 
            1.354892, 
            1.257624, 
            -2.661595, 
            -4.370806, 
            1.244496, 
            0.40480661973870724, 
            3.102183, 
            0.314384, 
            0.455877, 
            1.465619, 
            -3.534052, 
            -4.193101, 
            -0.600694, 
            0.06841803742293218, 
            5.042126, 
            2.782067, 
            1.472636, 
            0.562292, 
            -2.086667, 
            -3.349402, 
            0.567655, 
            0.20032555688800313, 
            -0.773202, 
            -1.819959, 
            1.034621, 
            -0.231371, 
            -2.161891, 
            -0.463421, 
            1.624825, 
            -0.27451617632246705, 
            2.226059, 
            2.304106, 
            -3.107501, 
            -1.666139, 
            0.084918, 
            -1.575028, 
            -2.185781, 
            -0.8813106714698014
        ], 
        [
            1.983525, 
            -2.413811, 
            1.344098, 
            -1.512013, 
            1.644951, 
            -2.052017, 
            -0.9829832207384277, 
            2.577084, 
            0.407156, 
            1.533354, 
            -1.564431, 
            -0.992894, 
            0.127261, 
            0.3025564819849502, 
            -1.723229, 
            2.019022, 
            -1.646872, 
            1.030442, 
            0.572414, 
            -0.388587, 
            -0.3444100638643346, 
            -0.062955, 
            -1.564234, 
            -1.315265, 
            -1.143701, 
            2.2067, 
            -0.575107, 
            0.2750570711116309, 
            0.847282, 
            1.877711, 
            2.046307, 
            1.970068, 
            -0.621652, 
            -0.144273, 
            0.208592552602608, 
            -0.589217, 
            2.317005, 
            -0.808074, 
            2.311503, 
            2.543113, 
            0.926352, 
            0.5220949243938753, 
            0.28019, 
            1.138981, 
            -1.381818, 
            -1.218517, 
            1.996141, 
            0.262832, 
            0.013104424359285272, 
            -1.752562, 
            -0.423031, 
            0.228145, 
            0.378816, 
            0.591228, 
            2.37058, 
            -0.4925759396500886
        ], 
        [
            1.738569, 
            -1.969484, 
            -2.565724, 
            2.001131, 
            -3.708225, 
            2.698454, 
            -1.913156, 
            2.848168, 
            -2.217396, 
            2.182973, 
            -2.341777, 
            1.63053, 
            1.845346, 
            -0.650065
        ]
    ], 
    "nodes" : [
        [
            0.538887566795751, 
            0.10429677414526638, 
            -0.4852383311435156, 
            0.6698455131527501, 
            1.0
        ], 
        [
            0.9347421498850707, 
            -0.693897208168733, 
            -0.9820220439498628, 
            -0.8519960573734737, 
            -0.9734143710572917, 
            -0.9955500418858902, 
            -0.6439273229506305, 
            0.7615941559557649
        ], 
        [
            0.05834851433683921, 
            -0.9999998945108491, 
            0.9927245747372077, 
            -0.998217670944511, 
            -0.9948268632908857, 
            -0.2733123828923915, 
            0.7615941559557649
        ], 
        [
            0.9999323357786127, 
            -0.9999586040677049
        ]
    ], 
    "pre activation nodes" : [
        [
            0.0, 
            0.0, 
            0.0, 
            0.0, 
            0.0
        ], 
        [
            1.6946914967350297, 
            -0.8554331134312587, 
            -2.351363246700201, 
            -1.263390186789064, 
            -2.15357485015043, 
            -3.0528901589835673, 
            -0.7648542540782268, 
            1.0
        ], 
        [
            0.05841486672412888, 
            -8.378902426157513, 
            2.806377923814272, 
            -3.5110449652663274, 
            -2.9774166610671027, 
            -0.2804401309949158, 
            1.0
        ], 
        [
            5.147033176627373, 
            -5.392727209040944
        ]
    ], 
    "average nodes" : [
        [
            0.0, 
            0.0, 
            0.0, 
            0.0, 
            0.0
        ], 
        [
            0.0, 
            0.0, 
            0.0, 
            0.0, 
            0.0, 
            0.0, 
            0.0, 
            0.0
        ], 
        [
            0.0, 
            0.0, 
            0.0, 
            0.0, 
            0.0, 
            0.0, 
            0.0
        ], 
        [
            0.0, 
            0.0
        ]
    ], 
    "input width" : 4, 
    "output width" : 2, 
    "hidden width" : 7, 
    "hidden length" : 2, 
    "hidden layer details" : {
        "items" : 3, 
        "0" : "is shallow", 
        "1" : "probabilities",