{
    "child iterations" : 15, 
    "is fertile" : false, 
    "is classifier" : false, 
    "is child" : false, 
    "weights" : [
        [
            0.521749, 
            0.54054, 
            0.805306, 
            -0.595211, 
            0.88941, 
            0.735403, 
            -0.498826, 
            0.387641, 
            -0.116082, 
            0.15636, 
            -1.04039, 
            0.576371, 
            0.133641, 
            0.208012, 
            -0.590987, 
            -0.865159, 
            -0.707257, 
            0.348852, 
            0.681281, 
            0.6393402953885583, 
            -0.536324, 
            0.835585, 
            0.628934, 
            0.669227, 
            0.380384, 
            0.888951, 
            -0.498185, 
            -0.873031, 
            0.146692, 
            -0.883237, 
            -0.440317, 
            -0.739492, 
            -0.759484, 
            -0.392233, 
            -0.226595, 
            -1.008629, 
            0.575643, 
            0.048553, 
            0.864782, 
            -0.4720602363906732, 
            0.272797, 
            -0.118313, 
            -0.626337, 
            -0.646335, 
            -0.010417, 
            0.456876, 
            -0.559532, 
            -0.813606, 
            0.087939, 
            -0.222883, 
            -0.330215, 
            0.272256, 
            -0.641252, 
            0.134575, 
            0.278801, 
            0.570162, 
            -0.29469, 
            -0.865616, 
            1.009059, 
            0.7371428641980751, 
            -0.147918, 
            -0.320349, 
            -0.974951, 
            0.053173, 
            0.332628, 
            -0.186813, 
            -1.016895, 
            -0.273582, 
            0.993475, 
            0.802453, 
            -0.320231, 
            -0.039237, 
            -0.898927, 
            -0.557533, 
            -1.050068, 
            0.710838, 
            -0.963715, 
            -0.086277, 
            0.741957, 
            0.9698087522012464, 
            0.495291, 
            -0.630628, 
            0.359081, 
            0.305294, 
            0.564122, 
            0.610321, 
            0.932074, 
            -0.58327, 
            -0.837656, 
            0.724964, 
            -0.213062, 
            -0.78989, 
            0.673868, 
            0.948217, 
            0.652781, 
            0.152783, 
            0.999755, 
            -0.429517, 
            0.10994, 
            0.6896886771481578, 
            0.425334, 
            0.624091, 
            -0.867203, 
            0.739252, 
            0.862387, 
            0.477144, 
            -0.203286, 
            0.657712, 
            -0.009489, 
            -0.508224, 
            -0.902186, 
            0.881231, 
            0.514883, 
            -0.902294, 
            -0.440183, 
            -0.330085, 
            0.71542, 
            0.168605, 
            -0.593604, 
            -0.028237907744206536, 
            0.419234, 
            0.986201, 
            -0.759021, 
            0.421863, 
            -0.083934, 
            0.937804, 
            0.375153, 
            0.934532, 
            -0.601543, 
            -0.949175, 
            -0.038397, 
            -0.107891, 
            0.706454, 
            0.469365, 
            -0.972467, 
            -0.936065, 
            0.518629, 
            0.925337, 
            -0.950485, 
            0.8325102285223285, 
            -0.520893, 
            0.234875, 
            0.116855, 
            0.059835, 
            -0.189655, 
            -0.368, 
            -0.584078, 
            0.078932, 
            0.851143, 
            -0.091202, 
            0.30979, 
            0.203183, 
            -0.637859, 
            0.064437, 
            0.951187, 
            0.612549, 
            0.903013, 
            0.827203, 
            0.70108, 
            0.3993155603513425, 
            -0.967639, 
            -0.84114, 
            0.21388, 
            -0.734126, 
            -0.303856, 
            0.068315, 
            -0.912149, 
            -0.56535, 
            -0.328362, 
            0.11431, 
            1.018556, 
            0.679049, 
            0.719215, 
            0.942219, 
            -1.003409, 
            -0.804301, 
            0.398133, 
            0.549827, 
            -0.330401, 
            0.5242957626696498, 
            -0.895474, 
            0.908627, 
            0.799911, 
            0.821064, 
            -0.238971, 
            0.290991, 
            -0.854454, 
            0.336452, 
            -0.160751, 
            -0.111158, 
            0.095706, 
            -0.017576, 
            -0.78044, 
            -0.600264, 
            -0.969057, 
            0.683584, 
            0.43291, 
            0.761924, 
            0.157628, 
            -0.819967491104598, 
            0.414764, 
            -0.359245, 
            0.485305, 
            -0.756632, 
            0.467434, 
            -0.604466, 
            -0.353648, 
            1.01167, 
            0.60428, 
            0.625557, 
            0.988855, 
            -0.819909, 
            -0.869418, 
            0.95503, 
            -0.823132, 
            -0.334667, 
            0.468995, 
            -0.335265, 
            -0.403032, 
            -0.6038482833034713
        ], 
        [
            0.419655, 
            0.848097, 
            0.390764, 
            0.31566, 
            -0.246118, 
            0.936872, 
            0.352947, 
            0.586709, 
            0.804443, 
            -0.893932, 
            0.740839, 
            -0.647989, 
            0.176295, 
            0.084036, 
            -0.989399, 
            0.190432, 
            0.764357, 
            -0.748275, 
            -0.863604, 
            0.553151
        ]
    ],