{
    "child iterations" : 15, 
    "is fertile" : false, 
    "is classifier" : false, 
    "is child" : false, 
    "weights" : [
        [
            22.005332, 
            9.06444, 
            2.5944, 
            -5.398464, 
            8.812914, 
            -10.023857, 
            8.250413, 
            9.019173, 
            -7.260906, 
            -0.550119, 
            9.132203, 
            3.887545, 
            9.44375, 
            -0.986648, 
            -15.090481, 
            -8.793151, 
            1.781474, 
            -3.90434, 
            -7.198705, 
            10.204234, 
            -0.708951, 
            -8.688942, 
            2.435577, 
            8.445057, 
            6.168109, 
            -1.707478, 
            -8.018704, 
            -8.977876, 
            -6.490177, 
            8.690468
        ], 
        [
            -9.654452, 
            2.106758, 
            -8.591729, 
            -3.71282, 
            -9.79504, 
            -3.401652, 
            6.304056, 
            -1.141274, 
            -4.672935, 
            11.462219, 
            -1.540033, 
            -0.054189, 
            -0.048697, 
            0.295358, 
            11.99885, 
            -6.694729, 
            8.979294, 
            -6.053539, 
            -8.413336, 
            1.811134, 
            -4.729471, 
            10.89509, 
            3.618088, 
            2.060982, 
            -8.954189, 
            -6.62681, 
            -4.376127, 
            1.731176, 
            -0.418766, 
            5.948584, 
            -7.79518, 
            6.921397, 
            0.606481, 
            9.861443, 
            5.607459, 
            6.229848
        ], 
        [
            -1.974045, 
            -1.174862, 
            -7.349139, 
            -2.150461, 
            -5.181362, 
            9.63225, 
            -0.489175, 
            -1.40258, 
            -8.603646, 
            6.816597, 
            7.373419, 
            1.143054
        ]
    ], 
    "momentum weights" : [
        [
            22.005332, 
            9.06444, 
            2.5944, 
            -5.398464, 
            8.812914, 
            -10.023857, 
            8.250413, 
            9.019173, 
            -7.260906, 
            -0.550119, 
            9.132203, 
            3.887545, 
            9.44375, 
            -0.986648, 
            -15.090481, 
            -8.793151, 
            1.781474, 
            -3.90434, 
            -7.198705, 
            10.204234, 
            -0.708951, 
            -8.688942, 
            2.435577, 
            8.445057, 
            6.168109, 
            -1.707478, 
            -8.018704, 
            -8.977876, 
            -6.490177, 
            8.690468
        ], 
        [
            -9.654452, 
            2.106758, 
            -8.591729, 
            -3.71282, 
            -9.79504, 
            -3.401652, 
            6.304056, 
            -1.141274, 
            -4.672935, 
            11.462219, 
            -1.540033, 
            -0.054189, 
            -0.048697, 
            0.295358, 
            11.99885, 
            -6.694729, 
            8.979294, 
            -6.053539, 
            -8.413336, 
            1.811134, 
            -4.729471, 
            10.89509, 
            3.618088, 
            2.060982, 
            -8.954189, 
            -6.62681, 
            -4.376127, 
            1.731176, 
            -0.418766, 
            5.948584, 
            -7.79518, 
            6.921397, 
            0.606481, 
            9.861443, 
            5.607459, 
            6.229848
        ], 
        [
            -1.974045, 
            -1.174862, 
            -7.349139, 
            -2.150461, 
            -5.181362, 
            9.63225, 
            -0.489175, 
            -1.40258, 
            -8.603646, 
            6.816597, 
            7.373419, 
            1.143054
        ]
    ], 
    "nodes" : [
        [
            0.00031297550281604515, 
            -0.02671386395357103, 
            0.12379434380855973, 
            0.67125671731362, 
            1.0
        ], 
        [
            0.9797585749142069, 
            0.9998595705545016, 
            -0.9999999970536885, 
            -0.9999999999999681, 
            -0.9998836367453496, 
            0.7615941559557649
        ], 
        [
            0.9999998819270425, 
            0.9999999990112094, 
            -0.9999999999999342, 
            0.999999986368747, 
            -0.9999999999999999, 
            0.7615941559557649
        ], 
        [
            0.9999999906065853, 
            -1.0
        ]
    ], 
    "pre activation nodes" : [
        [
            0.0, 
            0.0, 
            0.0, 
            0.0, 
            0.0
        ], 
        [
            2.2914994665375037, 
            4.781941162981027, 
            -10.167929475438573, 
            -15.885922824763583, 
            -4.875941375721403, 
            1.0
        ], 
        [
            8.322555120472117, 
            10.713842874184573, 
            -15.521967743148236, 
            9.402023918468892, 
            -19.044647864004645, 
            1.0
        ], 
        [
            9.588202066829016, 
            -20.306206593692796
        ]
    ], 
    "average nodes" : [
        [
            0.0, 
            0.0, 
            0.0, 
            0.0, 
            0.0
        ], 
        [
            0.0, 
            0.0, 
            0.0, 
            0.0, 
            0.0, 
            0.0
        ], 
        [
            0.0, 
            0.0, 
            0.0, 
            0.0, 
            0.0, 
            0.0
        ], 
        [
            0.0, 
            0.0
        ]
    ], 
    "input width" : 4, 
    "output width" : 2, 
    "hidden width" : 5, 
    "hidden length" : 2, 
    "hidden layer details" : {
        "items" : 3, 
        "0" : "is shallow", 
        "1" : "probabilities", 
        "2" : "width", 
        "is shallow" : true, 
        "probabilities" : {
            "2" : 0.85, 
            "3" : 0.12, 
            "1" : 0.03
        }, 
        "width" : {
            "no change" : 0.6, 
            "decrease" : 0.35, 
            "increase" : 0.05
        }
    }, 
    "weight range" : 1.0, 
    "activation function" : 2, 
    "learning rate" : 0.05, 
    "momentum active" : true, 
    "momentum" : 0.001, 
    "accuracy requirement" : 0.985, 
    "epochs" : 10, 
    "batch size" : 40, 
    "accuracy sample size" : 150, 
    "fitness sample size" : 15, 
    "allow testing" : false, 
    "show output" : true, 
    "use bias" : true, 
    "clear bias" : false, 
    "bias value" : 1.0, 
    "child" : null
}