{
    "child iterations" : 15, 
    "is fertile" : false, 
    "is classifier" : false, 
    "is child" : false, 
    "weights" : [
        [
            0.451123, 
            0.197019, 
            6.734901, 
            -1.390378, 
            0.4490415082989998, 
            1.731618, 
            -0.646022, 
            6.275964, 
            -0.354454, 
            -0.17653350251266464, 
            4.820105, 
            1.613753, 
            6.751175, 
            1.782508, 
            -0.6112378548273381, 
            -1.254688, 
            2.187798, 
            -0.286073, 
            -1.791694, 
            0.5167752572786124, 
            3.721955, 
            -0.312415, 
            2.123797, 
            -0.770379, 
            -0.8389734986979149
        ], 
        [
            -1.542571, 
            2.161419, 
            2.188887, 
            0.4995904974211145, 
            0.019647, 
            -0.450287, 
            0.248536, 
            -0.031181357728929493, 
            -3.710686, 
            1.394478, 
            5.091436, 
            -0.4037206712272001, 
            0.808233, 
            -1.322868, 
            -0.738927, 
            0.07010373729079777, 
            2.319624, 
            -3.310716, 
            3.124635, 
            -0.4691448490999115
        ], 
        [
            -2.079105, 
            4.37449, 
            3.300554, 
            -1.3053, 
            3.070026, 
            -2.702294, 
            1.946601, 
            -3.01318
        ]
    ], 
    "momentum weights" : [
        [
            0.451123, 
            0.197019, 
            6.734901, 
            -1.390378, 
            0.4490415082989998, 
            1.731618, 
            -0.646022, 
            6.275964, 
            -0.354454, 
            -0.17653350251266464, 
            4.820105, 
            1.613753, 
            6.751175, 
            1.782508, 
            -0.6112378548273381, 
            -1.254688, 
            2.187798, 
            -0.286073, 
            -1.791694, 
            0.5167752572786124, 
            3.721955, 
            -0.312415, 
            2.123797, 
            -0.770379, 
            -0.8389734986979149
        ], 
        [
            -1.542571, 
            2.161419, 
            2.188887, 
            0.4995904974211145, 
            0.019647, 
            -0.450287, 
            0.248536, 
            -0.031181357728929493, 
            -3.710686, 
            1.394478, 
            5.091436, 
            -0.4037206712272001, 
            0.808233, 
            -1.322868, 
            -0.738927, 
            0.07010373729079777, 
            2.319624, 
            -3.310716, 
            3.124635, 
            -0.4691448490999115
        ], 
        [
            -2.079105, 
            4.37449, 
            3.300554, 
            -1.3053, 
            3.070026, 
            -2.702294, 
            1.946601, 
            -3.01318
        ]
    ], 
    "nodes" : [
        [
            0.18407142187511266, 
            0.7159930700812357, 
            -0.7243500549249359, 
            0.4078816479809414, 
            1.0
        ], 
        [
            0.7785241505762822, 
            -0.7679272627672036, 
            0.993332361046255, 
            -0.997294080124981, 
            0.7615941559557649
        ], 
        [
            -0.9992459253543616, 
            0.976290528635417, 
            0.9999999922964095, 
            0.7615941559557649
        ], 
        [
            0.9999999944619218, 
            -0.9999999988599206
        ]
    ], 
    "pre activation nodes" : [
        [
            0.0, 
            0.0, 
            0.0, 
            0.0, 
            0.0
        ], 
        [
            1.041612809442626, 
            -1.0152561281494794, 
            2.8501486265967246, 
            -3.3020533321681524, 
            1.0
        ], 
        [
            -3.941394633738396, 
            2.21155114610868, 
            9.68736324343861, 
            1.0
        ], 
        [
            9.852382731011046, 
            -10.642657593056637
        ]
    ], 
    "average nodes" : [
        [
            0.0, 
            0.0, 
            0.0, 
            0.0, 
            0.0
        ], 
        [
            0.0, 
            0.0, 
            0.0, 
            0.0, 
            0.0
        ], 
        [
            0.0, 
            0.0, 
            0.0, 
            0.0
        ], 
        [
            0.0, 
            0.0
        ]
    ], 
    "input width" : 4, 
    "output width" : 2, 
    "hidden width" : 4, 
    "hidden length" : 2, 
    "hidden layer details" : {
        "items" : 3, 
        "0" : "is shallow", 
        "1" : "probabilities", 
        "2" : "width", 
        "is shallow" : true, 
        "probabilities" : {
            "2" : 0.85, 
            "3" : 0.12, 
            "1" : 0.03
        }, 
        "width" : {
            "no change" : 0.6, 
            "decrease" : 0.35, 
            "increase" : 0.05
        }
    }, 
    "weight range" : 1.0, 
    "activation function" : 2, 
    "learning rate" : 0.05, 
    "momentum active" : true, 
    "momentum" : 0.001, 
    "accuracy requirement" : 0.985, 
    "epochs" : 10, 
    "batch size" : 40, 
    "accuracy sample size" : 150, 
    "fitness sample size" : 15, 
    "allow testing" : false, 
    "show output" : true, 
    "use bias" : true, 
    "clear bias" : false, 
    "bias value" : 1.0, 
    "child" : null
}