{
    "child iterations" : 15, 
    "is fertile" : false, 
    "is classifier" : false, 
    "is child" : false, 
    "weights" : [
        [
            0.484026, 
            -3.88658, 
            2.607415, 
            2.441297, 
            3.040575, 
            -2.604115, 
            -0.10059948510455952, 
            -2.831949, 
            -0.64246, 
            0.312335, 
            -0.709952, 
            3.348033, 
            -2.755977, 
            0.421428509504844, 
            -3.799305, 
            0.960799, 
            1.430263, 
            -0.770595, 
            4.746481, 
            -2.117168, 
            0.9230706431283486, 
            1.138443, 
            1.435554, 
            1.204019, 
            -0.221229, 
            0.372045, 
            -0.358121, 
            -0.03172080327462279, 
            -2.32212, 
            -1.550585, 
            -1.338184, 
            -0.952986, 
            1.545431, 
            -0.028796, 
            0.9313788674767929
        ], 
        [
            -1.209287, 
            -1.345625, 
            -1.610699, 
            -1.777572, 
            -0.820766, 
            -0.5136681952668551, 
            -2.025265, 
            -2.067869, 
            1.306881, 
            -2.0296, 
            -0.178573, 
            -0.7655765532325245, 
            -1.04967, 
            2.185896, 
            -0.647929, 
            0.954616, 
            -1.572434, 
            -0.05595227150363957, 
            2.877759, 
            0.184247, 
            2.554636, 
            -0.813628, 
            0.065642, 
            0.9498370466543644, 
            1.615045, 
            1.506233, 
            -2.529047, 
            2.848946, 
            -1.616716, 
            -0.41684613966378614, 
            -2.031426, 
            -0.056438, 
            1.581433, 
            -2.142681, 
            -1.447952, 
            -0.5306933064794179, 
            2.131875, 
            -0.329348, 
            0.469375, 
            0.086401, 
            2.436192, 
            -0.20178197408574472
        ], 
        [
            1.629334, 
            -1.592827, 
            2.33473, 
            -0.890367, 
            1.276498, 
            1.464639, 
            3.022916, 
            -2.385974, 
            -1.81899, 
            -1.29601, 
            2.336187, 
            1.893765
        ]
    ], 
    "momentum weights" : [
        [
            0.484026, 
            -3.88658, 
            2.607415, 
            2.441297, 
            3.040575, 
            -2.604115, 
            -0.10059948510455952, 
            -2.831949, 
            -0.64246, 
            0.312335, 
            -0.709952, 
            3.348033, 
            -2.755977, 
            0.421428509504844, 
            -3.799305, 
            0.960799, 
            1.430263, 
            -0.770595, 
            4.746481, 
            -2.117168, 
            0.9230706431283486, 
            1.138443, 
            1.435554, 
            1.204019, 
            -0.221229, 
            0.372045, 
            -0.358121, 
            -0.03172080327462279, 
            -2.32212, 
            -1.550585, 
            -1.338184, 
            -0.952986, 
            1.545431, 
            -0.028796, 
            0.9313788674767929
        ], 
        [
            -1.209287, 
            -1.345625, 
            -1.610699, 
            -1.777572, 
            -0.820766, 
            -0.5136681952668551, 
            -2.025265, 
            -2.067869, 
            1.306881, 
            -2.0296, 
            -0.178573, 
            -0.7655765532325245, 
            -1.04967, 
            2.185896, 
            -0.647929, 
            0.954616, 
            -1.572434, 
            -0.05595227150363957, 
            2.877759, 
            0.184247, 
            2.554636, 
            -0.813628, 
            0.065642, 
            0.9498370466543644, 
            1.615045, 
            1.506233, 
            -2.529047, 
            2.848946, 
            -1.616716, 
            -0.41684613966378614, 
            -2.031426, 
            -0.056438, 
            1.581433, 
            -2.142681, 
            -1.447952, 
            -0.5306933064794179, 
            2.131875, 
            -0.329348, 
            0.469375, 
            0.086401, 
            2.436192, 
            -0.20178197408574472
        ], 
        [
            1.629334, 
            -1.592827, 
            2.33473, 
            -0.890367, 
            1.276498, 
            1.464639, 
            3.022916, 
            -2.385974, 
            -1.81899, 
            -1.29601, 
            2.336187, 
            1.893765
        ]
    ], 
    "nodes" : [
        [
            0.6282802933604482, 
            0.1416180537106123, 
            -0.5862278415577142, 
            0.7279303854442292, 
            1.0
        ], 
        [
            0.5627813533884612, 
            -0.9985129860235673, 
            0.3646319146091151, 
            0.6475080636320478, 
            0.8892248727268733, 
            -0.7912443005754437, 
            0.7615941559557649
        ], 
        [
            0.999999375129545, 
            0.9975756198945058, 
            -0.9992381069785491, 
            0.9999316499480241, 
            0.6345454416460236, 
            0.7615941559557649
        ], 
        [
            0.9999936561098741, 
            -0.9999780730573447
        ]
    ], 
    "pre activation nodes" : [
        [
            0.0, 
            0.0, 
            0.0, 
            0.0, 
            0.0
        ], 
        [
            0.636894513052086, 
            -3.601694304750576, 
            0.38221775932045143, 
            0.7709957071957511, 
            1.4182098188312442, 
            -1.074750565666166, 
            1.0
        ], 
        [
            7.4894341743680375, 
            3.3570568345408143, 
            -3.9362352827004257, 
            5.1419906196534395, 
            0.7489890416119203, 
            1.0
        ], 
        [
            6.330581200886129, 
            -5.710465318042215
        ]
    ], 
    "average nodes" : [
        [
            0.0, 
            0.0, 
            0.0, 
            0.0, 
            0.0
        ], 
        [
            0.0, 
            0.0, 
            0.0, 
            0.0, 
            0.0, 
            0.0, 
            0.0
        ], 
        [
            0.0, 
            0.0, 
            0.0, 
            0.0, 
            0.0, 
            0.0
        ], 
        [
            0.0, 
            0.0
        ]
    ], 
    "input width" : 4, 
    "output width" : 2, 
    "hidden width" : 7, 
    "hidden length" : 2, 
    "hidden layer details" : {
        "items" : 3, 
        "0" : "is shallow", 
        "1" : "probabilities", 
        "2" : "width", 
        "is shallow" : true, 
        "probabilities" : {
            "2" : 0.85, 
            "3" : 0.12, 
            "1" : 0.03
        }, 
        "width" : {
            "no change" : 0.6, 
            "decrease" : 0.35, 
            "increase" : 0.05
        }
    }, 
    "weight range" : 1.0, 
    "activation function" : 2, 
    "learning rate" : 0.05, 
    "momentum active" : true, 
    "momentum" : 0.001, 
    "accuracy requirement" : 0.985, 
    "epochs" : 10, 
    "batch size" : 40, 
    "accuracy sample size" : 150, 
    "fitness sample size" : 15, 
    "allow testing" : false, 
    "show output" : true, 
    "use bias" : true, 
    "clear bias" : false, 
    "bias value" : 1.0, 
    "child" : null
}