{
    "child iterations" : 15, 
    "is fertile" : false, 
    "is classifier" : false, 
    "is child" : false, 
    "weights" : [
        [
            0.669924, 
            -0.095598, 
            0.362797, 
            1.009849, 
            0.938721, 
            -0.980714, 
            0.914158, 
            -0.924309, 
            0.044389, 
            0.223141, 
            0.38161, 
            -0.087902, 
            0.9522728275014811, 
            0.009514, 
            0.239158, 
            -0.798678, 
            0.750617, 
            -0.557423, 
            0.221236, 
            -1.225134, 
            0.668843, 
            -0.06531, 
            1.016607, 
            -0.523353, 
            0.151707, 
            -0.30076698118311773, 
            0.633047, 
            0.882566, 
            0.937759, 
            0.264512, 
            0.215962, 
            -1.064574, 
            0.205038, 
            0.270503, 
            0.939811, 
            0.519352, 
            0.782355, 
            -1.196503, 
            0.749424263370484, 
            -0.236995, 
            -0.950988, 
            0.263678, 
            -0.114402, 
            -0.444866, 
            -1.079202, 
            -0.485704, 
            1.040484, 
            0.016523, 
            -0.150117, 
            -0.874921, 
            0.79274, 
            0.1675716444628319, 
            1.046081, 
            -0.641386, 
            -0.29433, 
            -0.10559, 
            0.926559, 
            0.845149, 
            -0.603086, 
            0.458494, 
            -0.760201, 
            -0.711169, 
            0.683421, 
            -0.030356, 
            -0.5785294294379437, 
            1.166106, 
            -0.843873, 
            0.416405, 
            0.323298, 
            -0.128754, 
            -0.128925, 
            -1.10967, 
            -0.40804, 
            -0.561205, 
            -0.6602, 
            -0.706474, 
            0.137897, 
            0.5201667999245922, 
            0.380774, 
            0.920747, 
            -1.086953, 
            -0.808693, 
            -0.002806, 
            -0.711467, 
            -0.321888, 
            -0.645145, 
            0.817257, 
            -0.310984, 
            -1.19818, 
            -0.362663, 
            0.3224049915041869, 
            0.7566, 
            0.699489, 
            -0.736979, 
            0.254782, 
            0.961883, 
            0.325042, 
            -0.091055, 
            0.533878, 
            -0.526037, 
            -0.144217, 
            1.228882, 
            0.762161, 
            0.44909456541640647, 
            -0.037778, 
            0.36316, 
            -1.03094, 
            0.507759, 
            -1.177532, 
            0.101804, 
            -0.49478, 
            0.762191, 
            1.141903, 
            -0.922679, 
            0.447093, 
            0.162225, 
            0.5461764059567251, 
            -0.593746, 
            -0.990286, 
            -0.052338, 
            1.144188, 
            0.831071, 
            -0.222055, 
            -0.894925, 
            -0.719346, 
            0.217921, 
            -0.451994, 
            0.091563, 
            -0.280873, 
            -0.5464102346468789, 
            -0.767805, 
            -0.085256, 
            -0.075844, 
            -0.38345, 
            -0.130138, 
            -0.867261, 
            0.776437, 
            1.096309, 
            -0.62361, 
            0.405495, 
            0.876466, 
            -0.686331, 
            -0.401452692769213
        ], 
        [
            0.732246, 
            -0.786636, 
            -0.56127, 
            1.149535, 
            -0.888028, 
            -0.69516, 
            0.143301, 
            0.648657, 
            0.234019, 
            -0.614246, 
            -0.527341, 
            0.09734310040797545, 
            0.030322, 
            0.125823, 
            0.746482, 
            0.892399, 
            0.921512, 
            0.060235, 
            1.003507, 
            -0.793228, 
            0.762694, 
            0.527232, 
            -0.080199, 
            -0.048961517863205684, 
            0.547541, 
            0.382072, 
            -0.017423, 
            -0.73352, 
            1.030451, 
            -0.27352, 
            -0.077334, 
            -0.569632, 
            1.177675, 
            0.02039, 
            -0.795305, 
            -0.8956369933107715, 
            -0.646597, 
            -0.32396, 
            -1.124374, 
            1.112727, 
            1.21101, 
            0.66326, 
            -0.974665, 
            -0.187907, 
            1.099515, 
            0.362125, 
            0.755372, 
            -0.08037353908928102, 
            0.41958, 
            1.171657, 
            -0.473341, 
            -0.263895, 
            -0.16743, 
            1.186036, 
            1.110413, 
            -0.174469, 
            -0.365858, 
            -0.387342, 
            -0.972718, 
            0.5731904647491917, 
            0.249676, 
            -0.02593, 
            0.204157, 
            0.757327, 
            -0.504838, 
            0.46847, 
            0.627644, 
            0.489549, 
            0.507601, 
            0.438828, 
            -0.890297, 
            0.8287175244913652, 
            -0.118173, 
            -0.524249, 
            0.675687, 
            1.155187, 
            -0.090649, 
            -0.762405, 
            0.519681, 
            1.026821, 
            -0.670138, 
            0.131129, 
            0.345111, 
            0.46543771752758545, 
            -0.970708, 
            0.798898, 
            -0.645072, 
            -0.060405, 
            0.576686, 
            0.604857, 
            0.127286, 
            -1.241725, 
            -0.107398, 
            1.199636, 
            1.041032, 
            -0.7432611547269787, 
            0.971349, 
            -0.45217, 
            -0.760026, 
            0.842002, 
            0.997771, 
            0.998491, 
            0.519367, 
            1.184205, 
            1.171529, 
            0.843973, 
            -0.494677, 
            0.08125259853940525, 
            1.093301, 
            -0.705053, 
            -1.057895, 
            -0.182953, 
            0.78396, 
            0.095367, 
            0.988417, 
            -1.023755, 
            -0.417017, 
            -1.050509, 
            -0.665946, 
            0.9022794380226271, 
            -0.022965, 
            1.131383, 
            0.014268, 
            -0.492757, 
            0.726942, 
            -0.466385, 
            -0.454713, 
            -0.684474, 
            0.336579, 
            -0.076767, 
            -0.347724, 
            -0.42368250186561474, 
            1.005956, 
            -1.051958, 
            0.986653, 
            -0.645957, 
            0.057393, 
            -0.643418, 
            0.944027, 
            0.949307, 
            0.436667, 
            -0.023062, 
            -0.243231, 
            -0.4389248445394347, 
            1.165624, 
            0.540637, 
            -0.992569, 
            0.187477, 
            -0.915676, 
            -0.376519, 
            -0.285754, 
            0.573755, 
            1.131195, 
            0.951008, 
            -0.679671, 
            -0.25256515654008505
        ], 
        [
            0.873449, 
            -0.502814, 
            -0.07963, 
            0.040469, 
            0.475973, 
            0.084266, 
            0.0286, 
            -0.54676, 
            0.616694, 
            0.768263, 
            -0.574046, 
            0.027737
        ]
    ],