{
    "child iterations" : 15, 
    "is fertile" : false, 
    "is classifier" : false, 
    "is child" : false, 
    "weights" : [
        [
            -2.763885, 
            0.571474, 
            -6.79912, 
            5.261672, 
            -0.710063912147447, 
            0.638317, 
            -0.329359, 
            -5.023792, 
            2.076231, 
            -0.46087136084037095, 
            0.999968, 
            -5.334411, 
            -6.426125, 
            1.483818, 
            0.4645373654032381, 
            1.609934, 
            0.537987, 
            -0.311394, 
            0.176262, 
            -0.7032042892447121, 
            -0.559295, 
            -3.41316, 
            -1.323755, 
            0.455808, 
            0.9168437119575392
        ], 
        [
            0.175755, 
            1.013084, 
            0.726839, 
            0.45452862116401005, 
            -0.203369, 
            3.331557, 
            -0.09968, 
            0.06653250920921994, 
            3.508811, 
            4.168493, 
            2.127595, 
            0.5980641801304689, 
            -1.037874, 
            -2.648413, 
            1.199615, 
            -0.18194441380118365, 
            -0.533966, 
            -1.39331, 
            -2.529143, 
            0.6708451048852622
        ], 
        [
            -1.067374, 
            2.660967, 
            -5.09918, 
            3.576333, 
            0.739919, 
            -0.614231, 
            0.479375, 
            0.138056
        ]
    ], 
    "momentum weights" : [
        [
            -2.763885, 
            0.571474, 
            -6.79912, 
            5.261672, 
            -0.710063912147447, 
            0.638317, 
            -0.329359, 
            -5.023792, 
            2.076231, 
            -0.46087136084037095, 
            0.999968, 
            -5.334411, 
            -6.426125, 
            1.483818, 
            0.4645373654032381, 
            1.609934, 
            0.537987, 
            -0.311394, 
            0.176262, 
            -0.7032042892447121, 
            -0.559295, 
            -3.41316, 
            -1.323755, 
            0.455808, 
            0.9168437119575392
        ], 
        [
            0.175755, 
            1.013084, 
            0.726839, 
            0.45452862116401005, 
            -0.203369, 
            3.331557, 
            -0.09968, 
            0.06653250920921994, 
            3.508811, 
            4.168493, 
            2.127595, 
            0.5980641801304689, 
            -1.037874, 
            -2.648413, 
            1.199615, 
            -0.18194441380118365, 
            -0.533966, 
            -1.39331, 
            -2.529143, 
            0.6708451048852622
        ], 
        [
            -1.067374, 
            2.660967, 
            -5.09918, 
            3.576333, 
            0.739919, 
            -0.614231, 
            0.479375, 
            0.138056
        ]
    ], 
    "nodes" : [
        [
            -0.1246998247625641, 
            -0.44947557877169814, 
            -0.061864863118444, 
            0.7422733844349273, 
            1.0
        ], 
        [
            0.5591538824182632, 
            -0.9891799374405021, 
            0.9602086055618234, 
            -0.7985140867054027, 
            0.7615941559557649
        ], 
        [
            0.9994405643835778, 
            0.9811418484377634, 
            -0.3240258133385296, 
            0.7615941559557649
        ], 
        [
            -0.9999862679566758, 
            0.999995224111618
        ]
    ], 
    "pre activation nodes" : [
        [
            0.0, 
            0.0, 
            0.0, 
            0.0, 
            0.0
        ], 
        [
            0.6316013476031014, 
            -2.6070378429031784, 
            1.948577754602553, 
            -1.0944983129222459, 
            1.0
        ], 
        [
            4.090724766937954, 
            2.327241692279567, 
            -0.3361386714421475, 
            1.0
        ], 
        [
            -5.944459420953568, 
            6.472537672682415
        ]
    ], 
    "average nodes" : [
        [
            0.0, 
            0.0, 
            0.0, 
            0.0, 
            0.0
        ], 
        [
            0.0, 
            0.0, 
            0.0, 
            0.0, 
            0.0
        ], 
        [
            0.0, 
            0.0, 
            0.0, 
            0.0
        ], 
        [
            0.0, 
            0.0
        ]
    ], 
    "input width" : 4, 
    "output width" : 2, 
    "hidden width" : 4, 
    "hidden length" : 2, 
    "hidden layer details" : {
        "items" : 3, 
        "0" : "is shallow", 
        "1" : "probabilities", 
        "2" : "width", 
        "is shallow" : true, 
        "probabilities" : {
            "2" : 0.85, 
            "3" : 0.12, 
            "1" : 0.03
        }, 
        "width" : {
            "no change" : 0.6, 
            "decrease" : 0.35, 
            "increase" : 0.05
        }
    }, 
    "weight range" : 1.0, 
    "activation function" : 2, 
    "learning rate" : 0.05, 
    "momentum active" : true, 
    "momentum" : 0.001, 
    "accuracy requirement" : 0.985, 
    "epochs" : 10, 
    "batch size" : 40, 
    "accuracy sample size" : 150, 
    "fitness sample size" : 15, 
    "allow testing" : false, 
    "show output" : true, 
    "use bias" : true, 
    "clear bias" : false, 
    "bias value" : 1.0, 
    "child" : null
}