{
    "child iterations" : 15, 
    "is fertile" : false, 
    "is classifier" : false, 
    "is child" : false, 
    "weights" : [
        [
            -2.854111, 
            -5.448663, 
            2.640375, 
            -0.077821, 
            2.118407, 
            -0.930547, 
            0.07968853300945433, 
            0.671222, 
            -2.531295, 
            1.761472, 
            -2.103259, 
            1.288761, 
            4.060295, 
            -0.7247223177147428, 
            1.520028, 
            -2.961191, 
            5.119478, 
            0.480191, 
            0.31495, 
            2.382472, 
            -0.06167657339411914, 
            -2.135787, 
            1.316766, 
            1.304009, 
            1.533191, 
            2.184131, 
            -0.180611, 
            -0.618833994782223, 
            -1.914428, 
            -1.952154, 
            1.393394, 
            2.67608, 
            -2.253452, 
            -0.43951, 
            0.42760936364689806
        ], 
        [
            -0.198826, 
            0.335745, 
            -3.540549, 
            -1.165628, 
            -0.665188, 
            -2.764445, 
            0.3378646296754997, 
            -2.603361, 
            -3.5903, 
            0.185175, 
            -3.012097, 
            -3.015144, 
            1.317806, 
            0.6268897771685191, 
            -1.297932, 
            1.206596, 
            3.415704, 
            2.84753, 
            -2.138044, 
            -0.194789, 
            0.1354064365886367, 
            1.524003, 
            1.831531, 
            -1.550339, 
            -0.943862, 
            -2.54561, 
            -3.071908, 
            -0.3191964387906343, 
            -1.489326, 
            0.639847, 
            -0.72562, 
            0.623454, 
            -1.555801, 
            0.588158, 
            0.0974608814595952, 
            -1.11114, 
            1.167659, 
            2.607634, 
            0.638118, 
            -1.972633, 
            2.892525, 
            -0.37104061406047273, 
            0.928892, 
            -0.038465, 
            1.436026, 
            -1.516075, 
            -0.889931, 
            0.473486, 
            -0.1501125677352606
        ], 
        [
            2.860977, 
            -0.177295, 
            2.18104, 
            -1.457107, 
            2.046172, 
            -1.850352, 
            2.554087, 
            -3.140708, 
            0.191311, 
            -0.72261, 
            1.486781, 
            -0.875613, 
            -1.904297, 
            -1.814408
        ]
    ], 
    "momentum weights" : [
        [
            -2.854111, 
            -5.448663, 
            2.640375, 
            -0.077821, 
            2.118407, 
            -0.930547, 
            0.07968853300945433, 
            0.671222, 
            -2.531295, 
            1.761472, 
            -2.103259, 
            1.288761, 
            4.060295, 
            -0.7247223177147428, 
            1.520028, 
            -2.961191, 
            5.119478, 
            0.480191, 
            0.31495, 
            2.382472, 
            -0.06167657339411914, 
            -2.135787, 
            1.316766, 
            1.304009, 
            1.533191, 
            2.184131, 
            -0.180611, 
            -0.618833994782223, 
            -1.914428, 
            -1.952154, 
            1.393394, 
            2.67608, 
            -2.253452, 
            -0.43951, 
            0.42760936364689806
        ], 
        [
            -0.198826, 
            0.335745, 
            -3.540549, 
            -1.165628, 
            -0.665188, 
            -2.764445, 
            0.3378646296754997, 
            -2.603361, 
            -3.5903, 
            0.185175, 
            -3.012097, 
            -3.015144, 
            1.317806, 
            0.6268897771685191, 
            -1.297932, 
            1.206596, 
            3.415704, 
            2.84753, 
            -2.138044, 
            -0.194789, 
            0.1354064365886367, 
            1.524003, 
            1.831531, 
            -1.550339, 
            -0.943862, 
            -2.54561, 
            -3.071908, 
            -0.3191964387906343, 
            -1.489326, 
            0.639847, 
            -0.72562, 
            0.623454, 
            -1.555801, 
            0.588158, 
            0.0974608814595952, 
            -1.11114, 
            1.167659, 
            2.607634, 
            0.638118, 
            -1.972633, 
            2.892525, 
            -0.37104061406047273, 
            0.928892, 
            -0.038465, 
            1.436026, 
            -1.516075, 
            -0.889931, 
            0.473486, 
            -0.1501125677352606
        ], 
        [
            2.860977, 
            -0.177295, 
            2.18104, 
            -1.457107, 
            2.046172, 
            -1.850352, 
            2.554087, 
            -3.140708, 
            0.191311, 
            -0.72261, 
            1.486781, 
            -0.875613, 
            -1.904297, 
            -1.814408
        ]
    ], 
    "nodes" : [
        [
            -0.40012547865781106, 
            0.3223347689590529, 
            -0.5608331358907531, 
            0.34228065868317914, 
            1.0
        ], 
        [
            -0.97267047527661, 
            0.9093070596658737, 
            -0.9087219626747297, 
            0.9794858702591692, 
            -0.9712966643302253, 
            -0.15512646689458168, 
            0.7615941559557649
        ], 
        [
            0.9929857079494293, 
            -0.9988393403478739, 
            0.36587851263471627, 
            -0.9999982567167736, 
            -0.9061906563452143, 
            0.3764559679413635, 
            0.7615941559557649
        ], 
        [
            -0.9760758340276342, 
            0.9907608848845589
        ]
    ], 
    "pre activation nodes" : [
        [
            0.0, 
            0.0, 
            0.0, 
            0.0, 
            0.0
        ], 
        [
            -2.1395879327409637, 
            1.5235080702409893, 
            -1.5201394819782046, 
            2.2847392620591864, 
            -2.1147167345070614, 
            -0.15638908045815414, 
            1.0
        ], 
        [
            2.824719679989046, 
            -3.725666726072164, 
            0.38365627153374504, 
            -6.976443309948216, 
            -1.505798822598999, 
            0.39592397612092317, 
            1.0
        ], 
        [
            -2.2069895892367892, 
            2.686413042256314
        ]
    ], 
    "average nodes" : [
        [
            0.0, 
            0.0, 
            0.0, 
            0.0, 
            0.0
        ], 
        [
            0.0, 
            0.0, 
            0.0, 
            0.0, 
            0.0, 
            0.0, 
            0.0
        ], 
        [
            0.0, 
            0.0, 
            0.0, 
            0.0, 
            0.0, 
            0.0, 
            0.0
        ], 
        [
            0.0, 
            0.0
        ]
    ], 
    "input width" : 4, 
    "output width" : 2, 
    "hidden width" : 6, 
    "hidden length" : 2, 
    "hidden layer details" : {
        "items" : 3, 
        "0" : "is shallow", 
        "1" : "probabilities", 
        "2" : "width", 
        "is shallow" : true, 
        "probabilities" : {
            "2" : 0.85, 
            "3" : 0.12, 
            "1" : 0.03
        }, 
        "width" : {
            "no change" : 0.6, 
            "decrease" : 0.35, 
            "increase" : 0.05
        }
    }, 
    "weight range" : 1.0, 
    "activation function" : 2, 
    "learning rate" : 0.05, 
    "momentum active" : true, 
    "momentum" : 0.001, 
    "accuracy requirement" : 0.985, 
    "epochs" : 10, 
    "batch size" : 40, 
    "accuracy sample size" : 150, 
    "fitness sample size" : 15, 
    "allow testing" : false, 
    "show output" : true,