{
    "child iterations" : 15, 
    "is fertile" : false, 
    "is classifier" : false, 
    "is child" : false, 
    "weights" : [
        [
            0.173905, 
            2.986662, 
            1.067993, 
            -4.434071, 
            -3.123504, 
            -0.293252, 
            -0.7390558245104162, 
            1.716272, 
            3.978354, 
            1.066835, 
            -1.179694, 
            0.977394, 
            2.934575, 
            0.04487768164830919, 
            -0.236479, 
            3.328656, 
            4.741339, 
            -0.551537, 
            -0.390702, 
            0.6962, 
            0.9753738333717212, 
            -0.773693, 
            0.246839, 
            -1.69196, 
            -0.50354, 
            -0.740991, 
            -0.986727, 
            0.7589919577292601, 
            0.917036, 
            0.775431, 
            3.520131, 
            -0.348112, 
            0.795362, 
            -1.065325, 
            -0.048888610324808734
        ], 
        [
            -1.391127, 
            -1.363697, 
            -0.908328, 
            -0.777671, 
            0.651149, 
            0.107814, 
            0.1405828862722749, 
            1.590804, 
            2.779814, 
            -1.312001, 
            1.16067, 
            2.450183, 
            2.370286, 
            0.2602681514936833, 
            0.336305, 
            2.166729, 
            -2.907199, 
            0.68358, 
            -0.69112, 
            1.659428, 
            -0.583709524461866, 
            3.362134, 
            -2.989092, 
            0.708688, 
            1.563514, 
            1.174579, 
            -0.944358, 
            0.10255067776055271, 
            -1.331962, 
            0.24156, 
            2.057845, 
            1.784049, 
            -2.163119, 
            -1.570391, 
            0.2963712075984817, 
            2.026396, 
            0.783647, 
            -1.406159, 
            0.00829, 
            0.676886, 
            0.365263, 
            -0.32763606082315766, 
            1.619923, 
            1.246375, 
            -0.286797, 
            2.485207, 
            -0.158233, 
            1.195507, 
            0.39934836538061025
        ], 
        [
            -3.462625, 
            0.584035, 
            2.324797, 
            -1.418048, 
            -3.15862, 
            0.776049, 
            0.236753, 
            0.00767, 
            3.003557, 
            -1.201549, 
            0.411471, 
            -2.84457, 
            0.954516, 
            -0.964215
        ]
    ], 
    "momentum weights" : [
        [
            0.173905, 
            2.986662, 
            1.067993, 
            -4.434071, 
            -3.123504, 
            -0.293252, 
            -0.7390558245104162, 
            1.716272, 
            3.978354, 
            1.066835, 
            -1.179694, 
            0.977394, 
            2.934575, 
            0.04487768164830919, 
            -0.236479, 
            3.328656, 
            4.741339, 
            -0.551537, 
            -0.390702, 
            0.6962, 
            0.9753738333717212, 
            -0.773693, 
            0.246839, 
            -1.69196, 
            -0.50354, 
            -0.740991, 
            -0.986727, 
            0.7589919577292601, 
            0.917036, 
            0.775431, 
            3.520131, 
            -0.348112, 
            0.795362, 
            -1.065325, 
            -0.048888610324808734
        ], 
        [
            -1.391127, 
            -1.363697, 
            -0.908328, 
            -0.777671, 
            0.651149, 
            0.107814, 
            0.1405828862722749, 
            1.590804, 
            2.779814, 
            -1.312001, 
            1.16067, 
            2.450183, 
            2.370286, 
            0.2602681514936833, 
            0.336305, 
            2.166729, 
            -2.907199, 
            0.68358, 
            -0.69112, 
            1.659428, 
            -0.583709524461866, 
            3.362134, 
            -2.989092, 
            0.708688, 
            1.563514, 
            1.174579, 
            -0.944358, 
            0.10255067776055271, 
            -1.331962, 
            0.24156, 
            2.057845, 
            1.784049, 
            -2.163119, 
            -1.570391, 
            0.2963712075984817, 
            2.026396, 
            0.783647, 
            -1.406159, 
            0.00829, 
            0.676886, 
            0.365263, 
            -0.32763606082315766, 
            1.619923, 
            1.246375, 
            -0.286797, 
            2.485207, 
            -0.158233, 
            1.195507, 
            0.39934836538061025
        ], 
        [
            -3.462625, 
            0.584035, 
            2.324797, 
            -1.418048, 
            -3.15862, 
            0.776049, 
            0.236753, 
            0.00767, 
            3.003557, 
            -1.201549, 
            0.411471, 
            -2.84457, 
            0.954516, 
            -0.964215
        ]
    ], 
    "nodes" : [
        [
            0.5607237378217194, 
            0.22353478242973732, 
            -0.43171861201456047, 
            0.65738290733517, 
            1.0
        ], 
        [
            0.7580756347161549, 
            0.9683214789222169, 
            0.8331245947356155, 
            -0.9966223318239983, 
            -0.7841361131317485, 
            -0.9092188219929968, 
            0.7615941559557649
        ], 
        [
            -0.9731752749611609, 
            0.9999953827547858, 
            -0.9999748010103348, 
            0.0318762479537521, 
            0.9692656293653354, 
            0.9999955723741806, 
            0.7615941559557649
        ], 
        [
            0.9999999999877736, 
            -0.9999993951461036
        ]
    ], 
    "pre activation nodes" : [
        [
            0.0, 
            0.0, 
            0.0, 
            0.0, 
            0.0
        ], 
        [
            0.9916749816618577, 
            2.0646487673383342, 
            1.1982648804755422, 
            -3.1910133075554326, 
            -1.0560207755808428, 
            -1.5229987351055958, 
            1.0
        ], 
        [
            -2.1490376502863877, 
            6.489428588319446, 
            -5.6409206189427525, 
            0.0318870509746616, 
            2.0800171911332193, 
            6.510396008363155, 
            1.0
        ], 
        [
            12.910282057069935, 
            -7.505712889855664
        ]
    ], 
    "average nodes" : [
        [
            0.0, 
            0.0, 
            0.0, 
            0.0, 
            0.0
        ], 
        [
            0.0, 
            0.0, 
            0.0, 
            0.0, 
            0.0, 
            0.0, 
            0.0
        ], 
        [
            0.0, 
            0.0, 
            0.0, 
            0.0, 
            0.0, 
            0.0, 
            0.0
        ], 
        [
            0.0, 
            0.0
        ]
    ], 
    "input width" : 4, 
    "output width" : 2, 
    "hidden width" : 6, 
    "hidden length" : 2, 
    "hidden layer details" : {
        "items" : 3, 
        "0" : "is shallow", 
        "1" : "probabilities", 
        "2" : "width", 
        "is shallow" : true, 
        "probabilities" : {
            "2" : 0.85, 
            "3" : 0.12, 
            "1" : 0.03
        }, 
        "width" : {
            "no change" : 0.6, 
            "decrease" : 0.35, 
            "increase" : 0.05
        }
    }, 
    "weight range" : 1.0, 
    "activation function" : 2, 
    "learning rate" : 0.05, 
    "momentum active" : true, 
    "momentum" : 0.001, 
    "accuracy requirement" : 0.985, 
    "epochs" : 10, 
    "batch size" : 40, 
    "accuracy sample size" : 150, 
    "fitness sample size" : 15, 
    "allow testing" : false, 
    "show output" : true, 
    "use bias" : true, 
    "clear bias" : false,