{
    "child iterations" : 15, 
    "is fertile" : false, 
    "is classifier" : false, 
    "is child" : false, 
    "weights" : [
        [
            0.158947, 
            0.283178, 
            0.47179, 
            -1.120814, 
            0.715722, 
            -0.589765, 
            0.893092, 
            0.54527, 
            -1.245783, 
            1.311581, 
            1.158237, 
            0.8119339513104418, 
            0.444522, 
            0.890899, 
            1.247372, 
            -0.587749, 
            1.207376, 
            -0.433678, 
            0.274036, 
            0.875042, 
            0.275257, 
            -0.162461, 
            1.407954, 
            0.9006627519527048, 
            0.697169, 
            -1.348797, 
            -0.472841, 
            0.713992, 
            0.996184, 
            1.343915, 
            0.932324, 
            1.042984, 
            -0.479058, 
            0.767757, 
            -0.507956, 
            0.2136992883311133, 
            1.004193, 
            -0.288363, 
            0.753935, 
            -0.249363, 
            -0.45979, 
            -0.944594, 
            -1.180687, 
            0.443257, 
            -0.057869, 
            0.58903, 
            1.108805, 
            -0.25825502289014124, 
            -0.089831, 
            1.231491, 
            -0.124182, 
            0.688895, 
            -1.212319, 
            0.60464, 
            -0.214968, 
            0.639883, 
            1.066675, 
            0.59869, 
            -0.557155, 
            -0.15179507378385293, 
            0.868287, 
            -0.607002, 
            -0.348741, 
            1.009439, 
            -0.70296, 
            0.933425, 
            0.975701, 
            0.282991, 
            1.360959, 
            -0.998525, 
            -1.12312, 
            -0.40682178200288344, 
            0.337673, 
            0.155944, 
            1.267055, 
            1.351446, 
            0.448149, 
            -1.093759, 
            0.032592, 
            -0.078299, 
            0.89092, 
            -0.978821, 
            0.363001, 
            0.9717759020230852, 
            0.96522, 
            -0.835138, 
            -0.752053, 
            1.201283, 
            -0.801583, 
            1.034864, 
            0.575773, 
            -1.354362, 
            -0.250617, 
            0.114103, 
            -0.171316, 
            0.10366287160405019, 
            0.750441, 
            1.10779, 
            -0.890549, 
            -1.087544, 
            -0.061022, 
            1.257119, 
            0.365769, 
            1.092903, 
            -0.312266, 
            0.177624, 
            0.071685, 
            0.5825660503908514, 
            -0.386405, 
            -0.618029, 
            1.338156, 
            -0.326443, 
            0.731554, 
            0.325023, 
            0.882079, 
            1.353884, 
            0.095245, 
            0.389252, 
            -0.886299, 
            0.8744177084309739, 
            -1.044368, 
            -0.690498, 
            0.61581, 
            0.580327, 
            0.193895, 
            0.16749, 
            0.659487, 
            1.04629, 
            0.424362, 
            -1.099648, 
            0.306055, 
            -0.8727137746555338
        ], 
        [
            -0.95256, 
            -1.139842, 
            0.92818, 
            -0.671411, 
            0.896495, 
            0.744484, 
            0.113287, 
            -1.053434, 
            -0.669301, 
            -1.204499, 
            0.736605, 
            -0.154820265062936, 
            -0.556172, 
            0.93103, 
            0.26974, 
            -0.080999, 
            0.347963, 
            -0.864366, 
            1.053545, 
            -0.193761, 
            -0.009527, 
            0.666189, 
            0.532864, 
            -0.8958702537974848, 
            1.178806, 
            1.018361, 
            1.231737, 
            -1.416935, 
            1.112038, 
            0.654468, 
            -1.223726, 
            1.138402, 
            -0.799342, 
            0.879409, 
            -0.306497, 
            -0.41199539147766906, 
            -0.467972, 
            -0.220329, 
            0.889382, 
            -0.920439, 
            0.524399, 
            0.422915, 
            0.911832, 
            1.339884, 
            -0.256965, 
            -1.20774, 
            0.415941, 
            0.23072375014576396, 
            0.947241, 
            0.323494, 
            0.115611, 
            0.845294, 
            0.518692, 
            -1.219436, 
            0.767486, 
            -0.506745, 
            1.147977, 
            0.8233, 
            -0.687207, 
            -0.4838140433472682, 
            0.719952, 
            -0.856675, 
            -1.381831, 
            -1.1818, 
            -0.952978, 
            1.001485, 
            -1.164783, 
            0.517477, 
            1.206248, 
            -0.994626, 
            0.266272, 
            0.7794565863864218, 
            -0.051869, 
            -1.072964, 
            -0.017061, 
            0.88891, 
            1.191712, 
            -0.392972, 
            -0.910235, 
            -1.142894, 
            -0.030534, 
            -0.144824, 
            0.226199, 
            -0.019220399446477243, 
            1.264571, 
            -1.048557, 
            1.293293, 
            1.164145, 
            -0.504027, 
            -0.02383, 
            -1.202566, 
            -0.018934, 
            -1.400512, 
            -1.29698, 
            -0.970819, 
            0.6129738313669302, 
            1.158811, 
            -1.201541, 
            -0.609426, 
            0.998308, 
            -0.205375, 
            -0.208074, 
            0.851693, 
            1.360891, 
            0.667688, 
            -1.332964, 
            0.494455, 
            0.37832805213013754, 
            -1.413866, 
            -1.20228, 
            -0.171333, 
            0.842681, 
            -0.890104, 
            0.282867, 
            0.03471, 
            0.820176, 
            0.910152, 
            1.180114, 
            -0.708931, 
            0.41248308841027304, 
            1.141699, 
            -0.140732, 
            0.68474, 
            -0.920897, 
            -0.408367, 
            -0.28419, 
            0.344678, 
            0.891196, 
            -1.308533, 
            0.050756, 
            0.95223, 
            0.9723175611475254, 
            -0.906647, 
            0.631153, 
            1.256367, 
            -0.572866, 
            -0.302925, 
            1.314578, 
            1.303031, 
            -0.441777, 
            1.430411, 
            -0.086568, 
            -1.379322, 
            -0.5299913140516577
        ], 
        [
            1.341358, 
            0.240648, 
            1.450614, 
            -0.800727, 
            -0.303464, 
            0.099602, 
            -1.043907, 
            -0.41375, 
            1.299734, 
            -1.246497, 
            -0.471663, 
            1.400126
        ]
    ],