{
    "child iterations" : 15, 
    "is fertile" : false, 
    "is classifier" : false, 
    "is child" : false, 
    "weights" : [
        [
            1.019299, 
            -5.429281, 
            -0.671397, 
            -1.854658, 
            -2.923016, 
            -0.4753272316643866, 
            -2.358822, 
            -5.637155, 
            2.60114, 
            2.130308, 
            -2.16558, 
            -0.6070745082813491, 
            2.619194, 
            -5.877021, 
            2.436026, 
            -1.08318, 
            1.537771, 
            0.3192905592322526, 
            -0.915874, 
            -0.126328, 
            -1.569179, 
            0.973334, 
            -2.164502, 
            -0.28865735374295354, 
            1.504985, 
            -1.883763, 
            1.309242, 
            1.808591, 
            -1.209578, 
            -0.322738869351062
        ], 
        [
            1.426425, 
            -0.721963, 
            -0.201093, 
            -0.858101, 
            0.4070767869776919, 
            -2.773487, 
            3.659416, 
            2.285616, 
            2.290173, 
            0.638611625727058, 
            1.953324, 
            1.034294, 
            -0.217935, 
            -0.757184, 
            -0.32186974673675217, 
            1.577455, 
            3.625115, 
            -1.082864, 
            1.22678, 
            0.6206550853532202, 
            -1.838163, 
            -0.901456, 
            3.251154, 
            1.404357, 
            0.4845691784947763, 
            -1.440306, 
            -2.329362, 
            2.329513, 
            1.040313, 
            -0.6630740523106977
        ], 
        [
            3.02172, 
            -1.783098, 
            -1.582947, 
            3.062276, 
            -0.910578, 
            3.76432, 
            -2.794137, 
            0.937898, 
            1.873757, 
            0.345862
        ]
    ], 
    "momentum weights" : [
        [
            1.019299, 
            -5.429281, 
            -0.671397, 
            -1.854658, 
            -2.923016, 
            -0.4753272316643866, 
            -2.358822, 
            -5.637155, 
            2.60114, 
            2.130308, 
            -2.16558, 
            -0.6070745082813491, 
            2.619194, 
            -5.877021, 
            2.436026, 
            -1.08318, 
            1.537771, 
            0.3192905592322526, 
            -0.915874, 
            -0.126328, 
            -1.569179, 
            0.973334, 
            -2.164502, 
            -0.28865735374295354, 
            1.504985, 
            -1.883763, 
            1.309242, 
            1.808591, 
            -1.209578, 
            -0.322738869351062
        ], 
        [
            1.426425, 
            -0.721963, 
            -0.201093, 
            -0.858101, 
            0.4070767869776919, 
            -2.773487, 
            3.659416, 
            2.285616, 
            2.290173, 
            0.638611625727058, 
            1.953324, 
            1.034294, 
            -0.217935, 
            -0.757184, 
            -0.32186974673675217, 
            1.577455, 
            3.625115, 
            -1.082864, 
            1.22678, 
            0.6206550853532202, 
            -1.838163, 
            -0.901456, 
            3.251154, 
            1.404357, 
            0.4845691784947763, 
            -1.440306, 
            -2.329362, 
            2.329513, 
            1.040313, 
            -0.6630740523106977
        ], 
        [
            3.02172, 
            -1.783098, 
            -1.582947, 
            3.062276, 
            -0.910578, 
            3.76432, 
            -2.794137, 
            0.937898, 
            1.873757, 
            0.345862
        ]
    ], 
    "nodes" : [
        [
            -0.6156603134081878, 
            -0.38211467294300777, 
            0.39790208283972694, 
            0.4803095192631186, 
            1.0
        ], 
        [
            0.9830500520401494, 
            0.8377901247885688, 
            0.7371774591498955, 
            0.9744099375615008, 
            0.7572592050324876, 
            0.7615941559557649
        ], 
        [
            -0.4080030271037622, 
            0.9995451568114855, 
            0.999846512704855, 
            0.9984097068185672, 
            0.7615941559557649
        ], 
        [
            -0.9999238850169654, 
            0.9999999499752641
        ]
    ], 
    "pre activation nodes" : [
        [
            0.0, 
            0.0, 
            0.0, 
            0.0, 
            0.0
        ], 
        [
            2.3810633025798453, 
            1.2137140434528737, 
            0.9442689351862894, 
            2.172910388389243, 
            0.989758208855537, 
            1.0
        ], 
        [
            -0.4332130825636715, 
            4.194238786072266, 
            4.737481598057585, 
            3.568094303291069, 
            1.0
        ], 
        [
            -5.088187274344717, 
            8.751947696120746
        ]
    ], 
    "average nodes" : [
        [
            0.0, 
            0.0, 
            0.0, 
            0.0, 
            0.0
        ], 
        [
            0.0, 
            0.0, 
            0.0, 
            0.0, 
            0.0, 
            0.0
        ], 
        [
            0.0, 
            0.0, 
            0.0, 
            0.0, 
            0.0
        ], 
        [
            0.0, 
            0.0
        ]
    ], 
    "input width" : 4, 
    "output width" : 2, 
    "hidden width" : 6, 
    "hidden length" : 2, 
    "hidden layer details" : {
        "items" : 3, 
        "0" : "is shallow", 
        "1" : "probabilities", 
        "2" : "width", 
        "is shallow" : true, 
        "probabilities" : {
            "2" : 0.85, 
            "3" : 0.12, 
            "1" : 0.03
        }, 
        "width" : {
            "no change" : 0.6, 
            "decrease" : 0.35, 
            "increase" : 0.05
        }
    }, 
    "weight range" : 1.0, 
    "activation function" : 2, 
    "learning rate" : 0.05, 
    "momentum active" : true, 
    "momentum" : 0.001, 
    "accuracy requirement" : 0.985, 
    "epochs" : 10, 
    "batch size" : 40, 
    "accuracy sample size" : 150, 
    "fitness sample size" : 15, 
    "allow testing" : false, 
    "show output" : true, 
    "use bias" : true, 
    "clear bias" : false, 
    "bias value" : 1.0, 
    "child" : null
}