{
    "child iterations" : 15, 
    "is fertile" : false, 
    "is classifier" : false, 
    "is child" : false, 
    "weights" : [
        [
            -0.524916, 
            -0.86309, 
            -0.554676, 
            0.735496, 
            -0.417899, 
            -0.992835, 
            0.656217, 
            -0.609243, 
            -0.192806, 
            -0.800703, 
            -0.39403812796148907, 
            -0.455915, 
            0.883294, 
            -0.572305, 
            -0.081478, 
            0.644236, 
            1.056836, 
            0.752733, 
            0.532382, 
            -0.544274, 
            0.669639, 
            -0.8989487454251188, 
            -0.167512, 
            0.136695, 
            -0.463128, 
            -0.443543, 
            0.572382, 
            0.857444, 
            0.863675, 
            -0.383399, 
            -0.08824, 
            0.385448, 
            -0.607054768435044, 
            0.752632, 
            -0.601937, 
            -0.206052, 
            -1.054333, 
            -0.637094, 
            -0.008942, 
            -0.816641, 
            -0.361979, 
            0.708184, 
            -0.981842, 
            0.8653353961329686, 
            0.158021, 
            -0.882231, 
            1.061547, 
            -0.692784, 
            0.466715, 
            -0.650359, 
            -1.08258, 
            0.778352, 
            0.248537, 
            -0.155975, 
            -0.5919675855325581, 
            0.595475, 
            -0.315454, 
            -0.218503, 
            0.069533, 
            0.45192, 
            -0.322818, 
            1.031184, 
            -0.410098, 
            0.230116, 
            0.227004, 
            -0.7334634672740414, 
            0.822647, 
            0.798667, 
            -0.818425, 
            -0.65271, 
            0.787359, 
            0.154154, 
            0.85966, 
            0.685074, 
            -0.472377, 
            0.850381, 
            -0.2448047790557597, 
            0.681903, 
            0.787521, 
            -0.979649, 
            0.568124, 
            -0.558704, 
            -0.011436, 
            -0.415161, 
            0.038248, 
            -0.59667, 
            0.60275, 
            -0.4158509622911304, 
            -0.7826, 
            0.702127, 
            0.248614, 
            -0.581058, 
            1.049126, 
            0.741633, 
            0.381608, 
            0.383473, 
            -0.623898, 
            0.437328, 
            0.9323748733533341, 
            0.676646, 
            -0.018182, 
            0.496036, 
            0.662604, 
            0.604566, 
            -0.894559, 
            0.909959, 
            0.013399, 
            -0.66023, 
            0.133975, 
            0.1978291448200229, 
            0.103214, 
            -0.198743, 
            -0.86422, 
            -0.041029, 
            -0.662817, 
            -0.891784, 
            0.53037, 
            -0.322732, 
            0.547155, 
            -0.696874, 
            0.8682835958837722
        ], 
        [
            -0.789451, 
            -0.813956, 
            0.090383, 
            1.055914, 
            0.590723, 
            -0.622959, 
            -0.063243, 
            0.705365, 
            0.616916, 
            0.16392775474726662, 
            -0.917057, 
            0.14266, 
            -0.821631, 
            -0.161012, 
            0.188047, 
            0.828564, 
            -0.037147, 
            0.364152, 
            0.689188, 
            -0.5255224288249127, 
            0.587845, 
            -0.032938, 
            1.022527, 
            0.374509, 
            -0.670519, 
            0.080618, 
            -0.943903, 
            0.380704, 
            -0.585395, 
            0.6745017269548659, 
            -0.383251, 
            0.560398, 
            -0.131341, 
            -0.052811, 
            0.61005, 
            0.633575, 
            0.075901, 
            0.864668, 
            0.587504, 
            -0.2718700499786053, 
            0.410548, 
            -0.357605, 
            -0.426619, 
            -0.878773, 
            -0.571959, 
            1.034829, 
            -0.858889, 
            0.544053, 
            0.456902, 
            -0.048824587703667266, 
            -0.541112, 
            -0.896348, 
            -0.017637, 
            -0.179016, 
            -0.948891, 
            0.552273, 
            0.149397, 
            -0.543332, 
            0.632254, 
            -0.8276973933271792, 
            0.849263, 
            -0.951486, 
            0.768614, 
            0.106522, 
            0.985079, 
            0.998162, 
            0.909921, 
            0.254744, 
            -0.562922, 
            0.7663667604055147, 
            0.86325, 
            0.770678, 
            0.977274, 
            -0.228736, 
            -0.372022, 
            -0.765313, 
            -0.191306, 
            -0.503664, 
            -0.779325, 
            0.9023238073846287, 
            1.01807, 
            0.529966, 
            0.91491, 
            0.439728, 
            0.860006, 
            -0.384008, 
            0.268257, 
            0.245937, 
            0.224281, 
            0.20686740989051255, 
            0.063238, 
            0.998514, 
            -0.742249, 
            0.919763, 
            0.568008, 
            1.04584, 
            -0.096522, 
            -0.689795, 
            0.2326, 
            0.6131537016452979, 
            0.312043, 
            -0.888295, 
            1.0096, 
            -0.758775, 
            0.905639, 
            0.121053, 
            1.017393, 
            0.431226, 
            -0.098319, 
            -0.9687067555948368
        ], 
        [
            0.590111, 
            -0.067188, 
            -1.023674, 
            0.122233, 
            0.691066, 
            -0.889289, 
            0.068945, 
            1.038338, 
            -0.003762, 
            -0.39018
        ]
    ],