{
    "child iterations" : 15, 
    "is fertile" : false, 
    "is classifier" : false, 
    "is child" : false, 
    "weights" : [
        [
            -4.516969, 
            -0.065099, 
            -0.494248, 
            0.44460705713138915, 
            -3.08436, 
            4.242936, 
            0.182373, 
            0.6049609260871325, 
            -2.850454, 
            2.393614, 
            -4.221136, 
            -0.07863244988080265, 
            0.983231, 
            0.526598, 
            0.258584, 
            -0.24564653341885578, 
            -2.0743, 
            -0.2937, 
            -1.911875, 
            -0.777871632061037
        ], 
        [
            -3.0659, 
            -0.597282, 
            -3.180444, 
            0.41199184511399656, 
            1.223878, 
            -1.713963, 
            2.654401, 
            -0.7876481345368838, 
            -0.890356, 
            -0.607341, 
            -3.128648, 
            -0.8894033314817293, 
            -0.465993, 
            -1.815541, 
            1.011675, 
            -0.27893869924895975
        ], 
        [
            2.550161, 
            -2.567997, 
            0.264411, 
            1.577547, 
            2.636773, 
            -3.076996, 
            -0.128627, 
            0.780348
        ]
    ], 
    "momentum weights" : [
        [
            -4.516969, 
            -0.065099, 
            -0.494248, 
            0.44460705713138915, 
            -3.08436, 
            4.242936, 
            0.182373, 
            0.6049609260871325, 
            -2.850454, 
            2.393614, 
            -4.221136, 
            -0.07863244988080265, 
            0.983231, 
            0.526598, 
            0.258584, 
            -0.24564653341885578, 
            -2.0743, 
            -0.2937, 
            -1.911875, 
            -0.777871632061037
        ], 
        [
            -3.0659, 
            -0.597282, 
            -3.180444, 
            0.41199184511399656, 
            1.223878, 
            -1.713963, 
            2.654401, 
            -0.7876481345368838, 
            -0.890356, 
            -0.607341, 
            -3.128648, 
            -0.8894033314817293, 
            -0.465993, 
            -1.815541, 
            1.011675, 
            -0.27893869924895975
        ], 
        [
            2.550161, 
            -2.567997, 
            0.264411, 
            1.577547, 
            2.636773, 
            -3.076996, 
            -0.128627, 
            0.780348
        ]
    ], 
    "nodes" : [
        [
            -0.015570891835954696, 
            0.6318985807137217, 
            -0.38217847373295705, 
            -0.15202269565454601, 
            1.0
        ], 
        [
            -0.9951819511097886, 
            0.883955225606586, 
            -0.21176758701784887, 
            0.7615941559557649
        ], 
        [
            0.9992830301411014, 
            -0.9745028469892313, 
            0.9999981417994029, 
            0.7615941559557649
        ], 
        [
            0.9998723037812258, 
            -0.9999961949372161
        ]
    ], 
    "pre activation nodes" : [
        [
            0.0, 
            0.0, 
            0.0, 
            0.0, 
            0.0
        ], 
        [
            -3.013060738589927, 
            1.393576293234654, 
            -0.215021200825255, 
            1.0
        ], 
        [
            3.9666326937030076, 
            -2.174752561654662, 
            6.944524105435535, 
            1.0
        ], 
        [
            4.829469868001106, 
            -6.586161672225005
        ]
    ], 
    "average nodes" : [
        [
            0.0, 
            0.0, 
            0.0, 
            0.0, 
            0.0
        ], 
        [
            0.0, 
            0.0, 
            0.0, 
            0.0
        ], 
        [
            0.0, 
            0.0, 
            0.0, 
            0.0
        ], 
        [
            0.0, 
            0.0
        ]
    ], 
    "input width" : 4, 
    "output width" : 2, 
    "hidden width" : 4, 
    "hidden length" : 2, 
    "hidden layer details" : {
        "items" : 3, 
        "0" : "is shallow", 
        "1" : "probabilities", 
        "2" : "width", 
        "is shallow" : true, 
        "probabilities" : {
            "2" : 0.85, 
            "3" : 0.12, 
            "1" : 0.03
        }, 
        "width" : {
            "no change" : 0.6, 
            "decrease" : 0.35, 
            "increase" : 0.05
        }
    }, 
    "weight range" : 1.0, 
    "activation function" : 2, 
    "learning rate" : 0.05, 
    "momentum active" : true, 
    "momentum" : 0.001, 
    "accuracy requirement" : 0.985, 
    "epochs" : 10, 
    "batch size" : 40, 
    "accuracy sample size" : 150, 
    "fitness sample size" : 15, 
    "allow testing" : false, 
    "show output" : true, 
    "use bias" : true, 
    "clear bias" : false, 
    "bias value" : 1.0, 
    "child" : null
}