{
    "child iterations" : 15, 
    "is fertile" : false, 
    "is classifier" : false, 
    "is child" : false, 
    "weights" : [
        [
            -1.03911, 
            -2.263182, 
            -4.464871, 
            -3.978969, 
            0.787404329886348, 
            3.624176, 
            1.878541, 
            -3.857984, 
            -2.151821, 
            0.6085926708824525, 
            2.634717, 
            2.986462, 
            -1.364277, 
            -5.617187, 
            0.3190909918497229, 
            1.757041, 
            1.954047, 
            -0.271161, 
            1.839539, 
            -0.3091377608206687, 
            1.055797, 
            1.784354, 
            -1.662014, 
            -2.400055, 
            0.48967305122195137
        ], 
        [
            0.944457, 
            1.43869, 
            -0.953754, 
            -2.507773, 
            0.7949539610634997, 
            -2.416944, 
            -0.869266, 
            1.249977, 
            0.628557, 
            -0.9408248332632261, 
            3.847449, 
            0.60852, 
            1.48839, 
            3.131488, 
            -0.7842752878813579, 
            2.960799, 
            -0.114768, 
            -3.347016, 
            3.101891, 
            0.013387163947697012, 
            2.231216, 
            0.782685, 
            2.374627, 
            2.742185, 
            -0.3137884333784806
        ], 
        [
            -1.611596, 
            2.869553, 
            -2.389075, 
            -1.612556, 
            0.854107, 
            -0.756835, 
            -3.602789, 
            3.402072, 
            0.866221, 
            -0.835156
        ]
    ], 
    "momentum weights" : [
        [
            -1.03911, 
            -2.263182, 
            -4.464871, 
            -3.978969, 
            0.787404329886348, 
            3.624176, 
            1.878541, 
            -3.857984, 
            -2.151821, 
            0.6085926708824525, 
            2.634717, 
            2.986462, 
            -1.364277, 
            -5.617187, 
            0.3190909918497229, 
            1.757041, 
            1.954047, 
            -0.271161, 
            1.839539, 
            -0.3091377608206687, 
            1.055797, 
            1.784354, 
            -1.662014, 
            -2.400055, 
            0.48967305122195137
        ], 
        [
            0.944457, 
            1.43869, 
            -0.953754, 
            -2.507773, 
            0.7949539610634997, 
            -2.416944, 
            -0.869266, 
            1.249977, 
            0.628557, 
            -0.9408248332632261, 
            3.847449, 
            0.60852, 
            1.48839, 
            3.131488, 
            -0.7842752878813579, 
            2.960799, 
            -0.114768, 
            -3.347016, 
            3.101891, 
            0.013387163947697012, 
            2.231216, 
            0.782685, 
            2.374627, 
            2.742185, 
            -0.3137884333784806
        ], 
        [
            -1.611596, 
            2.869553, 
            -2.389075, 
            -1.612556, 
            0.854107, 
            -0.756835, 
            -3.602789, 
            3.402072, 
            0.866221, 
            -0.835156
        ]
    ], 
    "nodes" : [
        [
            0.418947277329468, 
            0.1894689182666223, 
            -0.38616753182415403, 
            0.6242250652409139, 
            1.0
        ], 
        [
            0.8823941051967096, 
            0.8506820086712891, 
            -0.9991905575278648, 
            -0.8201497781753563, 
            0.7615941559557649
        ], 
        [
            -0.999981521480522, 
            0.5456812279892326, 
            0.9972177059510635, 
            -0.999946307455351, 
            0.7615941559557649
        ], 
        [
            0.9999609523587716, 
            -0.9999999238889923
        ]
    ], 
    "pre activation nodes" : [
        [
            0.0, 
            0.0, 
            0.0, 
            0.0, 
            0.0
        ], 
        [
            1.3864802728928516, 
            1.258615650820624, 
            -3.9059536153485657, 
            -1.1572748344288273, 
            1.0
        ], 
        [
            -5.796019775521096, 
            0.6122104618848082, 
            3.2881172795503684, 
            -5.262678366683461, 
            1.0
        ], 
        [
            5.421927871967208, 
            -8.542110038682507
        ]
    ], 
    "average nodes" : [
        [
            0.0, 
            0.0, 
            0.0, 
            0.0, 
            0.0
        ], 
        [
            0.0, 
            0.0, 
            0.0, 
            0.0, 
            0.0
        ], 
        [
            0.0, 
            0.0, 
            0.0, 
            0.0, 
            0.0
        ], 
        [
            0.0, 
            0.0
        ]
    ], 
    "input width" : 4, 
    "output width" : 2, 
    "hidden width" : 4, 
    "hidden length" : 2, 
    "hidden layer details" : {
        "items" : 3, 
        "0" : "is shallow", 
        "1" : "probabilities", 
        "2" : "width", 
        "is shallow" : true, 
        "probabilities" : {
            "2" : 0.85, 
            "3" : 0.12, 
            "1" : 0.03
        }, 
        "width" : {
            "no change" : 0.6, 
            "decrease" : 0.35, 
            "increase" : 0.05
        }
    }, 
    "weight range" : 1.0, 
    "activation function" : 2, 
    "learning rate" : 0.05, 
    "momentum active" : true, 
    "momentum" : 0.001, 
    "accuracy requirement" : 0.985, 
    "epochs" : 10, 
    "batch size" : 40, 
    "accuracy sample size" : 150, 
    "fitness sample size" : 15, 
    "allow testing" : false, 
    "show output" : true, 
    "use bias" : true, 
    "clear bias" : false, 
    "bias value" : 1.0, 
    "child" : null
}