{
    "child iterations" : 15, 
    "is fertile" : false, 
    "is classifier" : false, 
    "is child" : false, 
    "weights" : [
        [
            0.900199, 
            0.092728, 
            -0.819656, 
            -0.605787, 
            0.81482, 
            -1.078817, 
            -0.559601, 
            0.333917, 
            -0.581674, 
            -0.575682, 
            -0.804277, 
            0.265352, 
            -0.927306950640626, 
            -0.905613, 
            0.254745, 
            1.135014, 
            -0.466774, 
            0.883645, 
            0.827494, 
            -1.087026, 
            0.161945, 
            -1.102624, 
            0.00333, 
            -0.691268, 
            -0.608577, 
            0.03485407328005019, 
            0.530412, 
            0.509639, 
            -0.847585, 
            0.028528, 
            0.603066, 
            0.722004, 
            -0.336435, 
            0.975553, 
            1.187687, 
            -0.55062, 
            -0.46308, 
            0.223772, 
            0.946734075066102, 
            0.858871, 
            0.605899, 
            -0.462046, 
            0.492183, 
            0.455522, 
            0.628388, 
            0.315433, 
            -0.163584, 
            0.889057, 
            -0.246959, 
            0.021737, 
            0.90191, 
            -0.33089793200671513, 
            -0.912024, 
            0.336032, 
            -0.966113, 
            0.206475, 
            1.007342, 
            -1.092265, 
            -0.522018, 
            -1.150868, 
            0.196725, 
            0.134083, 
            -0.527076, 
            0.2085, 
            -0.14894703986697766, 
            -0.934381, 
            0.19782, 
            -0.64757, 
            -1.021899, 
            0.953908, 
            1.068693, 
            -1.115614, 
            -0.99151, 
            0.846554, 
            0.954206, 
            -0.705022, 
            -0.571513, 
            -0.07167451353413812, 
            -0.551731, 
            -0.825964, 
            0.690075, 
            0.295192, 
            0.812551, 
            -0.027082, 
            0.61631, 
            1.112757, 
            0.597871, 
            0.28605, 
            0.716031, 
            -1.039803, 
            -0.09434342181074329, 
            0.68824, 
            -0.284032, 
            -0.586464, 
            -1.049625, 
            0.037326, 
            0.959014, 
            0.275176, 
            0.937751, 
            -0.902861, 
            0.79359, 
            -0.506723, 
            -0.701016, 
            0.3004991438153697, 
            -0.941438, 
            -0.255724, 
            -0.478237, 
            0.8621, 
            -0.848929, 
            1.075721, 
            0.524913, 
            -0.117879, 
            0.604498, 
            1.084079, 
            1.107917, 
            0.014573, 
            0.3937966411629452, 
            -0.459381, 
            0.17616, 
            -0.00681, 
            0.342889, 
            -0.623184, 
            -0.541046, 
            -0.123218, 
            -0.272625, 
            -0.339305, 
            0.101142, 
            -0.906908, 
            0.428439, 
            -0.3525101070203056, 
            0.831318, 
            0.833421, 
            0.356374, 
            -1.214571, 
            0.489588, 
            1.042196, 
            -0.7404, 
            0.081925, 
            -1.149585, 
            -0.485788, 
            0.331454, 
            0.713101, 
            0.7343234760481414
        ], 
        [
            0.932479, 
            0.232359, 
            -0.565382, 
            -0.639828, 
            0.392588, 
            0.216452, 
            0.870632, 
            0.568189, 
            1.139566, 
            -0.532066, 
            0.206372, 
            0.255398, 
            0.011171
        ]
    ], 
    "momentum weights" : [
        [
            0.900199, 
            0.092728, 
            -0.819656, 
            -0.605787, 
            0.81482, 
            -1.078817, 
            -0.559601, 
            0.333917, 
            -0.581674, 
            -0.575682, 
            -0.804277, 
            0.265352, 
            -0.927306950640626, 
            -0.905613, 
            0.254745, 
            1.135014, 
            -0.466774, 
            0.883645, 
            0.827494, 
            -1.087026, 
            0.161945, 
            -1.102624, 
            0.00333, 
            -0.691268, 
            -0.608577, 
            0.03485407328005019, 
            0.530412, 
            0.509639, 
            -0.847585, 
            0.028528, 
            0.603066, 
            0.722004, 
            -0.336435, 
            0.975553, 
            1.187687, 
            -0.55062, 
            -0.46308, 
            0.223772, 
            0.946734075066102, 
            0.858871, 
            0.605899, 
            -0.462046, 
            0.492183, 
            0.455522, 
            0.628388, 
            0.315433, 
            -0.163584, 
            0.889057, 
            -0.246959, 
            0.021737, 
            0.90191, 
            -0.33089793200671513, 
            -0.912024, 
            0.336032, 
            -0.966113, 
            0.206475, 
            1.007342, 
            -1.092265, 
            -0.522018, 
            -1.150868, 
            0.196725, 
            0.134083, 
            -0.527076, 
            0.2085, 
            -0.14894703986697766, 
            -0.934381, 
            0.19782, 
            -0.64757, 
            -1.021899, 
            0.953908, 
            1.068693, 
            -1.115614, 
            -0.99151, 
            0.846554, 
            0.954206, 
            -0.705022, 
            -0.571513, 
            -0.07167451353413812, 
            -0.551731, 
            -0.825964, 
            0.690075, 
            0.295192, 
            0.812551, 
            -0.027082, 
            0.61631, 
            1.112757, 
            0.597871, 
            0.28605, 
            0.716031, 
            -1.039803, 
            -0.09434342181074329, 
            0.68824, 
            -0.284032, 
            -0.586464, 
            -1.049625, 
            0.037326, 
            0.959014, 
            0.275176, 
            0.937751, 
            -0.902861, 
            0.79359, 
            -0.506723, 
            -0.701016, 
            0.3004991438153697, 
            -0.941438, 
            -0.255724, 
            -0.478237, 
            0.8621, 
            -0.848929, 
            1.075721, 
            0.524913, 
            -0.117879, 
            0.604498, 
            1.084079, 
            1.107917, 
            0.014573, 
            0.3937966411629452, 
            -0.459381, 
            0.17616, 
            -0.00681, 
            0.342889, 
            -0.623184, 
            -0.541046, 
            -0.123218, 
            -0.272625, 
            -0.339305, 
            0.101142, 
            -0.906908, 
            0.428439, 
            -0.3525101070203056, 
            0.831318, 
            0.833421, 
            0.356374, 
            -1.214571, 
            0.489588, 
            1.042196, 
            -0.7404, 
            0.081925, 
            -1.149585, 
            -0.485788, 
            0.331454, 
            0.713101, 
            0.7343234760481414
        ], 
        [
            0.932479, 
            0.232359, 
            -0.565382, 
            -0.639828, 
            0.392588, 
            0.216452, 
            0.870632, 
            0.568189, 
            1.139566, 
            -0.532066, 
            0.206372, 
            0.255398, 
            0.011171
        ]
    ],