{
    "child iterations" : 15, 
    "is fertile" : false, 
    "is classifier" : false, 
    "is child" : false, 
    "weights" : [
        [
            -0.512664, 
            5.222743, 
            5.185982, 
            4.684988, 
            -5.364266, 
            -0.5761929997463064, 
            -0.031306, 
            5.524831, 
            -1.211306, 
            -0.218957, 
            -7.423655, 
            0.12206562407530197, 
            -2.637536, 
            3.248379, 
            1.524738, 
            3.279679, 
            -7.212403, 
            -0.28120062070949237, 
            2.61481, 
            2.075553, 
            1.173496, 
            0.082229, 
            0.67187, 
            0.11247945028216622, 
            -2.988311, 
            2.304044, 
            -2.273958, 
            0.873555, 
            -1.744006, 
            -0.8041732836568729
        ], 
        [
            -0.723292, 
            -1.316736, 
            2.401997, 
            -1.794657, 
            -1.289156, 
            -0.1168077403503125, 
            5.532324, 
            -0.941012, 
            -1.115702, 
            1.58891, 
            2.1137, 
            -0.44619786428342634, 
            1.687696, 
            -1.420105, 
            -0.712363, 
            2.985236, 
            -1.871709, 
            0.9471342119243853, 
            -0.505422, 
            0.235604, 
            2.947338, 
            1.097511, 
            2.702696, 
            0.5427207947988426, 
            -1.598493, 
            3.496121, 
            -4.24796, 
            -3.068189, 
            -2.396052, 
            0.32253896184325614, 
            2.611921, 
            0.230744, 
            1.716934, 
            1.270459, 
            -2.638047, 
            -0.06815683942869577
        ], 
        [
            3.354181, 
            -3.351659, 
            -4.772734, 
            -1.919109, 
            -0.894145, 
            -2.882372, 
            2.409806, 
            -5.581636, 
            2.736428, 
            -1.354313, 
            4.297591, 
            -3.820568
        ]
    ], 
    "momentum weights" : [
        [
            -0.512664, 
            5.222743, 
            5.185982, 
            4.684988, 
            -5.364266, 
            -0.5761929997463064, 
            -0.031306, 
            5.524831, 
            -1.211306, 
            -0.218957, 
            -7.423655, 
            0.12206562407530197, 
            -2.637536, 
            3.248379, 
            1.524738, 
            3.279679, 
            -7.212403, 
            -0.28120062070949237, 
            2.61481, 
            2.075553, 
            1.173496, 
            0.082229, 
            0.67187, 
            0.11247945028216622, 
            -2.988311, 
            2.304044, 
            -2.273958, 
            0.873555, 
            -1.744006, 
            -0.8041732836568729
        ], 
        [
            -0.723292, 
            -1.316736, 
            2.401997, 
            -1.794657, 
            -1.289156, 
            -0.1168077403503125, 
            5.532324, 
            -0.941012, 
            -1.115702, 
            1.58891, 
            2.1137, 
            -0.44619786428342634, 
            1.687696, 
            -1.420105, 
            -0.712363, 
            2.985236, 
            -1.871709, 
            0.9471342119243853, 
            -0.505422, 
            0.235604, 
            2.947338, 
            1.097511, 
            2.702696, 
            0.5427207947988426, 
            -1.598493, 
            3.496121, 
            -4.24796, 
            -3.068189, 
            -2.396052, 
            0.32253896184325614, 
            2.611921, 
            0.230744, 
            1.716934, 
            1.270459, 
            -2.638047, 
            -0.06815683942869577
        ], 
        [
            3.354181, 
            -3.351659, 
            -4.772734, 
            -1.919109, 
            -0.894145, 
            -2.882372, 
            2.409806, 
            -5.581636, 
            2.736428, 
            -1.354313, 
            4.297591, 
            -3.820568
        ]
    ], 
    "nodes" : [
        [
            0.5607237378217194, 
            0.22353478242973732, 
            -0.43171861201456047, 
            0.65738290733517, 
            1.0
        ], 
        [
            -0.4012744652498505, 
            0.9999947958488381, 
            0.4433194089702074, 
            0.9698492917094685, 
            -0.9934086019339882, 
            0.7615941559557649
        ], 
        [
            0.9999999918258724, 
            -0.999462830481655, 
            0.9999874804487306, 
            0.9999999458605117, 
            0.9998628000101181, 
            0.7615941559557649
        ], 
        [
            0.9999999999999489, 
            -0.9999999999989987
        ]
    ], 
    "pre activation nodes" : [
        [
            0.0, 
            0.0, 
            0.0, 
            0.0, 
            0.0
        ], 
        [
            -0.42516707323786784, 
            6.429599264479277, 
            0.47635462733065603, 
            2.089751951007395, 
            -2.855917921047462, 
            1.0
        ], 
        [
            9.657719509745528, 
            -4.111037698187999, 
            5.990679977404531, 
            8.712424578944661, 
            4.79357474731562, 
            1.0
        ], 
        [
            15.649096021581212, 
            -14.161401920771052
        ]
    ], 
    "average nodes" : [
        [
            0.0, 
            0.0, 
            0.0, 
            0.0, 
            0.0
        ], 
        [
            0.0, 
            0.0, 
            0.0, 
            0.0, 
            0.0, 
            0.0
        ], 
        [
            0.0, 
            0.0, 
            0.0, 
            0.0, 
            0.0, 
            0.0
        ], 
        [
            0.0, 
            0.0
        ]
    ], 
    "input width" : 4, 
    "output width" : 2, 
    "hidden width" : 5, 
    "hidden length" : 2, 
    "hidden layer details" : {
        "items" : 3, 
        "0" : "is shallow", 
        "1" : "probabilities", 
        "2" : "width", 
        "is shallow" : true, 
        "probabilities" : {
            "2" : 0.85, 
            "3" : 0.12, 
            "1" : 0.03
        }, 
        "width" : {
            "no change" : 0.6, 
            "decrease" : 0.35, 
            "increase" : 0.05
        }
    }, 
    "weight range" : 1.0, 
    "activation function" : 2, 
    "learning rate" : 0.05, 
    "momentum active" : true, 
    "momentum" : 0.001, 
    "accuracy requirement" : 0.985, 
    "epochs" : 10, 
    "batch size" : 40, 
    "accuracy sample size" : 150, 
    "fitness sample size" : 15, 
    "allow testing" : false, 
    "show output" : true, 
    "use bias" : true, 
    "clear bias" : false, 
    "bias value" : 1.0, 
    "child" : null
}