{
    "child iterations" : 15, 
    "is fertile" : false, 
    "is classifier" : false, 
    "is child" : false, 
    "weights" : [
        [
            0.848137, 
            -0.879386, 
            -1.129671, 
            0.838233, 
            -0.859229, 
            -0.31193, 
            -0.107476, 
            -1.119071, 
            0.931989, 
            -0.308275, 
            0.191639, 
            -1.074299, 
            -0.9218494040675305, 
            0.801326, 
            -0.707671, 
            0.154051, 
            0.398295, 
            -0.671272, 
            0.784599, 
            -0.090252, 
            1.096786, 
            -0.783849, 
            0.324153, 
            0.211132, 
            -1.070433, 
            0.25135617315105496, 
            1.093233, 
            -0.263635, 
            0.021338, 
            1.202763, 
            -0.084234, 
            1.178624, 
            0.959318, 
            -0.631018, 
            -0.957431, 
            0.814151, 
            0.461125, 
            -0.835628, 
            -0.8008865617828944, 
            1.05666, 
            -0.109022, 
            -1.159337, 
            -1.151078, 
            0.157733, 
            -0.455737, 
            0.962059, 
            0.779685, 
            1.052174, 
            -1.151656, 
            0.276992, 
            -0.579885, 
            0.7307475631624185, 
            -1.186631, 
            -0.555541, 
            0.807351, 
            -0.986946, 
            0.137338, 
            -0.730469, 
            0.218197, 
            -0.3047, 
            0.411865, 
            1.054474, 
            0.969638, 
            -1.148384, 
            -0.5845131108974022, 
            -0.693398, 
            -1.141202, 
            -0.356479, 
            -0.366812, 
            -0.256145, 
            0.753351, 
            -0.375994, 
            -0.38344, 
            0.207255, 
            1.140217, 
            0.003031, 
            -0.475829, 
            -0.23549157614139515, 
            -0.254095, 
            -1.141903, 
            0.003308, 
            0.416837, 
            0.636878, 
            0.184898, 
            -1.123899, 
            1.021252, 
            0.793997, 
            -0.163617, 
            0.914242, 
            -0.068717, 
            0.4118462861796084, 
            -1.016886, 
            0.790449, 
            0.116483, 
            -1.093845, 
            -0.994526, 
            0.777649, 
            -0.085575, 
            -0.893202, 
            -0.756846, 
            0.680411, 
            -0.459953, 
            0.698717, 
            -0.057662488813800206, 
            -0.302644, 
            -0.151749, 
            -0.994961, 
            1.139382, 
            1.041427, 
            -0.638524, 
            0.423662, 
            -0.654127, 
            -0.09979, 
            -0.482718, 
            -0.347871, 
            0.032616, 
            0.3459095161408321, 
            -0.467779, 
            0.339385, 
            -0.741195, 
            0.126207, 
            1.189432, 
            -0.787094, 
            0.23977, 
            1.138745, 
            1.099648, 
            -0.350343, 
            0.640954, 
            0.834713, 
            0.32633024927225684, 
            -0.2569, 
            0.514008, 
            -0.754627, 
            -0.975017, 
            -0.228351, 
            -0.919477, 
            -0.631728, 
            -0.145151, 
            0.308733, 
            -0.237324, 
            -0.217833, 
            0.934623, 
            -0.881382513991775
        ], 
        [
            0.4457, 
            1.084777, 
            0.568349, 
            -1.110929, 
            -0.009714, 
            -0.717351, 
            0.195563, 
            -1.040098, 
            -0.05052, 
            -0.06368, 
            -0.310109, 
            -0.17172163375984284, 
            0.483754, 
            -1.07257, 
            0.920039, 
            0.367518, 
            0.863686, 
            0.70923, 
            -0.778012, 
            -0.92398, 
            0.532924, 
            -0.431352, 
            -0.294828, 
            -0.9137222617515031, 
            0.628336, 
            0.61077, 
            -0.476939, 
            0.558666, 
            -1.064838, 
            0.496106, 
            -0.613564, 
            0.86039, 
            -0.409772, 
            0.694611, 
            -0.240048, 
            -0.5284923374360786, 
            -0.340243, 
            -0.091755, 
            -0.169849, 
            0.961236, 
            -0.8464, 
            -0.875606, 
            -0.930115, 
            0.299241, 
            -0.852645, 
            -0.005398, 
            0.990276, 
            -0.6406287410972531, 
            1.171672, 
            -0.558435, 
            -0.697009, 
            -0.821492, 
            -0.95187, 
            0.50483, 
            -1.008158, 
            -0.807088, 
            0.766276, 
            -0.373355, 
            -0.693522, 
            0.8461882792678728, 
            0.43807, 
            1.137348, 
            0.061095, 
            0.497616, 
            0.844159, 
            0.855981, 
            0.839251, 
            1.014274, 
            0.83538, 
            0.603475, 
            0.897198, 
            0.5849027961760502, 
            -0.619425, 
            1.074724, 
            0.605611, 
            0.130564, 
            -1.194281, 
            0.439714, 
            -0.86468, 
            -0.269582, 
            0.608455, 
            -0.68285, 
            -0.806156, 
            0.028574416239053546, 
            0.774514, 
            0.537624, 
            -1.026728, 
            -0.545466, 
            1.113685, 
            0.247462, 
            1.060584, 
            -0.620949, 
            0.824552, 
            -0.365206, 
            -1.025018, 
            0.9384815529817367, 
            -1.095702, 
            0.464714, 
            -0.444722, 
            -0.335613, 
            1.031975, 
            0.937865, 
            -0.06003, 
            -0.594492, 
            0.081127, 
            0.432211, 
            1.017379, 
            0.7374981150284838, 
            -0.826708, 
            0.634944, 
            0.40861, 
            0.570409, 
            0.908063, 
            0.799088, 
            0.688148, 
            0.88448, 
            0.666921, 
            0.177793, 
            -0.336864, 
            0.9058032827645865, 
            -0.667973, 
            1.108242, 
            -0.984546, 
            0.066841, 
            0.483797, 
            -0.025379, 
            -0.979004, 
            0.041153, 
            1.091257, 
            -0.815353, 
            -0.972023, 
            0.17510900744073665, 
            -1.056265, 
            0.528574, 
            -0.063904, 
            0.963378, 
            -0.952, 
            0.437798, 
            0.496417, 
            -0.924777, 
            0.608012, 
            -0.536608, 
            1.078269, 
            -0.026068176897422246, 
            -1.059082, 
            0.959892, 
            -0.39102, 
            0.887309, 
            0.866354, 
            0.244273, 
            -0.865205, 
            -0.982107, 
            -1.054856, 
            0.847427, 
            -0.23434, 
            0.7302693559866458
        ], 
        [
            0.195413, 
            0.342131, 
            0.831859, 
            -0.76906, 
            0.317178, 
            0.452866, 
            -0.84562, 
            -0.122281, 
            -0.431115, 
            0.257402, 
            -0.873298, 
            -0.134768
        ]
    ],