{
    "child iterations" : 15, 
    "is fertile" : false, 
    "is classifier" : false, 
    "is child" : false, 
    "weights" : [
        [
            3.239623, 
            -4.107846, 
            0.852827, 
            1.120698, 
            -0.4561285906093462, 
            1.637646, 
            -3.988496, 
            -1.89892, 
            -1.314129, 
            0.4569092007906659, 
            0.049379, 
            -3.820537, 
            2.255938, 
            -3.964848, 
            -0.41935142128178704, 
            -1.96824, 
            0.363816, 
            0.676306, 
            -1.432613, 
            -0.18536404641963466, 
            2.078851, 
            -0.96285, 
            -0.325362, 
            -1.966173, 
            -0.8007470837183797
        ], 
        [
            -2.053368, 
            1.824929, 
            1.011771, 
            -0.74436, 
            0.022608080885076376, 
            1.831695, 
            -2.98519, 
            -2.984942, 
            1.166545, 
            -0.06508351852016436, 
            -2.988513, 
            0.287589, 
            -0.203595, 
            0.053686, 
            -0.27958530210471233, 
            0.059522, 
            -2.349862, 
            -2.311384, 
            1.215341, 
            -0.10626121414713885, 
            -2.030604, 
            -1.904463, 
            -0.570307, 
            -0.549183, 
            0.9975308973975721
        ], 
        [
            -2.323297, 
            1.422548, 
            2.862664, 
            -1.526328, 
            0.999346, 
            -2.929077, 
            0.066235, 
            -0.106174, 
            -0.092648, 
            0.19934
        ]
    ], 
    "momentum weights" : [
        [
            3.239623, 
            -4.107846, 
            0.852827, 
            1.120698, 
            -0.4561285906093462, 
            1.637646, 
            -3.988496, 
            -1.89892, 
            -1.314129, 
            0.4569092007906659, 
            0.049379, 
            -3.820537, 
            2.255938, 
            -3.964848, 
            -0.41935142128178704, 
            -1.96824, 
            0.363816, 
            0.676306, 
            -1.432613, 
            -0.18536404641963466, 
            2.078851, 
            -0.96285, 
            -0.325362, 
            -1.966173, 
            -0.8007470837183797
        ], 
        [
            -2.053368, 
            1.824929, 
            1.011771, 
            -0.74436, 
            0.022608080885076376, 
            1.831695, 
            -2.98519, 
            -2.984942, 
            1.166545, 
            -0.06508351852016436, 
            -2.988513, 
            0.287589, 
            -0.203595, 
            0.053686, 
            -0.27958530210471233, 
            0.059522, 
            -2.349862, 
            -2.311384, 
            1.215341, 
            -0.10626121414713885, 
            -2.030604, 
            -1.904463, 
            -0.570307, 
            -0.549183, 
            0.9975308973975721
        ], 
        [
            -2.323297, 
            1.422548, 
            2.862664, 
            -1.526328, 
            0.999346, 
            -2.929077, 
            0.066235, 
            -0.106174, 
            -0.092648, 
            0.19934
        ]
    ], 
    "nodes" : [
        [
            0.22490246558351182, 
            0.6885802272803812, 
            -0.736903095181683, 
            0.43586568100602846, 
            1.0
        ], 
        [
            0.9954416051165103, 
            -0.9301058016460019, 
            -0.9927588406095202, 
            -0.3110672687763556, 
            0.7615941559557649
        ], 
        [
            -0.9818233312086966, 
            0.9984722879142659, 
            0.9996092873452784, 
            -0.9905595143000955, 
            0.7615941559557649
        ], 
        [
            0.999987764218642, 
            -0.999972190426678
        ]
    ], 
    "pre activation nodes" : [
        [
            0.0, 
            0.0, 
            0.0, 
            0.0, 
            0.0
        ], 
        [
            3.0408250492255786, 
            -1.659173726667227, 
            -2.8087469896505843, 
            -0.3217265798594138, 
            1.0
        ], 
        [
            -2.3458168685668785, 
            3.5881835320946056, 
            4.270244985853756, 
            -2.6755818055348026, 
            1.0
        ], 
        [
            6.002143531617673, 
            -5.591631754061801
        ]
    ], 
    "average nodes" : [
        [
            0.0, 
            0.0, 
            0.0, 
            0.0, 
            0.0
        ], 
        [
            0.0, 
            0.0, 
            0.0, 
            0.0, 
            0.0
        ], 
        [
            0.0, 
            0.0, 
            0.0, 
            0.0, 
            0.0
        ], 
        [
            0.0, 
            0.0
        ]
    ], 
    "input width" : 4, 
    "output width" : 2, 
    "hidden width" : 4, 
    "hidden length" : 2, 
    "hidden layer details" : {
        "items" : 3, 
        "0" : "is shallow", 
        "1" : "probabilities", 
        "2" : "width", 
        "is shallow" : true, 
        "probabilities" : {
            "2" : 0.85, 
            "3" : 0.12, 
            "1" : 0.03
        }, 
        "width" : {
            "no change" : 0.6, 
            "decrease" : 0.35, 
            "increase" : 0.05
        }
    }, 
    "weight range" : 1.0, 
    "activation function" : 2, 
    "learning rate" : 0.05, 
    "momentum active" : true, 
    "momentum" : 0.001, 
    "accuracy requirement" : 0.985, 
    "epochs" : 10, 
    "batch size" : 40, 
    "accuracy sample size" : 150, 
    "fitness sample size" : 15, 
    "allow testing" : false, 
    "show output" : true, 
    "use bias" : true, 
    "clear bias" : false, 
    "bias value" : 1.0, 
    "child" : null
}