{
    "child iterations" : 15, 
    "is fertile" : false, 
    "is classifier" : false, 
    "is child" : false, 
    "weights" : [
        [
            -0.478339, 
            -0.177171, 
            -0.601194, 
            -1.082188, 
            -0.26917, 
            -0.843033, 
            -0.167044, 
            0.174126, 
            0.383898, 
            -0.293666, 
            0.3259324560741028, 
            0.925208, 
            -0.808232, 
            0.938645, 
            0.963258, 
            0.660993, 
            -0.430594, 
            -0.228698, 
            -0.10075, 
            -1.155677, 
            -0.144148, 
            0.32101507578280364, 
            -0.61177, 
            -0.233897, 
            -0.355086, 
            -0.843564, 
            0.330118, 
            -0.795912, 
            1.224368, 
            0.242986, 
            -1.019196, 
            -1.342902, 
            0.7960814830614207, 
            -1.057937, 
            -1.222717, 
            -1.060414, 
            0.215507, 
            -0.505969, 
            0.216701, 
            -0.255168, 
            1.034939, 
            0.71828, 
            0.975322, 
            -0.9827939724767414, 
            -0.913157, 
            -0.43234, 
            -1.08456, 
            0.007237, 
            0.833774, 
            -0.30781, 
            -1.143653, 
            -0.970765, 
            -0.502836, 
            0.656205, 
            -0.6521499979461098, 
            -0.365045, 
            0.400925, 
            0.862319, 
            -0.501996, 
            -0.489382, 
            -0.29027, 
            0.195184, 
            -1.094802, 
            1.07442, 
            -0.717071, 
            0.820034151977014, 
            -0.986084, 
            0.493134, 
            0.375092, 
            -0.760488, 
            0.878226, 
            -0.575263, 
            0.731915, 
            -0.215305, 
            -0.066189, 
            -0.413088, 
            -0.08950188446834373, 
            -0.728826, 
            -0.179792, 
            -0.719018, 
            0.583888, 
            -0.57157, 
            -0.166558, 
            -0.388815, 
            0.234663, 
            -0.318795, 
            -0.321516, 
            -0.7549957828613361, 
            -0.561518, 
            -0.729613, 
            -0.795637, 
            -1.201784, 
            -0.393744, 
            1.01286, 
            -0.548297, 
            0.620774, 
            1.100286, 
            -0.294338, 
            0.41548145539397097, 
            -0.651144, 
            -0.445281, 
            0.156342, 
            -0.330961, 
            -0.380238, 
            0.565433, 
            1.228833, 
            0.082253, 
            0.625504, 
            -0.087567, 
            -0.7352190954011006, 
            0.96636, 
            -0.825349, 
            0.346899, 
            -0.032836, 
            -0.11019, 
            -0.213687, 
            0.962535, 
            -1.146154, 
            0.727728, 
            -1.004729, 
            -0.24902390755170756
        ], 
        [
            0.813783, 
            0.629991, 
            -0.932146, 
            -0.248328, 
            -1.166284, 
            -0.054521, 
            -0.267236, 
            -0.142747, 
            -0.188127, 
            -0.310215, 
            0.8469562029430462, 
            0.738595, 
            -0.829711, 
            0.421594, 
            0.205969, 
            0.332971, 
            0.494233, 
            0.386538, 
            -0.577032, 
            -1.186426, 
            0.974316, 
            0.7493741339141387, 
            -0.978816, 
            -0.304482, 
            -0.951637, 
            1.142601, 
            0.037272, 
            0.702598, 
            -0.114633, 
            -0.077516, 
            0.654348, 
            -0.393829, 
            -0.12131836534192408, 
            1.20214, 
            -0.210054, 
            -0.204665, 
            -0.908597, 
            -0.279929, 
            0.532139, 
            -0.474208, 
            -0.267108, 
            0.477072, 
            -0.381088, 
            0.9513895695703756, 
            -0.594751, 
            -1.301358, 
            -0.617191, 
            0.916753, 
            0.630476, 
            1.098308, 
            0.227638, 
            -1.099946, 
            -0.272422, 
            0.012217, 
            0.30053975776059705, 
            -0.7035, 
            -0.815202, 
            0.365493, 
            0.720699, 
            0.448341, 
            0.255346, 
            -1.175171, 
            0.628902, 
            0.755922, 
            0.018548, 
            0.36383216614428626, 
            0.826936, 
            0.209548, 
            0.717457, 
            0.97119, 
            0.717636, 
            0.734484, 
            1.12547, 
            -0.976266, 
            -1.09233, 
            0.536765, 
            0.692579250109643, 
            0.187968, 
            -0.351102, 
            0.653439, 
            0.497359, 
            1.239671, 
            0.668366, 
            0.451104, 
            -0.968241, 
            -0.790374, 
            0.073148, 
            0.577430603919904, 
            -1.056674, 
            -0.444274, 
            0.473945, 
            -0.409844, 
            1.163683, 
            -0.99367, 
            -0.536541, 
            0.768135, 
            1.13207, 
            -1.218499, 
            0.7641868751360836, 
            0.804494, 
            1.193123, 
            -0.475324, 
            -0.546913, 
            1.223596, 
            -0.611424, 
            -0.201621, 
            0.691874, 
            0.949424, 
            -0.004973, 
            -0.4831807610035779, 
            -0.571806, 
            -1.015084, 
            -1.091022, 
            0.93973, 
            0.379529, 
            -1.094373, 
            -0.727457, 
            -0.068074, 
            0.425707, 
            -0.388186, 
            -0.8348313509076779
        ], 
        [
            0.290867, 
            -0.821045, 
            -0.027672, 
            0.28417, 
            -1.218455, 
            0.311645, 
            -0.859669, 
            0.931598, 
            -0.541998, 
            -0.98206, 
            0.402521
        ]
    ],