{
    "child iterations" : 15, 
    "is fertile" : false, 
    "is classifier" : false, 
    "is child" : false, 
    "weights" : [
        [
            -0.918736, 
            1.012968, 
            -0.156495, 
            -0.459259, 
            0.863988, 
            0.695348, 
            0.435485, 
            0.888544, 
            0.299219, 
            0.244093, 
            0.2466742312195065, 
            0.384549, 
            0.067471, 
            -0.871696, 
            0.694362, 
            1.071985, 
            0.208499, 
            -0.067609, 
            -0.588643, 
            -0.826093, 
            -0.436451, 
            0.8928692743836304, 
            1.047926, 
            -0.897206, 
            0.050011, 
            -0.907668, 
            0.212544, 
            0.133269, 
            -0.267691, 
            0.130868, 
            -0.165594, 
            -0.334043, 
            0.45643055885983386, 
            0.581284, 
            0.799359, 
            0.527898, 
            -0.417315, 
            0.627621, 
            1.015401, 
            -0.352624, 
            0.765949, 
            -0.466065, 
            -0.596444, 
            -0.7177491839122594, 
            0.781578, 
            -0.381719, 
            -0.097088, 
            0.441853, 
            0.726411, 
            -0.085987, 
            0.131514, 
            -0.82449, 
            -0.748035, 
            0.604609, 
            -0.4774711751240326, 
            0.178351, 
            -0.724727, 
            -0.179611, 
            0.092184, 
            -0.862548, 
            -0.676884, 
            0.715618, 
            0.195168, 
            -0.950484, 
            -0.687205, 
            -0.953639554422143, 
            0.576343, 
            0.74704, 
            -0.272986, 
            0.624524, 
            0.527618, 
            -0.294378, 
            -0.381234, 
            -0.681089, 
            -0.861375, 
            -0.762269, 
            0.37017525527181117, 
            -0.623661, 
            0.643668, 
            -0.450994, 
            -0.256113, 
            1.072741, 
            -0.497538, 
            -0.171384, 
            -0.544462, 
            0.341348, 
            0.353763, 
            0.15599863412473902, 
            0.087576, 
            0.197406, 
            -0.567876, 
            0.139704, 
            -0.052563, 
            0.114229, 
            -0.317811, 
            -0.210828, 
            0.05168, 
            0.663649, 
            -0.2608158632816633, 
            -0.261704, 
            0.307579, 
            -0.770689, 
            -0.214569, 
            -1.072779, 
            -0.862312, 
            0.645909, 
            -0.687502, 
            -0.967181, 
            0.318201, 
            0.20919647829032062, 
            0.061745, 
            0.346019, 
            -0.927339, 
            -0.878776, 
            0.855484, 
            -0.098577, 
            -0.965583, 
            -0.456125, 
            0.69594, 
            0.060759, 
            0.8250712456546876
        ], 
        [
            -0.379691, 
            -0.617811, 
            -0.83416, 
            0.586178, 
            0.420923, 
            -0.764764, 
            0.678904, 
            0.18196, 
            0.718787, 
            -0.304776, 
            0.10848430912083007, 
            0.191898, 
            -0.342328, 
            -0.4109, 
            0.65181, 
            -0.100112, 
            0.271226, 
            -0.583127, 
            0.199305, 
            -0.808488, 
            1.001912, 
            -0.01667339250860489, 
            -0.346855, 
            0.246484, 
            -0.980931, 
            -0.398258, 
            0.300132, 
            0.17725, 
            0.87735, 
            -0.974622, 
            0.885664, 
            0.354878, 
            -0.9152423310151445, 
            0.671963, 
            0.095261, 
            -1.044326, 
            0.706187, 
            0.007453, 
            0.64375, 
            -1.097782, 
            0.584139, 
            -0.75755, 
            -0.640272, 
            0.594133654968263, 
            -0.716793, 
            1.02084, 
            -0.181393, 
            -0.341793, 
            0.251841, 
            -0.014448, 
            -0.38082, 
            -0.431582, 
            -0.419186, 
            0.012016, 
            -0.7066786859265639, 
            0.733713, 
            0.912278, 
            -1.059332, 
            0.342391, 
            0.689313, 
            0.930318, 
            0.720953, 
            -0.295694, 
            -0.359918, 
            0.493852, 
            -0.9317894999300076, 
            -0.739372, 
            0.158036, 
            0.523689, 
            -0.362869, 
            -0.528013, 
            0.554213, 
            -0.446219, 
            -0.39104, 
            -0.880359, 
            0.143129, 
            0.7020352172905813, 
            0.373146, 
            0.672369, 
            0.983725, 
            -0.168801, 
            0.0815, 
            -0.442121, 
            0.931268, 
            0.622807, 
            -0.556193, 
            0.555847, 
            -0.8769657747702981, 
            -0.905438, 
            0.170433, 
            -0.440779, 
            0.556924, 
            0.059233, 
            -0.947985, 
            1.039111, 
            -0.692837, 
            0.630885, 
            -1.038902, 
            -0.7628236694058295, 
            0.491144, 
            -0.824405, 
            -0.158308, 
            -0.070121, 
            -0.955033, 
            0.649594, 
            0.064747, 
            0.769523, 
            -0.482718, 
            0.794463, 
            0.12327329905385631, 
            0.622693, 
            -0.728995, 
            -0.563851, 
            -1.00674, 
            1.012689, 
            -0.419984, 
            0.664465, 
            0.210469, 
            0.338784, 
            0.915822, 
            -0.8154720543942227
        ], 
        [
            -0.349782, 
            0.489116, 
            0.228142, 
            0.365348, 
            -0.592156, 
            0.783937, 
            0.522583, 
            1.02323, 
            0.517138, 
            -0.817046, 
            0.832572
        ]
    ],