{
    "child iterations" : 15, 
    "is fertile" : false, 
    "is classifier" : false, 
    "is child" : false, 
    "weights" : [
        [
            -0.020855, 
            0.050142, 
            -0.428363, 
            0.150485, 
            1.046523, 
            1.02577, 
            0.384899, 
            0.978616, 
            0.457738, 
            1.058664, 
            -0.700890173049197, 
            0.193292, 
            -0.712858, 
            0.789971, 
            -0.676801, 
            0.929429, 
            -1.163767, 
            -1.028579, 
            0.493597, 
            -0.991683, 
            -1.076098, 
            -0.21709548611647578, 
            -0.942626, 
            -0.164416, 
            -0.002208, 
            1.03153, 
            0.483282, 
            0.139028, 
            0.275478, 
            -0.159534, 
            -0.796764, 
            1.02115, 
            -0.551179207454239, 
            -0.315542, 
            -0.152395, 
            -0.814674, 
            -0.125324, 
            0.91515, 
            0.196301, 
            -1.029584, 
            0.757811, 
            1.100911, 
            -0.88644, 
            0.10016135934791759, 
            -0.643614, 
            -0.441585, 
            0.764054, 
            0.932298, 
            0.843293, 
            0.730888, 
            1.052149, 
            0.162544, 
            0.867357, 
            1.016188, 
            -0.9312260873455429, 
            0.422937, 
            -0.295615, 
            -0.859789, 
            0.399351, 
            1.087508, 
            -0.153404, 
            -0.565267, 
            0.949654, 
            1.02384, 
            -0.017849, 
            -0.6734361592673492, 
            -0.472854, 
            0.066428, 
            -0.214632, 
            0.16081, 
            -0.043359, 
            -0.171636, 
            0.563705, 
            0.139236, 
            0.066627, 
            -0.948709, 
            0.17723417665501007, 
            0.804267, 
            0.997395, 
            -0.232206, 
            -0.323902, 
            -0.62416, 
            0.008249, 
            0.205782, 
            0.579006, 
            -0.661225, 
            0.569104, 
            0.848978761927887, 
            -0.643957, 
            -0.541275, 
            -0.842342, 
            0.806872, 
            -0.368557, 
            -0.240084, 
            0.150131, 
            0.976843, 
            0.828174, 
            0.247959, 
            0.1035095418867602, 
            -1.004192, 
            0.292899, 
            0.902536, 
            -0.826947, 
            -1.039838, 
            -0.058985, 
            -1.074271, 
            -0.538079, 
            -0.536904, 
            -0.053421, 
            0.7771867801292609, 
            0.640524, 
            0.000408, 
            0.736011, 
            0.03397, 
            0.038111, 
            -0.764615, 
            0.358599, 
            0.53921, 
            0.752504, 
            -0.824572, 
            0.6714010466886016
        ], 
        [
            -0.31392, 
            1.037019, 
            0.664732, 
            -0.525605, 
            -0.992822, 
            -0.288514, 
            -1.061818, 
            0.250816, 
            -0.007106, 
            -0.2795582115644677, 
            -0.467913, 
            -0.661778, 
            -0.819564, 
            0.758202, 
            -0.270759, 
            0.116734, 
            0.028854, 
            0.697994, 
            -0.928173, 
            0.929128982976213, 
            0.990014, 
            -1.028806, 
            0.162199, 
            0.997475, 
            -0.103111, 
            0.299555, 
            0.749086, 
            -0.583852, 
            -0.267292, 
            -0.8303782452754145, 
            0.211288, 
            0.154341, 
            0.330775, 
            0.23942, 
            0.892529, 
            0.691732, 
            0.612762, 
            -0.740076, 
            0.434548, 
            0.99603178213837, 
            0.359623, 
            0.624445, 
            0.425469, 
            0.46549, 
            0.324713, 
            -0.850413, 
            -0.525906, 
            0.325912, 
            -0.320424, 
            -0.2426295798939324, 
            -0.189107, 
            -0.513845, 
            -0.338604, 
            -1.103453, 
            -0.080631, 
            0.868707, 
            -0.260061, 
            0.548744, 
            -0.79043, 
            -0.08068011902853556, 
            -0.314497, 
            -0.551027, 
            -0.919715, 
            -1.056562, 
            -0.265912, 
            -1.01363, 
            -0.643421, 
            0.145575, 
            -0.067467, 
            -0.44746419263309334, 
            0.027313, 
            0.880503, 
            0.03552, 
            -0.264876, 
            1.084164, 
            1.075302, 
            0.653544, 
            0.290923, 
            1.020938, 
            -0.6982155559712586, 
            0.415147, 
            0.845741, 
            0.841251, 
            0.528291, 
            -0.140325, 
            0.520173, 
            0.950542, 
            0.814336, 
            -0.028403, 
            0.8872994980401352, 
            0.309124, 
            0.231409, 
            0.948724, 
            -0.120218, 
            -0.79351, 
            -0.611545, 
            0.166699, 
            1.121764, 
            0.927658, 
            -0.4212550366300343, 
            -0.135495, 
            0.310016, 
            -0.613981, 
            -0.163934, 
            1.00253, 
            0.815334, 
            -0.612853, 
            -0.022015, 
            0.338699, 
            -0.8110593935096795
        ], 
        [
            0.653724, 
            0.324002, 
            -0.598648, 
            -1.071247, 
            0.211897, 
            -1.079191, 
            0.446954, 
            0.501688, 
            -0.585125, 
            1.069029
        ]
    ],