{
    "child iterations" : 15, 
    "is fertile" : false, 
    "is classifier" : false, 
    "is child" : false, 
    "weights" : [
        [
            2.282457, 
            -3.567629, 
            1.480115, 
            0.347587, 
            4.702678, 
            -1.293836, 
            -1.295331, 
            0.677806407583694, 
            2.908847, 
            1.650762, 
            1.895605, 
            -1.829794, 
            5.281043, 
            -1.393539, 
            0.343844, 
            -0.0575527221931309, 
            2.754486, 
            -0.144678, 
            1.434828, 
            3.020657, 
            6.351587, 
            1.989358, 
            0.073049, 
            0.9376428047092931, 
            -0.623753, 
            -0.830117, 
            -1.75456, 
            -1.457902, 
            -0.390536, 
            2.297325, 
            1.118542, 
            -0.699098273204694, 
            0.729363, 
            0.809061, 
            -1.687369, 
            -1.021965, 
            2.498046, 
            1.807786, 
            -2.097818, 
            0.7719622214524728
        ], 
        [
            -1.672641, 
            -2.354386, 
            -2.071702, 
            1.127699, 
            1.411154, 
            0.537445, 
            -0.419893, 
            0.13228389274674757, 
            -0.642613, 
            1.864934, 
            1.036278, 
            0.875656, 
            -0.213203, 
            0.249989, 
            -0.244532, 
            0.21710836816040668, 
            0.628145, 
            -2.02749, 
            -0.50145, 
            0.08754, 
            1.401347, 
            -1.198934, 
            -1.078331, 
            -0.8191307421971143, 
            0.699852, 
            1.137581, 
            2.340378, 
            -2.116823, 
            -1.466827, 
            2.996764, 
            1.689936, 
            0.15170162327395387, 
            -2.119949, 
            -1.990187, 
            -2.939628, 
            3.006731, 
            1.959827, 
            -3.100643, 
            1.248209, 
            0.4516051110761421, 
            1.635638, 
            -0.560125, 
            -0.928182, 
            1.275598, 
            -1.541759, 
            0.130869, 
            2.422608, 
            -0.03481941859452942, 
            -2.046047, 
            0.302035, 
            2.546713, 
            2.829665, 
            -0.197374, 
            0.2338, 
            1.003578, 
            -0.04703490557018153, 
            1.788258, 
            1.519953, 
            1.972866, 
            2.869848, 
            -1.149819, 
            2.507697, 
            3.009444, 
            -0.6601473856470892
        ], 
        [
            -1.951636, 
            0.991227, 
            -2.784786, 
            1.47192, 
            -2.207975, 
            2.962598, 
            3.486269, 
            1.07225, 
            -0.632753, 
            -1.155744, 
            0.268055, 
            2.244808, 
            1.398389, 
            -2.546816, 
            -2.11395, 
            -1.421921
        ]
    ], 
    "momentum weights" : [
        [
            2.282457, 
            -3.567629, 
            1.480115, 
            0.347587, 
            4.702678, 
            -1.293836, 
            -1.295331, 
            0.677806407583694, 
            2.908847, 
            1.650762, 
            1.895605, 
            -1.829794, 
            5.281043, 
            -1.393539, 
            0.343844, 
            -0.0575527221931309, 
            2.754486, 
            -0.144678, 
            1.434828, 
            3.020657, 
            6.351587, 
            1.989358, 
            0.073049, 
            0.9376428047092931, 
            -0.623753, 
            -0.830117, 
            -1.75456, 
            -1.457902, 
            -0.390536, 
            2.297325, 
            1.118542, 
            -0.699098273204694, 
            0.729363, 
            0.809061, 
            -1.687369, 
            -1.021965, 
            2.498046, 
            1.807786, 
            -2.097818, 
            0.7719622214524728
        ], 
        [
            -1.672641, 
            -2.354386, 
            -2.071702, 
            1.127699, 
            1.411154, 
            0.537445, 
            -0.419893, 
            0.13228389274674757, 
            -0.642613, 
            1.864934, 
            1.036278, 
            0.875656, 
            -0.213203, 
            0.249989, 
            -0.244532, 
            0.21710836816040668, 
            0.628145, 
            -2.02749, 
            -0.50145, 
            0.08754, 
            1.401347, 
            -1.198934, 
            -1.078331, 
            -0.8191307421971143, 
            0.699852, 
            1.137581, 
            2.340378, 
            -2.116823, 
            -1.466827, 
            2.996764, 
            1.689936, 
            0.15170162327395387, 
            -2.119949, 
            -1.990187, 
            -2.939628, 
            3.006731, 
            1.959827, 
            -3.100643, 
            1.248209, 
            0.4516051110761421, 
            1.635638, 
            -0.560125, 
            -0.928182, 
            1.275598, 
            -1.541759, 
            0.130869, 
            2.422608, 
            -0.03481941859452942, 
            -2.046047, 
            0.302035, 
            2.546713, 
            2.829665, 
            -0.197374, 
            0.2338, 
            1.003578, 
            -0.04703490557018153, 
            1.788258, 
            1.519953, 
            1.972866, 
            2.869848, 
            -1.149819, 
            2.507697, 
            3.009444, 
            -0.6601473856470892
        ], 
        [
            -1.951636, 
            0.991227, 
            -2.784786, 
            1.47192, 
            -2.207975, 
            2.962598, 
            3.486269, 
            1.07225, 
            -0.632753, 
            -1.155744, 
            0.268055, 
            2.244808, 
            1.398389, 
            -2.546816, 
            -2.11395, 
            -1.421921
        ]
    ], 
    "nodes" : [
        [
            0.522661878285702, 
            0.5413082279688828, 
            -0.6026165808688909, 
            0.4692562990443455, 
            1.0
        ], 
        [
            0.9128401182498382, 
            -0.43365045636001154, 
            -0.9179201770328952, 
            -0.9996568812362588, 
            0.9990071591853336, 
            0.2509507759767503, 
            -0.9709055345507969, 
            0.7615941559557649
        ], 
        [
            -0.7080774666878298, 
            -0.9981722789722198, 
            -0.999999890343689, 
            0.9999629067707243, 
            0.9851440822669221, 
            -0.9939013405467976, 
            0.9755377538205964, 
            0.7615941559557649
        ], 
        [
            0.9999999466912554, 
            -0.9999999994405607
        ]
    ], 
    "pre activation nodes" : [
        [
            0.0, 
            0.0, 
            0.0, 
            0.0, 
            0.0
        ], 
        [
            1.5443001180599136, 
            -0.4643838906550175, 
            -1.5756522060884, 
            -4.3352047636074325, 
            3.8037954255754416, 
            0.2564272304686872, 
            -2.1078502064941955, 
            1.0
        ], 
        [
            -0.8833176291644678, 
            -3.4984591652204413, 
            -8.359530966913026, 
            5.447602369043091, 
            2.447524244799781, 
            -2.894889742939299, 
            2.1957324819632973, 
            1.0
        ], 
        [
            8.7201563044708, 
            -10.9986166188357
        ]
    ],