{
    "child iterations" : 15, 
    "is fertile" : false, 
    "is classifier" : false, 
    "is child" : false, 
    "weights" : [
        [
            -3.834133, 
            2.913555, 
            4.868847, 
            -1.842272, 
            1.383672, 
            1.142558, 
            -0.82467872298649, 
            -7.383514, 
            2.720786, 
            3.589108, 
            -1.143241, 
            0.372289, 
            -2.026729, 
            -0.294044000925068, 
            -5.928271, 
            0.956747, 
            4.698689, 
            -2.927001, 
            1.01264, 
            3.218659, 
            0.035904223068680574, 
            -1.058808, 
            -0.372705, 
            -0.736697, 
            2.600628, 
            -0.372306, 
            -0.189168, 
            0.8130803931708197, 
            -0.382979, 
            1.515419, 
            1.997229, 
            -0.749432, 
            -2.920596, 
            2.260706, 
            0.4852428415275809
        ], 
        [
            1.230018, 
            -2.232575, 
            3.319783, 
            -2.654035, 
            -0.268696, 
            -1.8287, 
            0.06060754241372712, 
            0.825735, 
            -1.074615, 
            -2.557508, 
            -0.064156, 
            -0.833571, 
            0.633259, 
            -0.7569954942726858, 
            -0.619804, 
            -1.646491, 
            -1.009819, 
            0.756352, 
            3.375002, 
            1.856717, 
            -0.41737654075169295, 
            1.57167, 
            -0.572399, 
            -0.033606, 
            -2.017009, 
            0.503082, 
            -1.860258, 
            -0.014398625920331254, 
            2.34074, 
            -2.621761, 
            1.410569, 
            1.315025, 
            -1.364563, 
            -1.405295, 
            0.18306098441802576, 
            -0.810899, 
            -1.392475, 
            -2.335007, 
            -2.103395, 
            2.129522, 
            -1.487435, 
            -0.8919675795904434, 
            -2.382407, 
            0.562901, 
            0.433678, 
            2.231317, 
            -1.857797, 
            -2.181028, 
            0.22568368939106076
        ], 
        [
            0.895432, 
            2.344152, 
            0.471678, 
            0.837218, 
            -3.096573, 
            2.989855, 
            3.340788, 
            -0.126855, 
            2.494413, 
            -1.334536, 
            0.250237, 
            -2.847114, 
            2.650457, 
            0.634516
        ]
    ], 
    "momentum weights" : [
        [
            -3.834133, 
            2.913555, 
            4.868847, 
            -1.842272, 
            1.383672, 
            1.142558, 
            -0.82467872298649, 
            -7.383514, 
            2.720786, 
            3.589108, 
            -1.143241, 
            0.372289, 
            -2.026729, 
            -0.294044000925068, 
            -5.928271, 
            0.956747, 
            4.698689, 
            -2.927001, 
            1.01264, 
            3.218659, 
            0.035904223068680574, 
            -1.058808, 
            -0.372705, 
            -0.736697, 
            2.600628, 
            -0.372306, 
            -0.189168, 
            0.8130803931708197, 
            -0.382979, 
            1.515419, 
            1.997229, 
            -0.749432, 
            -2.920596, 
            2.260706, 
            0.4852428415275809
        ], 
        [
            1.230018, 
            -2.232575, 
            3.319783, 
            -2.654035, 
            -0.268696, 
            -1.8287, 
            0.06060754241372712, 
            0.825735, 
            -1.074615, 
            -2.557508, 
            -0.064156, 
            -0.833571, 
            0.633259, 
            -0.7569954942726858, 
            -0.619804, 
            -1.646491, 
            -1.009819, 
            0.756352, 
            3.375002, 
            1.856717, 
            -0.41737654075169295, 
            1.57167, 
            -0.572399, 
            -0.033606, 
            -2.017009, 
            0.503082, 
            -1.860258, 
            -0.014398625920331254, 
            2.34074, 
            -2.621761, 
            1.410569, 
            1.315025, 
            -1.364563, 
            -1.405295, 
            0.18306098441802576, 
            -0.810899, 
            -1.392475, 
            -2.335007, 
            -2.103395, 
            2.129522, 
            -1.487435, 
            -0.8919675795904434, 
            -2.382407, 
            0.562901, 
            0.433678, 
            2.231317, 
            -1.857797, 
            -2.181028, 
            0.22568368939106076
        ], 
        [
            0.895432, 
            2.344152, 
            0.471678, 
            0.837218, 
            -3.096573, 
            2.989855, 
            3.340788, 
            -0.126855, 
            2.494413, 
            -1.334536, 
            0.250237, 
            -2.847114, 
            2.650457, 
            0.634516
        ]
    ], 
    "nodes" : [
        [
            -0.5825743316819189, 
            0.5637668523874917, 
            -0.5517525577788787, 
            -0.6124644243796431, 
            1.0
        ], 
        [
            0.922794032918563, 
            0.7827092275618163, 
            -0.7429935748115892, 
            -0.2899437443541878, 
            -0.99909023119712, 
            -0.8359479575521122, 
            0.7615941559557649
        ], 
        [
            -0.93401846842017, 
            0.9910091065614328, 
            0.9909114995853426, 
            -0.3208824845841882, 
            -0.9999580098132259, 
            -0.7801046489974881, 
            0.7615941559557649
        ], 
        [
            -0.9999366897886651, 
            0.99997680557786
        ]
    ], 
    "pre activation nodes" : [
        [
            0.0, 
            0.0, 
            0.0, 
            0.0, 
            0.0
        ], 
        [
            1.607528942420524, 
            1.0523265511875868, 
            -0.9571291369580219, 
            -0.2985048435882628, 
            -3.8475061230846137, 
            -1.2075662578672381, 
            1.0
        ], 
        [
            -1.6889901734928454, 
            2.7000923264978245, 
            2.6946689645737303, 
            -0.33263057862019174, 
            -5.385600400231879, 
            -1.0456378386044316, 
            1.0
        ], 
        [
            -5.180289725135625, 
            5.682367158238098
        ]
    ], 
    "average nodes" : [
        [
            0.0, 
            0.0, 
            0.0, 
            0.0, 
            0.0
        ], 
        [
            0.0, 
            0.0, 
            0.0, 
            0.0, 
            0.0, 
            0.0, 
            0.0
        ], 
        [
            0.0, 
            0.0, 
            0.0, 
            0.0, 
            0.0, 
            0.0, 
            0.0
        ], 
        [
            0.0, 
            0.0
        ]
    ], 
    "input width" : 4, 
    "output width" : 2, 
    "hidden width" : 6, 
    "hidden length" : 2, 
    "hidden layer details" : {
        "items" : 3, 
        "0" : "is shallow", 
        "1" : "probabilities", 
        "2" : "width", 
        "is shallow" : true, 
        "probabilities" : {
            "2" : 0.85, 
            "3" : 0.12, 
            "1" : 0.03
        }, 
        "width" : {
            "no change" : 0.6, 
            "decrease" : 0.35, 
            "increase" : 0.05
        }
    }, 
    "weight range" : 1.0, 
    "activation function" : 2, 
    "learning rate" : 0.05, 
    "momentum active" : true, 
    "momentum" : 0.001, 
    "accuracy requirement" : 0.985, 
    "epochs" : 10, 
    "batch size" : 40, 
    "accuracy sample size" : 150, 
    "fitness sample size" : 15, 
    "allow testing" : false, 
    "show output" : true,