{
    "child iterations" : 15, 
    "is fertile" : false, 
    "is classifier" : false, 
    "is child" : false, 
    "weights" : [
        [
            -0.545234, 
            -0.531954, 
            0.075214, 
            -0.398225, 
            0.050524, 
            -0.25902, 
            0.912331, 
            0.648891, 
            -0.892537, 
            -0.557328, 
            -0.23505962994298568, 
            -0.08789, 
            -0.747088, 
            -0.298391, 
            -0.396873, 
            0.37515, 
            -0.410385, 
            -0.562316, 
            -1.031802, 
            -0.876284, 
            -0.03444, 
            0.7928995729925363, 
            -0.637641, 
            0.805342, 
            -0.100297, 
            0.1314, 
            -0.117112, 
            0.133158, 
            0.479233, 
            -0.346464, 
            -0.384826, 
            0.556801, 
            -0.9142085541721856, 
            -0.847124, 
            0.025234, 
            -0.645167, 
            1.042557, 
            0.511705, 
            0.832814, 
            -0.698165, 
            -0.108933, 
            0.913, 
            0.848215, 
            -0.6940568511225527, 
            -0.162026, 
            0.769686, 
            -0.918816, 
            1.034417, 
            0.534828, 
            -0.930606, 
            0.706671, 
            0.275991, 
            -1.037543, 
            0.19187, 
            -0.5131649515524002, 
            -0.617571, 
            0.788617, 
            -0.013116, 
            -0.49599, 
            0.990002, 
            -1.013278, 
            -0.901814, 
            0.118996, 
            1.064688, 
            0.836103, 
            0.11770169882033676, 
            0.469328, 
            0.736618, 
            -0.798537, 
            -0.38347, 
            0.467834, 
            0.719148, 
            -0.27243, 
            1.050836, 
            -0.220709, 
            0.382028, 
            0.5752892535035756, 
            -0.794464, 
            0.820026, 
            -1.042166, 
            0.505519, 
            -0.006632, 
            0.257594, 
            -0.751921, 
            -0.375657, 
            0.462553, 
            0.36087, 
            -0.4666913064403764, 
            0.111042, 
            -0.745538, 
            -0.081744, 
            0.526966, 
            -0.306176, 
            -0.654346, 
            0.290539, 
            0.348796, 
            0.035329, 
            -1.071019, 
            -0.6623305742604311, 
            -0.012878, 
            1.011059, 
            -0.75445, 
            0.357342, 
            0.660905, 
            -0.572455, 
            -0.691893, 
            0.931385, 
            -0.2192, 
            -0.288921, 
            0.4360297496078256, 
            -1.027646, 
            0.126922, 
            -0.530774, 
            -0.144733, 
            0.061887, 
            0.628066, 
            -0.326861, 
            -0.954815, 
            0.838866, 
            0.847501, 
            0.3618229245845208
        ], 
        [
            0.269914, 
            -0.450072, 
            0.373746, 
            0.521602, 
            0.962766, 
            0.049331, 
            -0.647494, 
            -1.055045, 
            -0.302932, 
            0.028111, 
            -0.1723423831091404, 
            0.709787, 
            0.9143, 
            -0.181835, 
            -0.123117, 
            -0.713446, 
            -0.729062, 
            -0.204674, 
            0.384068, 
            -0.545724, 
            0.220253, 
            0.532518626342469, 
            -1.004798, 
            -0.605801, 
            0.33155, 
            -0.77963, 
            0.575432, 
            0.399441, 
            -0.270515, 
            0.163738, 
            0.356983, 
            -0.473901, 
            -0.571791176121281, 
            0.082494, 
            -0.573439, 
            0.058018, 
            1.021802, 
            -0.897195, 
            -0.413357, 
            0.560509, 
            -0.743835, 
            0.65359, 
            -0.41182, 
            0.5848995364291141, 
            0.249782, 
            -0.67388, 
            0.164841, 
            -0.784699, 
            0.398653, 
            -0.04556, 
            0.864621, 
            1.074073, 
            -0.965024, 
            0.773709, 
            0.6345984875309185, 
            0.405385, 
            -0.38054, 
            1.050189, 
            -1.061673, 
            -0.400645, 
            -0.169637, 
            -0.761755, 
            0.66539, 
            0.487992, 
            0.977357, 
            -0.30051043748842, 
            0.824336, 
            -0.941133, 
            0.054545, 
            -0.830236, 
            -0.046279, 
            0.91606, 
            -0.511465, 
            -0.745679, 
            0.052242, 
            1.016409, 
            0.09327689369603598, 
            -0.466928, 
            -0.970164, 
            -1.025323, 
            -0.582597, 
            -0.826893, 
            -0.085314, 
            0.976308, 
            -0.236628, 
            0.764484, 
            -0.999653, 
            -0.14365583947315264, 
            -0.614089, 
            0.285716, 
            0.569027, 
            0.712876, 
            0.641673, 
            0.15914, 
            -0.003892, 
            -0.879907, 
            0.275799, 
            0.169292, 
            0.1851545961871719, 
            0.589211, 
            0.237404, 
            -0.16652, 
            0.438231, 
            0.310831, 
            -0.169207, 
            0.409824, 
            -0.920869, 
            0.708568, 
            -0.100393, 
            0.21382099934086263, 
            -0.456958, 
            -0.875006, 
            0.765674, 
            -0.00206, 
            0.93581, 
            0.364924, 
            1.069433, 
            0.421559, 
            0.394808, 
            0.082891, 
            -0.803081958492925
        ], 
        [
            -0.55759, 
            -0.053763, 
            -0.179024, 
            0.940188, 
            0.666382, 
            0.447729, 
            0.702823, 
            1.010841, 
            -0.942668, 
            -0.661154, 
            1.003442
        ]
    ],