{
    "child iterations" : 15, 
    "is fertile" : false, 
    "is classifier" : false, 
    "is child" : false, 
    "weights" : [
        [
            3.751181, 
            -1.953773, 
            -5.437954, 
            2.437706, 
            0.367335, 
            -1.886287, 
            -0.07198523313812188, 
            3.972346, 
            1.453749, 
            -4.332582, 
            -2.409176, 
            4.685495, 
            1.200148, 
            0.9196643735738859, 
            1.420693, 
            0.453098, 
            -7.309076, 
            -0.775273, 
            1.438141, 
            -0.309638, 
            -0.8622203129008283, 
            2.987436, 
            -1.867824, 
            1.321306, 
            0.77833, 
            0.234319, 
            -2.158699, 
            -0.5856835955732571, 
            0.505029, 
            -3.267642, 
            -3.746097, 
            0.333195, 
            -1.71333, 
            3.168141, 
            -0.06284893986592732
        ], 
        [
            3.342203, 
            -4.75626, 
            2.62112, 
            0.468073, 
            -5.596865, 
            5.980041, 
            1.682638, 
            2.06615, 
            4.391728, 
            -0.691111, 
            0.171927, 
            2.616259, 
            2.423475, 
            -0.118478
        ]
    ], 
    "momentum weights" : [
        [
            3.751181, 
            -1.953773, 
            -5.437954, 
            2.437706, 
            0.367335, 
            -1.886287, 
            -0.07198523313812188, 
            3.972346, 
            1.453749, 
            -4.332582, 
            -2.409176, 
            4.685495, 
            1.200148, 
            0.9196643735738859, 
            1.420693, 
            0.453098, 
            -7.309076, 
            -0.775273, 
            1.438141, 
            -0.309638, 
            -0.8622203129008283, 
            2.987436, 
            -1.867824, 
            1.321306, 
            0.77833, 
            0.234319, 
            -2.158699, 
            -0.5856835955732571, 
            0.505029, 
            -3.267642, 
            -3.746097, 
            0.333195, 
            -1.71333, 
            3.168141, 
            -0.06284893986592732
        ], 
        [
            3.342203, 
            -4.75626, 
            2.62112, 
            0.468073, 
            -5.596865, 
            5.980041, 
            1.682638, 
            2.06615, 
            4.391728, 
            -0.691111, 
            0.171927, 
            2.616259, 
            2.423475, 
            -0.118478
        ]
    ], 
    "nodes" : [
        [
            0.3347467710879865, 
            -0.4062721003416315, 
            0.1247592995455231, 
            0.3994162415777844, 
            1.0
        ], 
        [
            0.9082341197344249, 
            -0.9999393543697676, 
            -0.9995416076130835, 
            0.9816905937792052, 
            -0.9968182495716635, 
            0.8171822174109971, 
            0.7615941559557649
        ], 
        [
            0.9999469943713049, 
            -0.9999877161171725
        ]
    ], 
    "pre activation nodes" : [
        [
            0.0, 
            0.0, 
            0.0, 
            0.0, 
            0.0
        ], 
        [
            1.5173464974363235, 
            -5.201789915691741, 
            -4.190351479373471, 
            2.342145332845142, 
            -3.2209394115146446, 
            1.1482762074535482, 
            1.0
        ], 
        [
            5.269116562824779, 
            -6.000181766329349
        ]
    ], 
    "average nodes" : [
        [
            0.0, 
            0.0, 
            0.0, 
            0.0, 
            0.0
        ], 
        [
            0.0, 
            0.0, 
            0.0, 
            0.0, 
            0.0, 
            0.0, 
            0.0
        ], 
        [
            0.0, 
            0.0
        ]
    ], 
    "input width" : 4, 
    "output width" : 2, 
    "hidden width" : 6, 
    "hidden length" : 1, 
    "hidden layer details" : {
        "items" : 3, 
        "0" : "is shallow", 
        "1" : "probabilities", 
        "2" : "width", 
        "is shallow" : true, 
        "probabilities" : {
            "2" : 0.85, 
            "3" : 0.12, 
            "1" : 0.03
        }, 
        "width" : {
            "no change" : 0.6, 
            "decrease" : 0.35, 
            "increase" : 0.05
        }
    }, 
    "weight range" : 1.0, 
    "activation function" : 2, 
    "learning rate" : 0.05, 
    "momentum active" : true, 
    "momentum" : 0.001, 
    "accuracy requirement" : 0.985, 
    "epochs" : 10, 
    "batch size" : 40, 
    "accuracy sample size" : 150, 
    "fitness sample size" : 15, 
    "allow testing" : false, 
    "show output" : true, 
    "use bias" : true, 
    "clear bias" : false, 
    "bias value" : 1.0, 
    "child" : null
}