{
    "child iterations" : 15, 
    "is fertile" : false, 
    "is classifier" : false, 
    "is child" : false, 
    "weights" : [
        [
            4.09918, 
            -5.501998, 
            0.002409, 
            -4.945038, 
            -0.3718512501840825, 
            -2.222302, 
            -7.230839, 
            3.082377, 
            1.473973, 
            0.5011657216589624, 
            2.261912, 
            -7.020281, 
            -2.149088, 
            -1.417619, 
            0.0195257264916735, 
            -2.386133, 
            0.524569, 
            0.838298, 
            0.622661, 
            -0.45046271023967144, 
            1.348877, 
            -2.052291, 
            1.500836, 
            0.507028, 
            0.2050673076418965
        ], 
        [
            -1.009171, 
            -0.925878, 
            1.849563, 
            -2.117235, 
            -0.16600486769787848, 
            3.0373, 
            3.946077, 
            2.804987, 
            3.885298, 
            0.8182514434762274, 
            -0.515658, 
            -1.325045, 
            2.153165, 
            -1.982015, 
            -0.35660287218800946, 
            1.846423, 
            1.473606, 
            2.596583, 
            0.34146, 
            -0.6047921798993547, 
            -0.149675, 
            -1.290354, 
            -3.157676, 
            -2.554554, 
            -0.3144628843231103
        ], 
        [
            -0.379746, 
            -0.366509, 
            0.705104, 
            -0.560225, 
            -0.10166547353370303, 
            -1.408928, 
            0.832376, 
            1.877784, 
            -1.350151, 
            -0.5297000426263103, 
            0.214988, 
            -0.963753, 
            -0.596755, 
            -1.705394, 
            -0.23395035702812272, 
            -4.330924, 
            -3.273785, 
            2.02805, 
            -2.894201, 
            0.6162955214422656, 
            -0.872082, 
            -1.117805, 
            1.420042, 
            -2.921204, 
            0.760003900938796
        ], 
        [
            2.273586, 
            -4.630086, 
            1.747328, 
            2.571316, 
            -0.126601, 
            5.389171, 
            1.863279, 
            -0.038169, 
            -1.631612, 
            -3.752694
        ]
    ], 
    "momentum weights" : [
        [
            4.09918, 
            -5.501998, 
            0.002409, 
            -4.945038, 
            -0.3718512501840825, 
            -2.222302, 
            -7.230839, 
            3.082377, 
            1.473973, 
            0.5011657216589624, 
            2.261912, 
            -7.020281, 
            -2.149088, 
            -1.417619, 
            0.0195257264916735, 
            -2.386133, 
            0.524569, 
            0.838298, 
            0.622661, 
            -0.45046271023967144, 
            1.348877, 
            -2.052291, 
            1.500836, 
            0.507028, 
            0.2050673076418965
        ], 
        [
            -1.009171, 
            -0.925878, 
            1.849563, 
            -2.117235, 
            -0.16600486769787848, 
            3.0373, 
            3.946077, 
            2.804987, 
            3.885298, 
            0.8182514434762274, 
            -0.515658, 
            -1.325045, 
            2.153165, 
            -1.982015, 
            -0.35660287218800946, 
            1.846423, 
            1.473606, 
            2.596583, 
            0.34146, 
            -0.6047921798993547, 
            -0.149675, 
            -1.290354, 
            -3.157676, 
            -2.554554, 
            -0.3144628843231103
        ], 
        [
            -0.379746, 
            -0.366509, 
            0.705104, 
            -0.560225, 
            -0.10166547353370303, 
            -1.408928, 
            0.832376, 
            1.877784, 
            -1.350151, 
            -0.5297000426263103, 
            0.214988, 
            -0.963753, 
            -0.596755, 
            -1.705394, 
            -0.23395035702812272, 
            -4.330924, 
            -3.273785, 
            2.02805, 
            -2.894201, 
            0.6162955214422656, 
            -0.872082, 
            -1.117805, 
            1.420042, 
            -2.921204, 
            0.760003900938796
        ], 
        [
            2.273586, 
            -4.630086, 
            1.747328, 
            2.571316, 
            -0.126601, 
            5.389171, 
            1.863279, 
            -0.038169, 
            -1.631612, 
            -3.752694
        ]
    ], 
    "nodes" : [
        [
            -0.27254108704901603, 
            -0.46372456940583057, 
            -0.12882589872272596, 
            0.4781927130218136, 
            1.0
        ], 
        [
            -0.16858138715747145, 
            0.9992670198790804, 
            0.634272162075033, 
            0.9290788412522745, 
            0.7615941559557649
        ], 
        [
            0.9997429424408216, 
            0.9986368230466663, 
            0.999120416123339, 
            0.8749822779294895, 
            0.7615941559557649
        ], 
        [
            -0.9999883229010852, 
            -0.9995626882560267, 
            0.9998749449011597, 
            -0.9999998924937387, 
            0.7615941559557649
        ], 
        [
            -0.9999989965637841, 
            0.999809126857921
        ]
    ], 
    "pre activation nodes" : [
        [
            0.0, 
            0.0, 
            0.0, 
            0.0, 
            0.0
        ], 
        [
            -0.17020619430246686, 
            3.955586299967616, 
            0.748531689424849, 
            1.6516145318821596, 
            1.0
        ], 
        [
            4.479614587995405, 
            3.6452013340135085, 
            3.8643844608222944, 
            1.3539494913859327, 
            1.0
        ], 
        [
            -6.025511166993813, 
            -4.213896372520395, 
            4.839920389057609, 
            -8.369431936656845, 
            1.0
        ], 
        [
            -7.252613455628984, 
            4.62847663380632
        ]
    ], 
    "average nodes" : [
        [
            0.0, 
            0.0, 
            0.0, 
            0.0, 
            0.0
        ], 
        [
            0.0, 
            0.0, 
            0.0, 
            0.0, 
            0.0
        ], 
        [
            0.0, 
            0.0, 
            0.0, 
            0.0, 
            0.0
        ], 
        [
            0.0, 
            0.0, 
            0.0, 
            0.0, 
            0.0
        ], 
        [
            0.0, 
            0.0
        ]
    ], 
    "input width" : 4, 
    "output width" : 2, 
    "hidden width" : 4, 
    "hidden length" : 3, 
    "hidden layer details" : {
        "items" : 3, 
        "0" : "is shallow", 
        "1" : "probabilities", 
        "2" : "width", 
        "is shallow" : true, 
        "probabilities" : {
            "2" : 0.85, 
            "3" : 0.12, 
            "1" : 0.03
        }, 
        "width" : {
            "no change" : 0.6, 
            "decrease" : 0.35, 
            "increase" : 0.05
        }
    }, 
    "weight range" : 1.0, 
    "activation function" : 2, 
    "learning rate" : 0.05, 
    "momentum active" : true, 
    "momentum" : 0.001, 
    "accuracy requirement" : 0.985, 
    "epochs" : 10, 
    "batch size" : 40, 
    "accuracy sample size" : 150, 
    "fitness sample size" : 15, 
    "allow testing" : false, 
    "show output" : true, 
    "use bias" : true, 
    "clear bias" : false, 
    "bias value" : 1.0, 
    "child" : null
}