{
    "child iterations" : 15, 
    "is fertile" : false, 
    "is classifier" : false, 
    "is child" : false, 
    "weights" : [
        [
            -0.292508, 
            -0.320579, 
            0.203787, 
            -0.093527, 
            -0.022471, 
            0.832183, 
            -0.758311, 
            0.939693, 
            0.33374, 
            -0.008799, 
            -0.07592291025840558, 
            1.092226, 
            -0.081282, 
            -0.644124, 
            -0.500677, 
            0.451728, 
            -0.624075, 
            0.454759, 
            0.307836, 
            -0.112353, 
            -1.040453, 
            0.5825724447205916, 
            0.20906, 
            -0.353275, 
            0.649009, 
            -0.745544, 
            0.680139, 
            -0.737667, 
            -0.170311, 
            -0.301838, 
            -0.107547, 
            0.056727, 
            -0.8795070191474392, 
            -0.854525, 
            -0.150084, 
            -0.788309, 
            0.551079, 
            0.551114, 
            -0.508725, 
            -0.552106, 
            0.418189, 
            0.08761, 
            0.742499, 
            -0.12393753269452668, 
            0.084196, 
            -0.811307, 
            0.50589, 
            -0.151003, 
            0.849773, 
            0.367593, 
            -0.941117, 
            -0.772173, 
            0.811553, 
            0.467372, 
            0.5641399175236939, 
            0.12822, 
            -0.048535, 
            -1.082207, 
            -0.828086, 
            0.194657, 
            1.013714, 
            0.931437, 
            0.422093, 
            0.537336, 
            0.615355, 
            0.6989477506169324, 
            -0.442366, 
            0.083711, 
            0.701979, 
            0.275886, 
            0.849884, 
            0.261274, 
            -0.991679, 
            0.382545, 
            -0.800801, 
            0.060131, 
            0.10357544286012854, 
            -0.590719, 
            -0.452796, 
            0.38061, 
            -0.135868, 
            0.305372, 
            0.693108, 
            -0.509088, 
            -0.974099, 
            0.351179, 
            -0.137912, 
            -0.09315683397760344, 
            -0.826158, 
            -0.912174, 
            0.054276, 
            -0.976243, 
            -0.852727, 
            -0.847446, 
            0.022694, 
            0.17761, 
            -0.89213, 
            -0.473891, 
            0.8663334286484168, 
            -0.066417, 
            1.09159, 
            0.019209, 
            -0.567776, 
            -0.601433, 
            -0.725242, 
            -0.528617, 
            0.441176, 
            1.116213, 
            0.486027, 
            0.5421802242225611, 
            0.118184, 
            -0.740441, 
            0.024854, 
            -0.391346, 
            -0.544352, 
            -0.38511, 
            -0.805807, 
            -0.231823, 
            -0.366364, 
            -0.267948, 
            -0.3886899585535821
        ], 
        [
            -0.163582, 
            0.754798, 
            -0.062233, 
            -0.101576, 
            -0.218572, 
            1.024538, 
            -0.485316, 
            0.628948, 
            0.102575, 
            0.380492, 
            -0.816329267590683, 
            0.117148, 
            0.084928, 
            -1.046889, 
            0.668633, 
            -1.081589, 
            0.713756, 
            0.516558, 
            0.852135, 
            1.11244, 
            -0.832219, 
            0.48267207858728556, 
            -0.238345, 
            -1.085223, 
            0.008281, 
            1.01278, 
            -0.830965, 
            0.307281, 
            -0.724446, 
            -0.708138, 
            0.299266, 
            0.103994, 
            0.3923983974954477, 
            0.410224, 
            -0.082805, 
            0.228436, 
            -0.806993, 
            0.097634, 
            0.574031, 
            -0.069308, 
            0.913938, 
            -0.837983, 
            -0.326323, 
            -0.009076524821419962, 
            0.854551, 
            0.680505, 
            0.182787, 
            -1.031339, 
            -1.193929, 
            -0.763674, 
            0.7318, 
            0.269564, 
            0.309248, 
            0.31623, 
            0.3381713575010059, 
            0.744504, 
            0.416642, 
            -0.34675, 
            -1.131945, 
            0.754186, 
            0.55572, 
            -0.471536, 
            -0.014601, 
            0.537168, 
            0.74927, 
            0.6309554718178385, 
            -0.840072, 
            -1.112645, 
            -0.311718, 
            0.574703, 
            0.279389, 
            -0.612763, 
            -0.12949, 
            0.474637, 
            -0.536669, 
            0.069882, 
            0.6143566467175556, 
            -0.946165, 
            0.456989, 
            0.915996, 
            0.058394, 
            -0.953163, 
            1.010446, 
            0.716227, 
            -0.925641, 
            0.024908, 
            -0.719216, 
            -0.8718114004927602, 
            0.359678, 
            0.475094, 
            1.029178, 
            -1.022357, 
            0.860668, 
            -1.118665, 
            -0.235777, 
            -0.482414, 
            -0.703813, 
            0.422236, 
            -0.44041103028021733, 
            0.324826, 
            -0.348627, 
            0.051798, 
            0.923905, 
            0.597352, 
            -0.368027, 
            -0.743819, 
            -0.809932, 
            -0.650247, 
            0.812356, 
            -0.9034535476591852, 
            0.95178, 
            0.511222, 
            -0.934831, 
            -0.545133, 
            -0.45469, 
            -0.792773, 
            0.201658, 
            -0.678283, 
            0.345712, 
            1.030252, 
            0.6629175036167048
        ], 
        [
            -1.001342, 
            0.688943, 
            0.142202, 
            -0.854508, 
            1.025857, 
            0.626531, 
            -0.522195, 
            -0.029749, 
            -0.846466, 
            0.728321, 
            0.06246
        ]
    ],