{
    "child iterations" : 15, 
    "is fertile" : false, 
    "is classifier" : false, 
    "is child" : false, 
    "weights" : [
        [
            0.765975, 
            -0.417453, 
            -0.342934, 
            -0.869019, 
            -0.90247, 
            -0.035459, 
            -0.943912, 
            -0.093731, 
            -0.824048, 
            -0.393385, 
            -0.6149671420331009, 
            1.011151, 
            -0.113994, 
            -0.847619, 
            0.927918, 
            0.722492, 
            -0.491112, 
            -0.231389, 
            -0.521041, 
            0.160832, 
            -0.232515, 
            0.11585803979522424, 
            0.148455, 
            0.287547, 
            0.184064, 
            -0.336728, 
            -0.193668, 
            -0.62564, 
            -0.531652, 
            -0.081518, 
            0.741512, 
            0.338248, 
            -0.7335925813979653, 
            -0.638397, 
            -0.776169, 
            0.118094, 
            -0.056786, 
            0.498767, 
            0.924566, 
            0.552878, 
            -0.546683, 
            -1.026303, 
            0.185123, 
            0.2403238381651165, 
            0.780669, 
            -0.595232, 
            -0.374639, 
            -0.69414, 
            -0.088193, 
            -0.239263, 
            0.661166, 
            -0.911229, 
            -0.733837, 
            -0.091357, 
            -0.288859454532455, 
            0.46477, 
            0.265467, 
            -0.972297, 
            0.098833, 
            -1.018152, 
            0.129297, 
            0.293329, 
            0.204637, 
            -0.224513, 
            -0.578468, 
            -0.839760312125311, 
            0.178154, 
            0.451954, 
            -0.015787, 
            0.248438, 
            -0.39652, 
            -0.995991, 
            0.88533, 
            -0.928524, 
            0.076466, 
            -0.595095, 
            -0.17040932064056036, 
            0.886219, 
            0.604019, 
            0.017513, 
            0.764703, 
            0.598688, 
            -0.31369, 
            0.698365, 
            0.432211, 
            -0.305967, 
            -0.815094, 
            0.5432486698553396, 
            -0.085855, 
            0.943905, 
            -0.202962, 
            -0.574561, 
            -0.029729, 
            -0.039485, 
            0.865542, 
            0.777598, 
            0.494788, 
            -0.081303, 
            0.6415519605000353, 
            -0.24485, 
            -0.830074, 
            0.083619, 
            0.474247, 
            -0.308255, 
            0.338497, 
            -0.850091, 
            0.912571, 
            -0.247442, 
            -0.99677, 
            -0.31752508188915307, 
            -0.737826, 
            -0.246746, 
            -0.824093, 
            -0.282666, 
            -0.189197, 
            -0.424639, 
            0.744258, 
            0.101981, 
            1.008714, 
            0.846521, 
            0.6606375790581522
        ], 
        [
            -0.86834, 
            0.540875, 
            -0.795905, 
            0.29109, 
            -0.309432, 
            0.620089, 
            -0.828601, 
            -0.917975, 
            -0.322246, 
            0.016813, 
            -0.4827140504354541, 
            -0.695991, 
            -0.149053, 
            0.075457, 
            -0.13689, 
            -1.000567, 
            -0.991422, 
            0.214012, 
            0.729497, 
            -0.767853, 
            0.074376, 
            -0.4698165723897447, 
            0.5716, 
            -0.730712, 
            -0.135233, 
            0.60769, 
            0.626428, 
            0.301945, 
            -0.650142, 
            -0.654403, 
            -0.467039, 
            -0.696612, 
            0.8324332789513076, 
            -0.519303, 
            0.271392, 
            -0.102323, 
            -0.563811, 
            1.017976, 
            0.358434, 
            0.335654, 
            -0.187795, 
            -0.264973, 
            0.417697, 
            -0.693304697080396, 
            0.945779, 
            -0.199183, 
            -0.160584, 
            0.146888, 
            0.420027, 
            -0.238223, 
            0.845466, 
            -0.017752, 
            -0.518481, 
            0.951676, 
            0.618753783342677, 
            0.818914, 
            0.933627, 
            0.172173, 
            0.240609, 
            0.100529, 
            -0.642185, 
            0.589999, 
            -0.666577, 
            0.055513, 
            -0.586208, 
            0.09883415403701812, 
            0.020552, 
            0.046714, 
            0.959019, 
            0.942341, 
            -0.375761, 
            0.731892, 
            -0.305079, 
            1.044256, 
            0.615006, 
            -0.25801, 
            -0.14796782650127027, 
            0.561628, 
            0.121335, 
            -0.859605, 
            0.235908, 
            0.488461, 
            -0.267858, 
            0.396608, 
            0.554621, 
            0.992344, 
            -0.675262, 
            0.4711757259760514, 
            0.820328, 
            -0.619556, 
            -0.428984, 
            0.491391, 
            0.440325, 
            -0.081865, 
            -0.557626, 
            -0.731878, 
            0.147067, 
            -0.630049, 
            -0.8489646450151278, 
            0.83382, 
            -0.426053, 
            0.982882, 
            -0.752992, 
            0.489051, 
            0.598788, 
            -0.263353, 
            -0.231424, 
            -0.427742, 
            0.485295, 
            0.6927912108964496, 
            -0.647454, 
            -0.539252, 
            -0.251968, 
            0.38953, 
            0.87122, 
            -0.104931, 
            0.24321, 
            -0.242216, 
            -0.455629, 
            0.350772, 
            -0.5208356435374579
        ], 
        [
            -0.030029, 
            -0.910573, 
            -0.511575, 
            0.25448, 
            0.480473, 
            0.419574, 
            -0.328553, 
            1.044579, 
            0.596895, 
            -0.32573, 
            -0.677601
        ]
    ],