{
    "child iterations" : 15, 
    "is fertile" : false, 
    "is classifier" : false, 
    "is child" : false, 
    "weights" : [
        [
            -0.406459, 
            22.873013, 
            -24.018015, 
            -4.984682, 
            10.195142, 
            -8.754895, 
            -10.474306, 
            -4.404676, 
            1.986881, 
            -3.601481, 
            21.5485, 
            -4.686619, 
            16.795526, 
            7.070214, 
            10.875713, 
            -10.739761, 
            -11.044296, 
            12.748621, 
            0.399654, 
            22.849981, 
            -2.006909, 
            8.384826, 
            -15.258678, 
            -17.649917, 
            3.953041, 
            8.050452, 
            -2.771142, 
            -12.622919, 
            -1.561481, 
            10.364195, 
            -2.540888, 
            -12.649449, 
            -7.353568, 
            9.638945, 
            0.946444, 
            5.448529, 
            -12.439205, 
            7.396738, 
            -5.372529, 
            -5.314476, 
            -7.738305, 
            4.028822, 
            -9.502057, 
            -13.828899, 
            13.903403
        ], 
        [
            -9.797908, 
            -4.631399, 
            -9.36599, 
            7.49286, 
            -9.640529, 
            -7.803756, 
            -12.541606, 
            5.450694, 
            5.090225, 
            10.141034, 
            15.914637, 
            2.1281, 
            16.245361, 
            9.033008, 
            14.309526, 
            10.439286, 
            12.021275, 
            -10.506423, 
            4.950955, 
            -4.09627, 
            -0.655409, 
            -5.002373, 
            -7.259905, 
            -11.04406, 
            -5.882969, 
            4.618223, 
            9.50364, 
            10.232825, 
            7.511045, 
            14.593346, 
            12.186539, 
            -11.045276, 
            4.477302, 
            -13.050484, 
            1.795811, 
            -4.417074, 
            9.179976, 
            4.597706, 
            0.406413, 
            -10.63736, 
            -7.485671, 
            -6.944402, 
            -6.75352, 
            -11.339073, 
            7.398427, 
            14.72761, 
            -11.497747, 
            -6.78265, 
            -10.767249, 
            0.466047, 
            11.432633, 
            3.436833, 
            3.232373, 
            -2.893525, 
            4.6781, 
            -1.787721, 
            -12.109609, 
            -14.279901, 
            6.452972, 
            0.286422, 
            2.153997, 
            8.277969, 
            -12.986208, 
            -3.827098, 
            -9.753587, 
            -2.733773, 
            -3.609516, 
            8.356562, 
            5.46813, 
            -9.14647, 
            -12.174835, 
            -6.744269, 
            -8.113979, 
            -6.711975, 
            -8.598305, 
            5.753317, 
            -13.853746, 
            0.017667, 
            12.088038, 
            9.796029, 
            -5.240205
        ], 
        [
            -8.441357, 
            3.031798, 
            10.445432, 
            -7.101076, 
            2.678612, 
            -7.502294, 
            13.378048, 
            -4.292268, 
            0.092969, 
            -5.994849, 
            6.662727, 
            -10.66784, 
            -11.275466, 
            5.258898, 
            -2.600117, 
            -13.054744, 
            14.066929, 
            5.62085
        ]
    ], 
    "momentum weights" : [
        [
            -0.406459, 
            22.873013, 
            -24.018015, 
            -4.984682, 
            10.195142, 
            -8.754895, 
            -10.474306, 
            -4.404676, 
            1.986881, 
            -3.601481, 
            21.5485, 
            -4.686619, 
            16.795526, 
            7.070214, 
            10.875713, 
            -10.739761, 
            -11.044296, 
            12.748621, 
            0.399654, 
            22.849981, 
            -2.006909, 
            8.384826, 
            -15.258678, 
            -17.649917, 
            3.953041, 
            8.050452, 
            -2.771142, 
            -12.622919, 
            -1.561481, 
            10.364195, 
            -2.540888, 
            -12.649449, 
            -7.353568, 
            9.638945, 
            0.946444, 
            5.448529, 
            -12.439205, 
            7.396738, 
            -5.372529, 
            -5.314476, 
            -7.738305, 
            4.028822, 
            -9.502057, 
            -13.828899, 
            13.903403
        ], 
        [
            -9.797908, 
            -4.631399, 
            -9.36599, 
            7.49286, 
            -9.640529, 
            -7.803756, 
            -12.541606, 
            5.450694, 
            5.090225, 
            10.141034, 
            15.914637, 
            2.1281, 
            16.245361, 
            9.033008, 
            14.309526, 
            10.439286, 
            12.021275, 
            -10.506423, 
            4.950955, 
            -4.09627, 
            -0.655409, 
            -5.002373, 
            -7.259905, 
            -11.04406, 
            -5.882969, 
            4.618223, 
            9.50364, 
            10.232825, 
            7.511045, 
            14.593346, 
            12.186539, 
            -11.045276, 
            4.477302, 
            -13.050484, 
            1.795811, 
            -4.417074, 
            9.179976, 
            4.597706, 
            0.406413, 
            -10.63736, 
            -7.485671, 
            -6.944402, 
            -6.75352, 
            -11.339073, 
            7.398427, 
            14.72761, 
            -11.497747, 
            -6.78265, 
            -10.767249, 
            0.466047, 
            11.432633, 
            3.436833, 
            3.232373, 
            -2.893525, 
            4.6781, 
            -1.787721, 
            -12.109609, 
            -14.279901, 
            6.452972, 
            0.286422, 
            2.153997, 
            8.277969, 
            -12.986208, 
            -3.827098, 
            -9.753587, 
            -2.733773, 
            -3.609516, 
            8.356562, 
            5.46813, 
            -9.14647, 
            -12.174835, 
            -6.744269, 
            -8.113979, 
            -6.711975, 
            -8.598305, 
            5.753317, 
            -13.853746, 
            0.017667, 
            12.088038, 
            9.796029, 
            -5.240205
        ], 
        [
            -8.441357, 
            3.031798, 
            10.445432, 
            -7.101076, 
            2.678612, 
            -7.502294, 
            13.378048, 
            -4.292268, 
            0.092969, 
            -5.994849, 
            6.662727, 
            -10.66784, 
            -11.275466, 
            5.258898, 
            -2.600117, 
            -13.054744, 
            14.066929, 
            5.62085
        ]
    ], 
    "nodes" : [
        [
            0.2965695288781198, 
            -0.32651816484375873, 
            0.19009197234367928, 
            0.2150540567573219, 
            1.0
        ], 
        [
            -0.9999999999986778, 
            0.9999999995883482, 
            -0.9999999759389472, 
            -0.9999999996473635, 
            -0.9999999999791812, 
            -0.9999985109314442, 
            -0.9999929435259877, 
            -0.9999999937904899, 
            0.7615941559557649
        ], 
        [
            -1.0, 
            1.0, 
            0.9999999999520742, 
            1.0, 
            0.9999999999999999, 
            0.9999999999999998, 
            1.0, 
            1.0, 
            0.7615941559557649
        ], 
        [
            1.0, 
            -1.0
        ]
    ],