{
    "child iterations" : 15, 
    "is fertile" : false, 
    "is classifier" : false, 
    "is child" : false, 
    "weights" : [
        [
            -1.068037, 
            0.880439, 
            -0.544242, 
            0.741459, 
            -0.602325, 
            0.354025, 
            0.960178, 
            -0.464873, 
            0.35983, 
            -0.537053, 
            0.735825, 
            -0.3832216898294569, 
            0.665354, 
            -0.312925, 
            0.569767, 
            0.795818, 
            0.023406, 
            -0.422559, 
            0.519863, 
            0.925257, 
            0.616099, 
            -0.498317, 
            0.214404, 
            -0.11055641435963293, 
            -0.961235, 
            -0.644771, 
            -0.068975, 
            0.329043, 
            -0.50577, 
            0.932075, 
            -0.112914, 
            0.678007, 
            -0.629537, 
            1.029015, 
            0.461997, 
            -0.37526918493231376, 
            -0.795397, 
            -1.007181, 
            -0.535573, 
            -0.230603, 
            1.012888, 
            -0.340321, 
            -0.796152, 
            0.158027, 
            -0.292534, 
            -0.356687, 
            -0.562881, 
            0.6316560229105224, 
            -0.02774, 
            0.689806, 
            0.113294, 
            0.05158, 
            0.862893, 
            -0.831169, 
            0.418157, 
            -0.817778, 
            0.126064, 
            -0.057483, 
            -0.098254, 
            0.21249101885606292, 
            -0.366107, 
            0.788339, 
            0.873035, 
            -0.821805, 
            0.405478, 
            -0.039981, 
            0.47551, 
            -0.650234, 
            -0.626326, 
            0.38517, 
            -0.233391, 
            0.5913710326422563, 
            -1.018998, 
            0.853909, 
            -1.052811, 
            0.497384, 
            -0.569846, 
            -0.855656, 
            -0.734274, 
            0.251303, 
            0.654383, 
            0.397758, 
            -0.640101, 
            0.014161815188319826, 
            0.8213, 
            1.04627, 
            0.742498, 
            0.307206, 
            0.054103, 
            0.437404, 
            0.775914, 
            0.144461, 
            -0.682656, 
            0.411138, 
            0.222411, 
            0.70590729912875, 
            0.776396, 
            -0.247879, 
            0.336471, 
            -0.965777, 
            -0.72407, 
            -1.001655, 
            -0.35411, 
            0.664478, 
            -0.179746, 
            -0.145899, 
            -0.007787, 
            -0.7262486337962952, 
            0.169936, 
            1.004264, 
            0.04391, 
            -1.046568, 
            -0.177141, 
            -0.713355, 
            0.754989, 
            -0.491117, 
            0.778825, 
            -0.991326, 
            -0.633731, 
            0.786309757979035, 
            0.217763, 
            -0.725919, 
            1.072694, 
            0.193918, 
            -0.24772, 
            -0.888374, 
            0.185499, 
            0.957475, 
            -0.478467, 
            0.961346, 
            -0.055366, 
            -0.5034117530266671
        ], 
        [
            -0.48999, 
            -0.04939, 
            0.837795, 
            -0.559667, 
            -0.57541, 
            0.252094, 
            -0.706791, 
            -0.58264, 
            -0.234478, 
            -0.36432, 
            -0.8267704126661055, 
            -0.876199, 
            0.33254, 
            -0.966252, 
            0.421846, 
            -1.005488, 
            0.184096, 
            -1.015686, 
            0.822817, 
            0.881502, 
            0.583068, 
            -0.0923670227272182, 
            -0.123135, 
            0.690631, 
            -0.778622, 
            0.938679, 
            -0.916697, 
            0.10307, 
            -0.681287, 
            -0.197622, 
            0.861993, 
            -1.042828, 
            -0.8961625837055962, 
            0.656834, 
            0.0107, 
            0.522243, 
            0.565874, 
            -0.498132, 
            -0.071723, 
            -0.848142, 
            -1.085999, 
            0.202912, 
            -0.585892, 
            -0.94347022075283, 
            -0.232697, 
            0.874889, 
            1.017962, 
            -0.659877, 
            0.908548, 
            -0.013876, 
            0.20332, 
            1.019817, 
            -0.420204, 
            0.65651, 
            -0.7097659003633685, 
            0.689736, 
            -0.512256, 
            0.199997, 
            -0.045969, 
            -0.513922, 
            0.700109, 
            0.728918, 
            -0.054282, 
            -0.533214, 
            -0.220016, 
            0.6615332662855524, 
            0.603414, 
            -0.953559, 
            0.798495, 
            -0.320343, 
            0.610266, 
            -0.359381, 
            0.067765, 
            -1.012895, 
            0.880205, 
            -0.284964, 
            -0.47180468722615276, 
            -0.279807, 
            -0.223657, 
            -0.324337, 
            -0.585144, 
            0.90328, 
            -0.693882, 
            0.360042, 
            -0.955002, 
            -0.610292, 
            1.046448, 
            0.3913038183899471, 
            -0.885163, 
            0.419423, 
            -0.029414, 
            0.698188, 
            -0.924985, 
            1.007305, 
            0.570208, 
            -0.175736, 
            0.788517, 
            -0.86118, 
            0.9567817854049265, 
            -0.390941, 
            -0.139505, 
            -0.084148, 
            -1.041181, 
            0.234881, 
            -0.185632, 
            -0.089466, 
            0.542735, 
            -0.455268, 
            -0.048232, 
            -0.22171379424786108, 
            -0.941842, 
            -1.013734, 
            -0.482861, 
            -0.543306, 
            -0.803098, 
            -0.509956, 
            -0.878699, 
            0.75232, 
            0.991427, 
            -0.619353, 
            -0.4647311183100278, 
            1.053812, 
            -0.75411, 
            -0.678906, 
            0.90898, 
            0.762772, 
            0.021053, 
            0.621717, 
            -0.670289, 
            -0.257055, 
            0.92177, 
            -0.3200697877858345
        ], 
        [
            -0.697833, 
            0.696969, 
            -1.085051, 
            -0.874447, 
            0.368672, 
            -0.804046, 
            -0.318908, 
            -0.585638, 
            -0.064362, 
            -0.334222, 
            -0.671058
        ]
    ],