{
    "child iterations" : 15, 
    "is fertile" : false, 
    "is classifier" : false, 
    "is child" : false, 
    "weights" : [
        [
            0.254939, 
            0.43065, 
            0.498753, 
            -0.053867, 
            -0.205114, 
            -0.702861, 
            0.080833, 
            -0.908459, 
            0.62493, 
            -0.265298, 
            -0.943114, 
            0.7633440226353472, 
            -0.344401, 
            -0.070844, 
            -0.177333, 
            0.049798, 
            -0.435392, 
            0.711417, 
            -0.706423, 
            0.199345, 
            0.93428, 
            0.931665, 
            0.006477, 
            0.6952365557438258, 
            0.652982, 
            1.036579, 
            -0.08723, 
            0.380079, 
            -0.260643, 
            -0.529579, 
            0.56447, 
            0.373763, 
            -0.360753, 
            -0.419123, 
            -0.15555, 
            -0.6234453257516792, 
            -0.761493, 
            -0.34299, 
            -0.418448, 
            0.743455, 
            -0.556212, 
            -0.962203, 
            -0.075106, 
            -0.081622, 
            -0.822935, 
            -0.74177, 
            -0.352522, 
            -0.9105568060127811, 
            -0.675757, 
            -0.04237, 
            -0.378398, 
            0.065722, 
            0.36937, 
            0.065016, 
            -0.224647, 
            0.740755, 
            -1.06995, 
            -0.791055, 
            -0.958371, 
            0.8636400584740513, 
            0.17349, 
            0.219427, 
            0.011606, 
            0.500029, 
            -0.394638, 
            0.321059, 
            -0.094534, 
            0.971787, 
            0.03906, 
            -0.455201, 
            0.381429, 
            -0.10525105870812879, 
            -0.912678, 
            0.992932, 
            -0.078899, 
            0.247277, 
            0.78895, 
            -1.021855, 
            -1.060246, 
            0.598302, 
            0.473182, 
            0.009051, 
            -0.654063, 
            0.4338334826608732, 
            -0.088525, 
            -0.236441, 
            -0.327573, 
            0.983127, 
            -0.49162, 
            -0.780265, 
            0.039777, 
            -0.434512, 
            -0.204031, 
            -0.396047, 
            -0.350747, 
            0.32025890061998763, 
            -0.101436, 
            0.182396, 
            0.81002, 
            -0.023477, 
            0.467631, 
            0.11578, 
            -0.231862, 
            0.309393, 
            -0.528504, 
            -1.041668, 
            -0.544893, 
            -0.20266105461017303, 
            0.210258, 
            -0.302106, 
            -0.905272, 
            -0.521945, 
            0.491454, 
            0.176976, 
            0.929471, 
            0.042204, 
            -0.607672, 
            -0.678987, 
            0.01782, 
            -0.7999967325538919, 
            -0.43691, 
            -0.979397, 
            -0.799928, 
            -0.606613, 
            -0.999148, 
            0.430953, 
            0.252635, 
            -0.016403, 
            -0.978575, 
            -0.327564, 
            0.511868, 
            -0.754168429485607
        ], 
        [
            0.748083, 
            -0.024154, 
            0.220031, 
            0.594775, 
            -0.630654, 
            0.271048, 
            -0.237379, 
            -0.307037, 
            0.127506, 
            0.149391, 
            -0.07590444167120425, 
            -1.026617, 
            0.864794, 
            0.041074, 
            0.590688, 
            -0.514138, 
            1.043134, 
            0.701711, 
            0.784163, 
            0.284273, 
            0.080925, 
            -0.9261167372076724, 
            0.33456, 
            -1.07521, 
            -0.894048, 
            0.662581, 
            1.051302, 
            0.055814, 
            0.77794, 
            0.882744, 
            0.501353, 
            0.445173, 
            0.6239651508897794, 
            0.54518, 
            -0.619497, 
            -0.965185, 
            0.547758, 
            -0.265194, 
            0.134276, 
            0.114578, 
            -0.821608, 
            0.063862, 
            -0.356361, 
            -0.5417142607732675, 
            0.111467, 
            -0.617808, 
            0.073942, 
            1.00161, 
            0.768143, 
            0.797126, 
            0.187215, 
            0.937192, 
            0.491677, 
            -0.067558, 
            0.5970720044435367, 
            -1.002986, 
            -0.574412, 
            0.520426, 
            -0.146567, 
            0.312927, 
            0.48271, 
            1.086814, 
            0.041694, 
            -1.064855, 
            -0.927263, 
            0.2782025539587132, 
            0.561476, 
            -0.197274, 
            0.141847, 
            0.787424, 
            -0.411024, 
            0.260479, 
            -0.034795, 
            -0.304559, 
            0.571294, 
            -0.463657, 
            -0.16213180512567282, 
            0.76076, 
            -0.04404, 
            -0.923401, 
            0.469925, 
            -0.969087, 
            -0.564994, 
            0.498997, 
            -0.107843, 
            -0.192413, 
            -0.205407, 
            -0.41245699375599343, 
            0.640508, 
            0.341008, 
            -0.280666, 
            0.207369, 
            0.585797, 
            0.866827, 
            0.494475, 
            0.365275, 
            0.495207, 
            -1.030794, 
            0.0861438148368352, 
            -0.503519, 
            0.491505, 
            0.8779, 
            -0.460893, 
            0.930784, 
            -0.882891, 
            -0.282816, 
            -1.108356, 
            -1.009407, 
            -0.180564, 
            -0.01991904825664159, 
            0.308075, 
            -0.378075, 
            -0.008012, 
            -0.687983, 
            -0.727163, 
            0.353086, 
            -0.588688, 
            -0.953533, 
            0.496948, 
            -0.546599, 
            0.9608058051784167, 
            0.847159, 
            1.048041, 
            0.144388, 
            -0.397831, 
            0.829306, 
            -0.973146, 
            -0.170241, 
            0.771358, 
            0.224668, 
            0.04761, 
            0.34465260205121884
        ], 
        [
            -0.626412, 
            -0.218063, 
            0.035009, 
            -0.22198, 
            -0.562422, 
            -0.98441, 
            0.5833, 
            -0.502885, 
            0.521701, 
            -1.004182, 
            0.200376
        ]
    ],