{
    "child iterations" : 15, 
    "is fertile" : false, 
    "is classifier" : false, 
    "is child" : false, 
    "weights" : [
        [
            -2.624403, 
            1.402341, 
            -5.195698, 
            4.864626, 
            -3.644269, 
            -2.079398, 
            -6.556905, 
            -0.35203673918598555, 
            1.859743, 
            0.454365, 
            -0.091031, 
            4.46475, 
            -0.139892, 
            1.289, 
            -6.874101, 
            0.9190242796769386, 
            3.050916, 
            2.605677, 
            -2.407149, 
            7.470742, 
            -1.122522, 
            -0.728034, 
            -5.560589, 
            0.43783762676736826, 
            -0.020526, 
            3.14325, 
            -1.141124, 
            -4.552341, 
            2.907914, 
            -2.021563, 
            -1.559625, 
            0.9398312273651948, 
            -2.371178, 
            1.759118, 
            0.057289, 
            5.10214, 
            2.382583, 
            4.53971, 
            -1.691209, 
            -0.5588780010165069
        ], 
        [
            0.992323, 
            -1.390693, 
            -5.851511, 
            1.671867, 
            -3.213386, 
            1.898218, 
            1.245159, 
            2.313664, 
            0.7196876250985891, 
            0.806404, 
            2.330409, 
            1.762147, 
            0.104008, 
            -3.671541, 
            -0.413072, 
            -1.432897, 
            -0.6914, 
            -0.8188015899992056, 
            -1.926437, 
            1.411164, 
            -0.418851, 
            -1.404736, 
            3.25883, 
            -0.176541, 
            -0.842372, 
            0.375996, 
            0.7162862286591254, 
            4.358208, 
            -2.144474, 
            -2.694562, 
            -0.461754, 
            3.594571, 
            0.648752, 
            -1.054429, 
            -0.674083, 
            0.022893003215669783, 
            -2.927969, 
            -2.828757, 
            1.236603, 
            -1.930621, 
            3.443413, 
            -0.512044, 
            -1.274941, 
            1.523882, 
            -0.47617363415109426, 
            0.16058, 
            -2.483041, 
            -3.186069, 
            -1.741304, 
            -2.624087, 
            -2.118916, 
            -1.584091, 
            -2.433792, 
            0.37910373138844555, 
            -4.124346, 
            1.844737, 
            3.399348, 
            0.580178, 
            -3.244144, 
            -0.094129, 
            0.650446, 
            4.328468, 
            0.966275421658666, 
            1.895402, 
            -2.004932, 
            1.351611, 
            -1.147145, 
            -3.569299, 
            -1.590345, 
            -1.625385, 
            0.964199, 
            0.8533201137319653
        ], 
        [
            4.189471, 
            -5.144433, 
            -2.814863, 
            -2.42955, 
            -3.030782, 
            -1.001266, 
            -1.673728, 
            2.565532, 
            -1.138307, 
            -3.009158, 
            6.598171, 
            0.667521, 
            1.93779, 
            -3.189282, 
            -4.692956, 
            1.653851, 
            3.910876, 
            -0.174764
        ]
    ], 
    "momentum weights" : [
        [
            -2.624403, 
            1.402341, 
            -5.195698, 
            4.864626, 
            -3.644269, 
            -2.079398, 
            -6.556905, 
            -0.35203673918598555, 
            1.859743, 
            0.454365, 
            -0.091031, 
            4.46475, 
            -0.139892, 
            1.289, 
            -6.874101, 
            0.9190242796769386, 
            3.050916, 
            2.605677, 
            -2.407149, 
            7.470742, 
            -1.122522, 
            -0.728034, 
            -5.560589, 
            0.43783762676736826, 
            -0.020526, 
            3.14325, 
            -1.141124, 
            -4.552341, 
            2.907914, 
            -2.021563, 
            -1.559625, 
            0.9398312273651948, 
            -2.371178, 
            1.759118, 
            0.057289, 
            5.10214, 
            2.382583, 
            4.53971, 
            -1.691209, 
            -0.5588780010165069
        ], 
        [
            0.992323, 
            -1.390693, 
            -5.851511, 
            1.671867, 
            -3.213386, 
            1.898218, 
            1.245159, 
            2.313664, 
            0.7196876250985891, 
            0.806404, 
            2.330409, 
            1.762147, 
            0.104008, 
            -3.671541, 
            -0.413072, 
            -1.432897, 
            -0.6914, 
            -0.8188015899992056, 
            -1.926437, 
            1.411164, 
            -0.418851, 
            -1.404736, 
            3.25883, 
            -0.176541, 
            -0.842372, 
            0.375996, 
            0.7162862286591254, 
            4.358208, 
            -2.144474, 
            -2.694562, 
            -0.461754, 
            3.594571, 
            0.648752, 
            -1.054429, 
            -0.674083, 
            0.022893003215669783, 
            -2.927969, 
            -2.828757, 
            1.236603, 
            -1.930621, 
            3.443413, 
            -0.512044, 
            -1.274941, 
            1.523882, 
            -0.47617363415109426, 
            0.16058, 
            -2.483041, 
            -3.186069, 
            -1.741304, 
            -2.624087, 
            -2.118916, 
            -1.584091, 
            -2.433792, 
            0.37910373138844555, 
            -4.124346, 
            1.844737, 
            3.399348, 
            0.580178, 
            -3.244144, 
            -0.094129, 
            0.650446, 
            4.328468, 
            0.966275421658666, 
            1.895402, 
            -2.004932, 
            1.351611, 
            -1.147145, 
            -3.569299, 
            -1.590345, 
            -1.625385, 
            0.964199, 
            0.8533201137319653
        ], 
        [
            4.189471, 
            -5.144433, 
            -2.814863, 
            -2.42955, 
            -3.030782, 
            -1.001266, 
            -1.673728, 
            2.565532, 
            -1.138307, 
            -3.009158, 
            6.598171, 
            0.667521, 
            1.93779, 
            -3.189282, 
            -4.692956, 
            1.653851, 
            3.910876, 
            -0.174764
        ]
    ], 
    "nodes" : [
        [
            -0.5313876929955507, 
            -0.9204032224870626, 
            0.55786934327008, 
            0.04079943988288449, 
            1.0
        ], 
        [
            -0.756140571621943, 
            0.9746459219524791, 
            0.9073944802873055, 
            0.983338969971437, 
            0.9992442436788831, 
            0.9992873425879724, 
            0.9999005109839715, 
            0.7615941559557649
        ], 
        [
            -0.9936231715014252, 
            -0.9864984196321018, 
            0.9999722421283843, 
            -0.9999977741973135, 
            0.19685664214271617, 
            -0.9999496228918759, 
            -0.9999994825493043, 
            0.8870766968556069, 
            0.7615941559557649
        ], 
        [
            -0.9999999999808944, 
            0.9999988963656536
        ]
    ],