{
    "child iterations" : 15, 
    "is fertile" : false, 
    "is classifier" : false, 
    "is child" : false, 
    "weights" : [
        [
            -7.397663, 
            8.860534, 
            9.879484, 
            -2.855579, 
            0.611167, 
            0.626077, 
            2.767251, 
            -10.731951, 
            7.854324, 
            4.754052, 
            -1.715623, 
            -0.697417, 
            2.658619, 
            -6.263937, 
            -8.567714, 
            8.651149, 
            1.761042, 
            -1.734627, 
            -6.800893, 
            -3.538956, 
            -0.485812, 
            -0.327799, 
            2.060606, 
            -4.910641, 
            -0.153021, 
            6.622302, 
            -6.421462, 
            3.520451, 
            -0.22319, 
            1.02888, 
            5.046836, 
            4.033313, 
            -7.704123, 
            -1.018594, 
            -6.67884
        ], 
        [
            3.727346, 
            -5.414523, 
            0.418277, 
            -9.692957, 
            3.686549, 
            -3.965773, 
            5.628708, 
            -1.137968, 
            5.213701, 
            -2.198525, 
            7.724027, 
            6.133901, 
            6.576935, 
            -2.416852, 
            -5.065989, 
            -1.339793, 
            -2.606182, 
            4.969959, 
            2.659491, 
            6.261085, 
            -3.73133, 
            5.28465, 
            -0.434694, 
            2.053464, 
            1.726882, 
            5.021731, 
            2.059581, 
            2.589821, 
            6.602559, 
            0.922153, 
            6.025971, 
            -5.831018, 
            3.422393, 
            -1.193421, 
            0.772602, 
            4.213208, 
            3.275394, 
            -2.369715, 
            -0.474363, 
            -4.782206, 
            -3.971846, 
            2.311248, 
            0.384245, 
            -2.003479, 
            3.937583, 
            3.59027, 
            -0.566315, 
            1.441717, 
            -5.572292
        ], 
        [
            -6.793631, 
            2.956075, 
            0.681855, 
            3.110215, 
            -5.507972, 
            0.924168, 
            8.381635, 
            -7.802157, 
            5.579621, 
            0.4016, 
            4.865797, 
            -4.99192, 
            -3.666111, 
            3.619938
        ]
    ], 
    "momentum weights" : [
        [
            -7.397663, 
            8.860534, 
            9.879484, 
            -2.855579, 
            0.611167, 
            0.626077, 
            2.767251, 
            -10.731951, 
            7.854324, 
            4.754052, 
            -1.715623, 
            -0.697417, 
            2.658619, 
            -6.263937, 
            -8.567714, 
            8.651149, 
            1.761042, 
            -1.734627, 
            -6.800893, 
            -3.538956, 
            -0.485812, 
            -0.327799, 
            2.060606, 
            -4.910641, 
            -0.153021, 
            6.622302, 
            -6.421462, 
            3.520451, 
            -0.22319, 
            1.02888, 
            5.046836, 
            4.033313, 
            -7.704123, 
            -1.018594, 
            -6.67884
        ], 
        [
            3.727346, 
            -5.414523, 
            0.418277, 
            -9.692957, 
            3.686549, 
            -3.965773, 
            5.628708, 
            -1.137968, 
            5.213701, 
            -2.198525, 
            7.724027, 
            6.133901, 
            6.576935, 
            -2.416852, 
            -5.065989, 
            -1.339793, 
            -2.606182, 
            4.969959, 
            2.659491, 
            6.261085, 
            -3.73133, 
            5.28465, 
            -0.434694, 
            2.053464, 
            1.726882, 
            5.021731, 
            2.059581, 
            2.589821, 
            6.602559, 
            0.922153, 
            6.025971, 
            -5.831018, 
            3.422393, 
            -1.193421, 
            0.772602, 
            4.213208, 
            3.275394, 
            -2.369715, 
            -0.474363, 
            -4.782206, 
            -3.971846, 
            2.311248, 
            0.384245, 
            -2.003479, 
            3.937583, 
            3.59027, 
            -0.566315, 
            1.441717, 
            -5.572292
        ], 
        [
            -6.793631, 
            2.956075, 
            0.681855, 
            3.110215, 
            -5.507972, 
            0.924168, 
            8.381635, 
            -7.802157, 
            5.579621, 
            0.4016, 
            4.865797, 
            -4.99192, 
            -3.666111, 
            3.619938
        ]
    ], 
    "nodes" : [
        [
            0.06315037968111112, 
            -0.30267505341500556, 
            -0.1506752536239688, 
            0.37472380588668536, 
            1.0
        ], 
        [
            0.9988402222518195, 
            -0.8668430533372383, 
            0.971945680475251, 
            0.9997881273211007, 
            -0.9992560803774412, 
            -0.9986680503202674, 
            0.7615941559557649
        ], 
        [
            -0.9999625995189224, 
            -0.9999999999999984, 
            0.8297833178429406, 
            -0.655822694109623, 
            0.9999979498788245, 
            0.9998470781957391, 
            0.7615941559557649
        ], 
        [
            0.9987704163946013, 
            -0.9650805626974518
        ]
    ], 
    "pre activation nodes" : [
        [
            0.0, 
            0.0, 
            0.0, 
            0.0, 
            0.0
        ], 
        [
            3.7260470060510933, 
            -1.320237796922171, 
            2.1263166877600885, 
            4.576283136773002, 
            -3.948176357358419, 
            -3.6567962347081977, 
            1.0
        ], 
        [
            -5.443477735367508, 
            -17.382848000312798, 
            1.1874403034573522, 
            -0.7854481558752986, 
            6.895378906035612, 
            4.739327283608248, 
            1.0
        ], 
        [
            3.6968059494020964, 
            -2.0151224526757034
        ]
    ], 
    "average nodes" : [
        [
            0.0, 
            0.0, 
            0.0, 
            0.0, 
            0.0
        ], 
        [
            0.0, 
            0.0, 
            0.0, 
            0.0, 
            0.0, 
            0.0, 
            0.0
        ], 
        [
            0.0, 
            0.0, 
            0.0, 
            0.0, 
            0.0, 
            0.0, 
            0.0
        ], 
        [
            0.0, 
            0.0
        ]
    ], 
    "input width" : 4, 
    "output width" : 2, 
    "hidden width" : 6, 
    "hidden length" : 2, 
    "hidden layer details" : {
        "items" : 3, 
        "0" : "is shallow", 
        "1" : "probabilities", 
        "2" : "width", 
        "is shallow" : true, 
        "probabilities" : {
            "2" : 0.85, 
            "3" : 0.12, 
            "1" : 0.03
        }, 
        "width" : {
            "no change" : 0.6, 
            "decrease" : 0.35, 
            "increase" : 0.05
        }
    }, 
    "weight range" : 1.0, 
    "activation function" : 2, 
    "learning rate" : 0.05, 
    "momentum active" : true, 
    "momentum" : 0.001, 
    "accuracy requirement" : 0.985, 
    "epochs" : 10, 
    "batch size" : 40, 
    "accuracy sample size" : 150, 
    "fitness sample size" : 15, 
    "allow testing" : false, 
    "show output" : true, 
    "use bias" : true, 
    "clear bias" : false, 
    "bias value" : 1.0, 
    "child" : null
}