{
    "child iterations" : 15, 
    "is fertile" : false, 
    "is classifier" : false, 
    "is child" : false, 
    "weights" : [
        [
            0.935531, 
            -0.126451, 
            -0.591379, 
            -1.118371, 
            0.666624, 
            -0.987855, 
            0.718731, 
            -0.090593, 
            -0.811329, 
            0.38159278960987986, 
            -0.663777, 
            0.355437, 
            1.018384, 
            0.598506, 
            -0.959422, 
            0.338707, 
            0.274169, 
            0.476184, 
            0.271798, 
            -0.7942135730154831, 
            0.420784, 
            -0.393836, 
            -0.101377, 
            1.191166, 
            -0.606707, 
            0.312093, 
            0.004152, 
            -0.977186, 
            0.341495, 
            0.30610250327564414, 
            -0.420857, 
            0.28688, 
            0.860291, 
            0.323464, 
            1.039659, 
            -0.242845, 
            0.765217, 
            0.96128, 
            -0.380722, 
            0.45351718897881543, 
            -0.682428, 
            0.392258, 
            -0.145955, 
            0.192405, 
            -1.037576, 
            -0.543934, 
            -0.375656, 
            0.42158, 
            1.096687, 
            0.19980945698740427, 
            1.03643, 
            -0.746571, 
            0.980854, 
            -0.227487, 
            0.574658, 
            0.889578, 
            -0.323891, 
            -0.104587, 
            0.882426, 
            -0.5236301884044168, 
            -0.998039, 
            0.910238, 
            -0.078018, 
            -0.052289, 
            -0.221508, 
            0.481446, 
            0.938743, 
            0.610748, 
            0.108399, 
            0.1543110368452134, 
            0.078393, 
            0.20812, 
            0.091676, 
            -1.013009, 
            0.060524, 
            -0.060505, 
            -0.083081, 
            0.894891, 
            -0.053392, 
            -0.09511503890070938, 
            1.033109, 
            0.631796, 
            1.045118, 
            0.450105, 
            -0.495533, 
            -0.154857, 
            0.866086, 
            -0.251041, 
            0.119917, 
            0.04614651154061633, 
            -0.229807, 
            -0.736172, 
            -0.589178, 
            0.167923, 
            -0.712698, 
            0.835862, 
            0.047222, 
            0.31444, 
            -1.046091, 
            0.8380223926039978, 
            -0.309291, 
            0.368382, 
            0.515487, 
            -1.075794, 
            0.585936, 
            0.646045, 
            -0.910916, 
            0.362572, 
            1.044442, 
            -0.1647851637501876
        ], 
        [
            0.516072, 
            -0.117618, 
            -0.446257, 
            -0.336203, 
            -0.235455, 
            0.4044, 
            0.451523, 
            -0.626782, 
            -0.328045, 
            0.408713, 
            0.9974280862036933, 
            -0.452284, 
            -0.564749, 
            -0.011251, 
            -0.06962, 
            -0.803213, 
            -0.836998, 
            -0.75467, 
            0.141791, 
            -0.681827, 
            0.470677, 
            -0.5800113990373053, 
            0.536313, 
            -0.088753, 
            -0.943103, 
            0.928922, 
            1.051514, 
            -0.308655, 
            1.05993, 
            -0.853511, 
            -0.429257, 
            0.099351, 
            0.9005715389690072, 
            0.184705, 
            0.776284, 
            -0.121003, 
            -0.418695, 
            0.391995, 
            1.055581, 
            0.422803, 
            -0.936796, 
            -0.315627, 
            0.853738, 
            -0.021124206288176905, 
            1.050381, 
            0.856636, 
            0.020922, 
            0.841354, 
            0.109829, 
            -0.097808, 
            1.084725, 
            -0.506991, 
            -0.431589, 
            0.335031, 
            0.05431031905148376, 
            -1.111694, 
            0.567808, 
            0.088032, 
            0.494027, 
            -0.733879, 
            -0.232826, 
            -0.353271, 
            -0.47132, 
            -0.975909, 
            -0.109775, 
            -0.7131915690828625, 
            -0.768717, 
            0.642256, 
            -0.605312, 
            0.657415, 
            1.015906, 
            -0.312371, 
            0.519302, 
            -0.241232, 
            0.647895, 
            -0.915109, 
            0.3621053611709608, 
            0.354409, 
            -0.61528, 
            -0.326215, 
            -0.682922, 
            1.06571, 
            0.108412, 
            0.984471, 
            0.477299, 
            1.038044, 
            -0.878917, 
            0.6986323539562063, 
            0.887868, 
            -0.703456, 
            -0.312553, 
            -0.926012, 
            0.541726, 
            -0.688066, 
            -0.652297, 
            0.518709, 
            0.175343, 
            -0.788468, 
            0.4015303468084923, 
            0.270104, 
            0.032743, 
            -1.051394, 
            -0.091103, 
            -0.919682, 
            0.332215, 
            0.416115, 
            -0.861328, 
            -0.939101, 
            -0.180227, 
            -0.7349644878200565
        ], 
        [
            -0.036861, 
            0.728401, 
            0.809293, 
            -0.366272, 
            0.696306, 
            -0.870287, 
            0.271563, 
            -0.98149, 
            -1.037082, 
            -0.928377, 
            -0.426485
        ]
    ],