{
    "child iterations" : 15, 
    "is fertile" : false, 
    "is classifier" : false, 
    "is child" : false, 
    "weights" : [
        [
            -0.147517, 
            -1.006218, 
            -0.247302, 
            0.815923, 
            0.899402, 
            0.309399, 
            0.015586, 
            -0.364918, 
            -1.037006, 
            -0.55912, 
            0.9293922793981171, 
            1.073562, 
            0.569687, 
            0.400991, 
            0.924558, 
            0.421127, 
            0.393531, 
            -0.08352, 
            -0.004303, 
            0.635128, 
            -0.246483, 
            0.585699677787586, 
            -0.827178, 
            0.326594, 
            0.055801, 
            -0.4685, 
            -0.084577, 
            0.481295, 
            -0.862493, 
            -0.284559, 
            -0.145157, 
            0.784117, 
            0.21716302882192484, 
            -0.461835, 
            -0.25446, 
            -0.583453, 
            -0.308144, 
            -0.794193, 
            0.79659, 
            0.993117, 
            0.359025, 
            0.355962, 
            0.735097, 
            0.5890257037441686, 
            -0.028247, 
            -0.351098, 
            0.957981, 
            -0.534312, 
            0.586133, 
            -0.991151, 
            0.274376, 
            0.965729, 
            -0.031881, 
            0.620386, 
            0.17666576669165956, 
            -0.886449, 
            -1.021329, 
            0.489295, 
            0.613796, 
            0.823436, 
            -0.33858, 
            -0.992521, 
            -0.232367, 
            -0.767063, 
            0.823007, 
            0.216737293361559, 
            -0.529959, 
            -0.570204, 
            0.357689, 
            -0.07216, 
            -0.968324, 
            0.978507, 
            0.591132, 
            -1.05498, 
            -1.09039, 
            -1.069268, 
            0.6217451358174371, 
            -0.38628, 
            -0.412566, 
            0.809349, 
            0.406002, 
            -0.577244, 
            1.000706, 
            -0.307901, 
            -0.257775, 
            -0.616944, 
            0.136201, 
            -0.9626188581713688, 
            -0.071976, 
            1.075639, 
            0.700619, 
            -0.383346, 
            0.076424, 
            -0.694673, 
            0.314629, 
            0.619027, 
            -0.531987, 
            0.245831, 
            -0.27600505300425837, 
            0.328286, 
            -0.182512, 
            0.136014, 
            0.259822, 
            -0.565359, 
            0.345752, 
            0.225292, 
            0.829987, 
            -0.875057, 
            0.928941, 
            0.7511130487452342, 
            0.964388, 
            -0.13612, 
            -0.663798, 
            0.803009, 
            0.838805, 
            -0.875315, 
            -0.627924, 
            -1.010709, 
            0.873353, 
            0.23366, 
            -0.7239023564815303
        ], 
        [
            0.310721, 
            -1.048939, 
            -0.152759, 
            0.38452, 
            -0.13524, 
            -0.282142, 
            0.377663, 
            -0.764771, 
            0.875251, 
            -0.158406, 
            -0.4517533348280778, 
            0.061951, 
            0.395434, 
            -0.180319, 
            0.075433, 
            0.408755, 
            -0.339078, 
            -0.538829, 
            0.878211, 
            -0.062384, 
            0.05374, 
            -0.07021354732850926, 
            -0.395207, 
            -0.87277, 
            0.200745, 
            0.991609, 
            0.007683, 
            -0.788302, 
            0.714323, 
            0.369467, 
            -0.383826, 
            0.184428, 
            -0.836463370570659, 
            -0.174513, 
            0.815821, 
            -0.48276, 
            0.53391, 
            0.827111, 
            0.463608, 
            0.850586, 
            -0.722153, 
            0.089698, 
            -0.017572, 
            0.2967712799368971, 
            0.805514, 
            -0.715247, 
            -0.365504, 
            0.593736, 
            0.62047, 
            0.123653, 
            -0.906439, 
            0.435979, 
            0.404112, 
            0.461021, 
            0.683259485324228, 
            0.878822, 
            -0.629699, 
            -0.511943, 
            -0.875756, 
            0.141117, 
            -0.211023, 
            0.464004, 
            -0.259154, 
            0.524645, 
            -0.712829, 
            0.03496311035717836, 
            -0.558211, 
            0.962901, 
            0.545364, 
            -0.879281, 
            0.411056, 
            -0.768696, 
            -0.868743, 
            0.695746, 
            -0.651072, 
            -0.843593, 
            0.9083202788204594, 
            1.051997, 
            -0.009678, 
            -0.593027, 
            -0.976195, 
            0.023571, 
            0.207949, 
            0.153066, 
            1.011906, 
            0.609335, 
            0.745146, 
            -0.29633204031889737, 
            -0.657377, 
            0.906382, 
            -0.497362, 
            0.396669, 
            -0.826606, 
            0.346441, 
            -0.437004, 
            0.716293, 
            -0.574126, 
            -0.966695, 
            -0.6289949612388646, 
            -0.354611, 
            -0.892909, 
            -0.635458, 
            0.903017, 
            -0.566943, 
            0.454912, 
            -1.063339, 
            0.919213, 
            0.622186, 
            -0.765713, 
            -0.4886335961889354, 
            -0.235721, 
            -0.935656, 
            0.827091, 
            0.230931, 
            0.456174, 
            0.682898, 
            -0.199181, 
            0.26277, 
            -0.791181, 
            0.081302, 
            -0.8823223925018464
        ], 
        [
            -0.712767, 
            0.140979, 
            0.63153, 
            -0.397213, 
            0.628773, 
            -0.445825, 
            -0.919579, 
            -0.54438, 
            0.645188, 
            0.752788, 
            -0.199514
        ]
    ],