{
    "child iterations" : 15, 
    "is fertile" : false, 
    "is classifier" : false, 
    "is child" : false, 
    "weights" : [
        [
            0.03096, 
            4.574807, 
            -2.808576, 
            2.247783, 
            0.23568801682717289, 
            -1.184991, 
            5.905552, 
            -1.649927, 
            -1.363896, 
            0.10726951201961588, 
            2.111454, 
            6.857447, 
            2.422699, 
            -1.531093, 
            -0.19705947290469705, 
            0.011227, 
            -0.055193, 
            -0.388875, 
            -1.475176, 
            -0.18262444762990881, 
            -0.473788, 
            2.604567, 
            -1.048463, 
            -1.144944, 
            0.07297124018301226
        ], 
        [
            -1.329684, 
            0.541175, 
            0.034824, 
            1.958726, 
            -0.1307, 
            0.768390954486063, 
            -4.149835, 
            -0.194629, 
            0.9362, 
            -3.114296, 
            -0.163555, 
            -0.8396377324852757, 
            1.846381, 
            0.059777, 
            2.517419, 
            0.08792, 
            3.492229, 
            -0.3266119089046624, 
            1.472239, 
            0.355793, 
            -0.738167, 
            -2.552172, 
            0.579332, 
            0.6183053735876909, 
            0.423143, 
            -1.447381, 
            -0.196748, 
            -1.405054, 
            -1.038486, 
            -0.4536614081095658
        ], 
        [
            -3.030478, 
            3.800416, 
            1.034197, 
            -1.199401, 
            0.117828, 
            0.158238, 
            -2.37072, 
            1.629951, 
            -1.366798, 
            2.364565, 
            -1.391504, 
            1.818415
        ]
    ], 
    "momentum weights" : [
        [
            0.03096, 
            4.574807, 
            -2.808576, 
            2.247783, 
            0.23568801682717289, 
            -1.184991, 
            5.905552, 
            -1.649927, 
            -1.363896, 
            0.10726951201961588, 
            2.111454, 
            6.857447, 
            2.422699, 
            -1.531093, 
            -0.19705947290469705, 
            0.011227, 
            -0.055193, 
            -0.388875, 
            -1.475176, 
            -0.18262444762990881, 
            -0.473788, 
            2.604567, 
            -1.048463, 
            -1.144944, 
            0.07297124018301226
        ], 
        [
            -1.329684, 
            0.541175, 
            0.034824, 
            1.958726, 
            -0.1307, 
            0.768390954486063, 
            -4.149835, 
            -0.194629, 
            0.9362, 
            -3.114296, 
            -0.163555, 
            -0.8396377324852757, 
            1.846381, 
            0.059777, 
            2.517419, 
            0.08792, 
            3.492229, 
            -0.3266119089046624, 
            1.472239, 
            0.355793, 
            -0.738167, 
            -2.552172, 
            0.579332, 
            0.6183053735876909, 
            0.423143, 
            -1.447381, 
            -0.196748, 
            -1.405054, 
            -1.038486, 
            -0.4536614081095658
        ], 
        [
            -3.030478, 
            3.800416, 
            1.034197, 
            -1.199401, 
            0.117828, 
            0.158238, 
            -2.37072, 
            1.629951, 
            -1.366798, 
            2.364565, 
            -1.391504, 
            1.818415
        ]
    ], 
    "nodes" : [
        [
            0.5986702146838876, 
            -0.2978705093041269, 
            -0.13561505158636136, 
            0.7613137292342943, 
            1.0
        ], 
        [
            -0.3627743109702524, 
            0.9892923027862024, 
            -0.9935012572007785, 
            -0.299009373230839, 
            0.7615941559557649
        ], 
        [
            -0.9999712703301403, 
            -0.9298065792622399, 
            -0.9081103276522848, 
            -0.9995374452306026, 
            -0.9997758224200084, 
            0.7615941559557649
        ], 
        [
            0.9998127802864302, 
            -0.9999621217734795
        ]
    ], 
    "pre activation nodes" : [
        [
            0.0, 
            0.0, 
            0.0, 
            0.0, 
            0.0
        ], 
        [
            -0.38007697135669594, 
            2.6122856895519786, 
            -2.8630195273905965, 
            -0.30843135832775803, 
            1.0
        ], 
        [
            -5.5753564958986495, 
            -1.6569602369613237, 
            -1.5166400151242079, 
            -4.185830732065444, 
            -4.54805356892585, 
            1.0
        ], 
        [
            4.6381406291277045, 
            -5.437131175185653
        ]
    ], 
    "average nodes" : [
        [
            0.0, 
            0.0, 
            0.0, 
            0.0, 
            0.0
        ], 
        [
            0.0, 
            0.0, 
            0.0, 
            0.0, 
            0.0
        ], 
        [
            0.0, 
            0.0, 
            0.0, 
            0.0, 
            0.0, 
            0.0
        ], 
        [
            0.0, 
            0.0
        ]
    ], 
    "input width" : 4, 
    "output width" : 2, 
    "hidden width" : 4, 
    "hidden length" : 2, 
    "hidden layer details" : {
        "items" : 3, 
        "0" : "is shallow", 
        "1" : "probabilities", 
        "2" : "width", 
        "is shallow" : true, 
        "probabilities" : {
            "2" : 0.85, 
            "3" : 0.12, 
            "1" : 0.03
        }, 
        "width" : {
            "no change" : 0.6, 
            "decrease" : 0.35, 
            "increase" : 0.05
        }
    }, 
    "weight range" : 1.0, 
    "activation function" : 2, 
    "learning rate" : 0.05, 
    "momentum active" : true, 
    "momentum" : 0.001, 
    "accuracy requirement" : 0.985, 
    "epochs" : 10, 
    "batch size" : 40, 
    "accuracy sample size" : 150, 
    "fitness sample size" : 15, 
    "allow testing" : false, 
    "show output" : true, 
    "use bias" : true, 
    "clear bias" : false, 
    "bias value" : 1.0, 
    "child" : null
}