{
    "child iterations" : 15, 
    "is fertile" : false, 
    "is classifier" : false, 
    "is child" : false, 
    "weights" : [
        [
            5.709916, 
            -1.549837, 
            -3.133496, 
            -5.292524, 
            4.663904, 
            -3.585284, 
            -6.183129, 
            0.003398317701825304, 
            -0.948791, 
            -7.859673, 
            4.44825, 
            -7.666999, 
            1.301077, 
            -2.171314, 
            -5.68164, 
            0.0642300734682213, 
            3.215944, 
            -0.390448, 
            -5.40885, 
            -6.647549, 
            4.995961, 
            -0.761711, 
            -1.731407, 
            -0.8202766677999245, 
            -0.559176, 
            -0.892716, 
            0.833412, 
            0.576091, 
            1.152223, 
            -4.073745, 
            2.218237, 
            -0.9686338788380855, 
            0.588352, 
            3.981115, 
            -3.595661, 
            -2.424437, 
            1.20237, 
            0.960891, 
            0.884353, 
            -0.029624927844298155
        ], 
        [
            -3.211081, 
            2.257288, 
            -1.404635, 
            -1.820137, 
            0.957234, 
            1.580639, 
            0.8650822053927198, 
            1.952824, 
            -3.800845, 
            -0.636847, 
            3.683914, 
            0.866116, 
            -0.524605, 
            0.3599155534048246, 
            -0.529832, 
            4.547092, 
            0.408302, 
            3.755192, 
            -1.490097, 
            -3.003154, 
            -0.500896008244921, 
            -1.250624, 
            2.801885, 
            -0.910393, 
            4.250693, 
            -2.486729, 
            1.702981, 
            -0.7866514471258432, 
            -3.934226, 
            2.015655, 
            -3.001795, 
            -2.420814, 
            0.433708, 
            1.78706, 
            0.15766989971112033, 
            2.626439, 
            -2.030311, 
            -2.360727, 
            1.029523, 
            2.563687, 
            -0.199697, 
            -0.5660525216845893, 
            1.206092, 
            -2.896082, 
            -2.464575, 
            3.529524, 
            3.126547, 
            1.842077, 
            -0.3677202917098079, 
            1.733415, 
            2.731368, 
            -3.321363, 
            -2.209939, 
            4.397192, 
            -0.328554, 
            0.5519571422580829
        ], 
        [
            -3.026676, 
            5.890762, 
            0.814055, 
            2.227204, 
            -1.991495, 
            -0.443889, 
            -7.555142, 
            7.159579, 
            2.883838, 
            0.684777, 
            -4.185837, 
            4.172695, 
            -3.567732, 
            -4.160893
        ]
    ], 
    "momentum weights" : [
        [
            5.709916, 
            -1.549837, 
            -3.133496, 
            -5.292524, 
            4.663904, 
            -3.585284, 
            -6.183129, 
            0.003398317701825304, 
            -0.948791, 
            -7.859673, 
            4.44825, 
            -7.666999, 
            1.301077, 
            -2.171314, 
            -5.68164, 
            0.0642300734682213, 
            3.215944, 
            -0.390448, 
            -5.40885, 
            -6.647549, 
            4.995961, 
            -0.761711, 
            -1.731407, 
            -0.8202766677999245, 
            -0.559176, 
            -0.892716, 
            0.833412, 
            0.576091, 
            1.152223, 
            -4.073745, 
            2.218237, 
            -0.9686338788380855, 
            0.588352, 
            3.981115, 
            -3.595661, 
            -2.424437, 
            1.20237, 
            0.960891, 
            0.884353, 
            -0.029624927844298155
        ], 
        [
            -3.211081, 
            2.257288, 
            -1.404635, 
            -1.820137, 
            0.957234, 
            1.580639, 
            0.8650822053927198, 
            1.952824, 
            -3.800845, 
            -0.636847, 
            3.683914, 
            0.866116, 
            -0.524605, 
            0.3599155534048246, 
            -0.529832, 
            4.547092, 
            0.408302, 
            3.755192, 
            -1.490097, 
            -3.003154, 
            -0.500896008244921, 
            -1.250624, 
            2.801885, 
            -0.910393, 
            4.250693, 
            -2.486729, 
            1.702981, 
            -0.7866514471258432, 
            -3.934226, 
            2.015655, 
            -3.001795, 
            -2.420814, 
            0.433708, 
            1.78706, 
            0.15766989971112033, 
            2.626439, 
            -2.030311, 
            -2.360727, 
            1.029523, 
            2.563687, 
            -0.199697, 
            -0.5660525216845893, 
            1.206092, 
            -2.896082, 
            -2.464575, 
            3.529524, 
            3.126547, 
            1.842077, 
            -0.3677202917098079, 
            1.733415, 
            2.731368, 
            -3.321363, 
            -2.209939, 
            4.397192, 
            -0.328554, 
            0.5519571422580829
        ], 
        [
            -3.026676, 
            5.890762, 
            0.814055, 
            2.227204, 
            -1.991495, 
            -0.443889, 
            -7.555142, 
            7.159579, 
            2.883838, 
            0.684777, 
            -4.185837, 
            4.172695, 
            -3.567732, 
            -4.160893
        ]
    ], 
    "nodes" : [
        [
            0.27871406009995026, 
            -0.47626727334637997, 
            0.17805587266030543, 
            0.45608809114633053, 
            1.0
        ], 
        [
            0.9945278789602497, 
            0.9999975960899591, 
            -0.9999988175505078, 
            -0.8239140909851252, 
            0.9972703443060515, 
            -0.7606964560908099, 
            0.9883628346378402, 
            0.7615941559557649
        ], 
        [
            -0.995864784847089, 
            -0.9999747081652169, 
            -0.9999996993538796, 
            -0.9999973952093028, 
            0.9999999976379012, 
            0.9999909316710864, 
            0.7615941559557649
        ], 
        [
            0.9999996119330431, 
            -0.9999999999919733
        ]
    ], 
    "pre activation nodes" : [
        [
            0.0, 
            0.0, 
            0.0, 
            0.0, 
            0.0
        ], 
        [
            2.949248174627085, 
            6.815779970596777, 
            -7.170534509750236, 
            -1.1688840374675677, 
            3.2976806088294603, 
            -0.9978659595794303, 
            2.5704314979489817, 
            1.0
        ], 
        [
            -3.0896466761246035, 
            -5.639081742365984, 
            -7.855239486783276, 
            -6.7756520553532145, 
            10.27843121564668, 
            6.151932600230032, 
            1.0
        ], 
        [
            7.727617464705979, 
            -13.12069921923402
        ]
    ], 
    "average nodes" : [
        [
            0.0, 
            0.0, 
            0.0, 
            0.0, 
            0.0
        ], 
        [
            0.0, 
            0.0, 
            0.0, 
            0.0, 
            0.0, 
            0.0, 
            0.0, 
            0.0
        ], 
        [
            0.0, 
            0.0, 
            0.0, 
            0.0, 
            0.0, 
            0.0, 
            0.0
        ], 
        [
            0.0, 
            0.0
        ]
    ], 
    "input width" : 4, 
    "output width" : 2, 
    "hidden width" : 7, 
    "hidden length" : 2, 
    "hidden layer details" : {
        "items" : 3, 
        "0" : "is shallow",