{
    "child iterations" : 15, 
    "is fertile" : false, 
    "is classifier" : false, 
    "is child" : false, 
    "weights" : [
        [
            60.023432, 
            261.832132, 
            -103.894814, 
            -163.047896, 
            -104.624836, 
            47.155314, 
            65.671505, 
            145.826099, 
            129.613174, 
            86.340151, 
            -13.507845, 
            77.198341, 
            97.072102, 
            -44.123042, 
            32.618059, 
            301.395772, 
            -91.70924, 
            86.926487, 
            70.467281, 
            -72.513386, 
            129.847521, 
            -41.275515, 
            -61.185806, 
            98.968367, 
            48.430701, 
            -79.171479, 
            18.540795, 
            129.612746, 
            -73.737396, 
            119.005883, 
            125.066267, 
            -50.764094, 
            142.190625, 
            26.034939, 
            -127.859513
        ], 
        [
            -33.74781, 
            125.317189, 
            -66.938955, 
            131.007634, 
            104.130898, 
            118.33597, 
            196.64518, 
            -117.124807, 
            -173.373807, 
            170.081859, 
            -11.438582, 
            -79.003034, 
            -21.7192, 
            85.019107, 
            -77.426648, 
            -67.185475, 
            109.878483, 
            -43.684971, 
            -97.209866, 
            -133.539731, 
            78.592749, 
            -23.926397, 
            63.726094, 
            -43.760005, 
            58.331966, 
            -54.469929, 
            89.730882, 
            4.676062, 
            110.650113, 
            -112.903586, 
            -69.412235, 
            30.68598, 
            -77.424208, 
            121.552006, 
            1.46058, 
            104.152999, 
            -36.714949, 
            51.299618, 
            -26.031141, 
            44.482854, 
            51.336802, 
            -132.342892
        ], 
        [
            103.303407, 
            -109.952159, 
            -7.011731, 
            -9.887183, 
            -63.395004, 
            114.295665, 
            136.224263, 
            -116.937306, 
            -1.010586, 
            88.291872, 
            -31.327431, 
            -5.451528
        ]
    ], 
    "momentum weights" : [
        [
            60.023432, 
            261.832132, 
            -103.894814, 
            -163.047896, 
            -104.624836, 
            47.155314, 
            65.671505, 
            145.826099, 
            129.613174, 
            86.340151, 
            -13.507845, 
            77.198341, 
            97.072102, 
            -44.123042, 
            32.618059, 
            301.395772, 
            -91.70924, 
            86.926487, 
            70.467281, 
            -72.513386, 
            129.847521, 
            -41.275515, 
            -61.185806, 
            98.968367, 
            48.430701, 
            -79.171479, 
            18.540795, 
            129.612746, 
            -73.737396, 
            119.005883, 
            125.066267, 
            -50.764094, 
            142.190625, 
            26.034939, 
            -127.859513
        ], 
        [
            -33.74781, 
            125.317189, 
            -66.938955, 
            131.007634, 
            104.130898, 
            118.33597, 
            196.64518, 
            -117.124807, 
            -173.373807, 
            170.081859, 
            -11.438582, 
            -79.003034, 
            -21.7192, 
            85.019107, 
            -77.426648, 
            -67.185475, 
            109.878483, 
            -43.684971, 
            -97.209866, 
            -133.539731, 
            78.592749, 
            -23.926397, 
            63.726094, 
            -43.760005, 
            58.331966, 
            -54.469929, 
            89.730882, 
            4.676062, 
            110.650113, 
            -112.903586, 
            -69.412235, 
            30.68598, 
            -77.424208, 
            121.552006, 
            1.46058, 
            104.152999, 
            -36.714949, 
            51.299618, 
            -26.031141, 
            44.482854, 
            51.336802, 
            -132.342892
        ], 
        [
            103.303407, 
            -109.952159, 
            -7.011731, 
            -9.887183, 
            -63.395004, 
            114.295665, 
            136.224263, 
            -116.937306, 
            -1.010586, 
            88.291872, 
            -31.327431, 
            -5.451528
        ]
    ], 
    "nodes" : [
        [
            0.6098190655445702, 
            0.8483949305324289, 
            -0.8799663988627308, 
            -0.205652090891732, 
            1.0
        ], 
        [
            1.0, 
            1.0, 
            1.0, 
            -1.0, 
            1.0, 
            1.0, 
            0.7615941559557649
        ], 
        [
            1.0, 
            1.0, 
            -1.0, 
            1.0, 
            1.0, 
            0.7615941559557649
        ], 
        [
            1.0, 
            -1.0
        ]
    ], 
    "pre activation nodes" : [
        [
            0.0, 
            0.0, 
            0.0, 
            0.0, 
            0.0
        ], 
        [
            66.36976039019909, 
            136.0041056351034, 
            195.30777308094508, 
            -248.10605945332634, 
            98.15602712376258, 
            197.14301764108583, 
            1.0
        ], 
        [
            199.34587640538606, 
            242.03676027156314, 
            -403.8506498584605, 
            417.93636464663354, 
            290.0532063886583, 
            1.0
        ], 
        [
            271.04156862929256, 
            -266.9322928658292
        ]
    ], 
    "average nodes" : [
        [
            0.0, 
            0.0, 
            0.0, 
            0.0, 
            0.0
        ], 
        [
            0.0, 
            0.0, 
            0.0, 
            0.0, 
            0.0, 
            0.0, 
            0.0
        ], 
        [
            0.0, 
            0.0, 
            0.0, 
            0.0, 
            0.0, 
            0.0
        ], 
        [
            0.0, 
            0.0
        ]
    ], 
    "input width" : 4, 
    "output width" : 2, 
    "hidden width" : 6, 
    "hidden length" : 2, 
    "hidden layer details" : {
        "items" : 3, 
        "0" : "is shallow", 
        "1" : "probabilities", 
        "2" : "width", 
        "is shallow" : true, 
        "probabilities" : {
            "2" : 0.85, 
            "3" : 0.12, 
            "1" : 0.03
        }, 
        "width" : {
            "no change" : 0.6, 
            "decrease" : 0.35, 
            "increase" : 0.05
        }
    }, 
    "weight range" : 1.0, 
    "activation function" : 2, 
    "learning rate" : 0.05, 
    "momentum active" : true, 
    "momentum" : 0.001, 
    "accuracy requirement" : 0.985, 
    "epochs" : 10, 
    "batch size" : 40, 
    "accuracy sample size" : 150, 
    "fitness sample size" : 15, 
    "allow testing" : false, 
    "show output" : true, 
    "use bias" : true, 
    "clear bias" : false, 
    "bias value" : 1.0, 
    "child" : null
}