{
    "child iterations" : 15, 
    "is fertile" : false, 
    "is classifier" : false, 
    "is child" : false, 
    "weights" : [
        [
            1.105257, 
            -2.744073, 
            1.280056, 
            -1.378645, 
            -0.2227, 
            -3.319698, 
            2.198363, 
            -0.3327595792265603, 
            1.416413, 
            -3.863416, 
            -0.378477, 
            0.979812, 
            0.208255, 
            -1.586993, 
            3.045237, 
            0.70085515409791, 
            3.229732, 
            -3.610693, 
            3.032597, 
            -3.527288, 
            0.971616, 
            0.22534, 
            0.530721, 
            -0.6325977984557116, 
            1.752683, 
            0.35494, 
            -0.686024, 
            -0.84882, 
            -1.224817, 
            2.184708, 
            -1.065073, 
            -0.9167837508762062, 
            1.694923, 
            -1.236568, 
            1.613194, 
            -1.718791, 
            0.995039, 
            -1.489513, 
            -0.902016, 
            -0.6523017520401462
        ], 
        [
            1.382874, 
            -2.079357, 
            -1.937147, 
            1.903411, 
            -1.807754, 
            1.487844, 
            -0.989980009370949, 
            -0.024158, 
            -0.560112, 
            2.364896, 
            -1.897114, 
            -2.198662, 
            -1.320027, 
            -0.742529973312283, 
            0.260641, 
            -0.841223, 
            -0.511355, 
            0.139037, 
            2.62329, 
            1.903734, 
            -0.8214947717340095, 
            -1.828926, 
            1.067765, 
            1.378967, 
            -0.655508, 
            -2.464386, 
            2.238087, 
            0.7068807401039401, 
            -0.401717, 
            -1.185676, 
            -0.476008, 
            0.373523, 
            -0.530238, 
            1.367067, 
            -0.07543438453727025, 
            -0.41358, 
            0.106229, 
            2.952133, 
            1.206085, 
            0.885577, 
            1.124031, 
            -0.5070874069044349, 
            1.311017, 
            -2.204944, 
            -1.718375, 
            -0.747583, 
            2.075615, 
            0.460356, 
            -0.131506042203682, 
            -1.595933, 
            -1.698973, 
            1.140543, 
            1.96614, 
            1.351164, 
            1.753653, 
            -0.40850247073487056
        ], 
        [
            0.393716, 
            0.083816, 
            2.034494, 
            2.364679, 
            -3.909416, 
            3.803889, 
            1.052628, 
            0.207324, 
            1.492545, 
            -1.121924, 
            1.046544, 
            0.08685, 
            0.03937, 
            2.439801
        ]
    ], 
    "momentum weights" : [
        [
            1.105257, 
            -2.744073, 
            1.280056, 
            -1.378645, 
            -0.2227, 
            -3.319698, 
            2.198363, 
            -0.3327595792265603, 
            1.416413, 
            -3.863416, 
            -0.378477, 
            0.979812, 
            0.208255, 
            -1.586993, 
            3.045237, 
            0.70085515409791, 
            3.229732, 
            -3.610693, 
            3.032597, 
            -3.527288, 
            0.971616, 
            0.22534, 
            0.530721, 
            -0.6325977984557116, 
            1.752683, 
            0.35494, 
            -0.686024, 
            -0.84882, 
            -1.224817, 
            2.184708, 
            -1.065073, 
            -0.9167837508762062, 
            1.694923, 
            -1.236568, 
            1.613194, 
            -1.718791, 
            0.995039, 
            -1.489513, 
            -0.902016, 
            -0.6523017520401462
        ], 
        [
            1.382874, 
            -2.079357, 
            -1.937147, 
            1.903411, 
            -1.807754, 
            1.487844, 
            -0.989980009370949, 
            -0.024158, 
            -0.560112, 
            2.364896, 
            -1.897114, 
            -2.198662, 
            -1.320027, 
            -0.742529973312283, 
            0.260641, 
            -0.841223, 
            -0.511355, 
            0.139037, 
            2.62329, 
            1.903734, 
            -0.8214947717340095, 
            -1.828926, 
            1.067765, 
            1.378967, 
            -0.655508, 
            -2.464386, 
            2.238087, 
            0.7068807401039401, 
            -0.401717, 
            -1.185676, 
            -0.476008, 
            0.373523, 
            -0.530238, 
            1.367067, 
            -0.07543438453727025, 
            -0.41358, 
            0.106229, 
            2.952133, 
            1.206085, 
            0.885577, 
            1.124031, 
            -0.5070874069044349, 
            1.311017, 
            -2.204944, 
            -1.718375, 
            -0.747583, 
            2.075615, 
            0.460356, 
            -0.131506042203682, 
            -1.595933, 
            -1.698973, 
            1.140543, 
            1.96614, 
            1.351164, 
            1.753653, 
            -0.40850247073487056
        ], 
        [
            0.393716, 
            0.083816, 
            2.034494, 
            2.364679, 
            -3.909416, 
            3.803889, 
            1.052628, 
            0.207324, 
            1.492545, 
            -1.121924, 
            1.046544, 
            0.08685, 
            0.03937, 
            2.439801
        ]
    ], 
    "nodes" : [
        [
            -0.506825606299894, 
            0.3297735802459897, 
            -0.5754496306028819, 
            -0.15555070605672103, 
            1.0
        ], 
        [
            -0.4848711648313975, 
            0.7176132661772368, 
            -0.6633531508855186, 
            0.8985940983904096, 
            0.6684805832757766, 
            -0.6639574348441323, 
            -0.8183145850817863, 
            0.7615941559557649
        ], 
        [
            -0.99986082528859, 
            0.9437264382129903, 
            0.9995603218728917, 
            -0.8869635522694176, 
            -0.9999928076529612, 
            0.20314152960966742, 
            0.7615941559557649
        ], 
        [
            -0.9997832701967198, 
            0.9999999511501061
        ]
    ], 
    "pre activation nodes" : [
        [
            0.0, 
            0.0, 
            0.0, 
            0.0, 
            0.0
        ], 
        [
            -0.529333127515158, 
            0.9027067211191679, 
            -0.7987781794741307, 
            1.464868826150345, 
            0.8079911403295401, 
            -0.7998581035405988, 
            -1.151694298405939, 
            1.0
        ], 
        [
            -4.786429044128174, 
            1.7710687122202533, 
            4.211197472688844, 
            -1.4075069585078306, 
            -6.267818296442237, 
            0.20600713559302486, 
            1.0
        ], 
        [
            -4.564948968111499, 
            8.763830392827586
        ]
    ], 
    "average nodes" : [
        [
            0.0, 
            0.0, 
            0.0, 
            0.0, 
            0.0
        ], 
        [
            0.0, 
            0.0, 
            0.0, 
            0.0, 
            0.0, 
            0.0, 
            0.0, 
            0.0
        ], 
        [
            0.0, 
            0.0, 
            0.0, 
            0.0, 
            0.0, 
            0.0, 
            0.0
        ], 
        [
            0.0, 
            0.0
        ]
    ], 
    "input width" : 4, 
    "output width" : 2, 
    "hidden width" : 7, 
    "hidden length" : 2, 
    "hidden layer details" : {
        "items" : 3, 
        "0" : "is shallow", 
        "1" : "probabilities", 
        "2" : "width",