{
    "child iterations" : 15, 
    "is fertile" : false, 
    "is classifier" : false, 
    "is child" : false, 
    "weights" : [
        [
            1.384666, 
            -3.721916, 
            0.610355, 
            -4.157307, 
            -2.785925, 
            0.837584, 
            -5.28682, 
            -4.069711, 
            -1.147696, 
            0.317065, 
            -3.508845, 
            2.7311999906963815, 
            0.02339, 
            1.941212, 
            -2.739129, 
            -2.841148, 
            3.186048, 
            1.378481, 
            0.376112, 
            1.266779, 
            -2.012008, 
            0.808501, 
            7.960497, 
            -3.4073214442525117, 
            0.28588, 
            4.604316, 
            7.6291, 
            0.547163, 
            -0.681841, 
            5.732026, 
            -4.985874, 
            6.992235, 
            -6.123419, 
            8.538565, 
            3.433997, 
            -2.555688374943518, 
            1.933059, 
            -1.9675, 
            -0.305088, 
            2.127424, 
            -3.385022, 
            0.436441, 
            -0.375393, 
            -1.492882, 
            -4.451252, 
            3.906086, 
            2.593337, 
            2.966434923870251, 
            1.084884, 
            2.879597, 
            3.097736, 
            -3.861628, 
            6.150316, 
            0.972436, 
            1.867184, 
            4.999812, 
            -5.525168, 
            -0.294569, 
            1.491118, 
            4.9362872524103665, 
            1.734905, 
            3.478261, 
            3.359641, 
            -0.135205, 
            -1.276022, 
            0.395431, 
            9.037994, 
            -1.036323, 
            -2.443221, 
            0.325547, 
            0.632718, 
            -4.267127332117677, 
            -3.512097, 
            -7.056937, 
            -2.239249, 
            4.223025, 
            -2.54144, 
            7.476991, 
            1.382419, 
            -0.719729, 
            -0.884275, 
            7.835189, 
            3.615777, 
            0.050218949814794814, 
            3.632018, 
            -5.166582, 
            -5.612716, 
            -5.66797, 
            -4.291606, 
            -0.362576, 
            -5.360505, 
            -0.412152, 
            -1.154106, 
            -0.288074, 
            5.837093, 
            3.8678794074164613, 
            7.218669, 
            1.32256, 
            -1.099798, 
            1.186303, 
            4.892902, 
            -2.809231, 
            2.167196, 
            -7.703104, 
            -1.799641, 
            -0.235607, 
            -0.702118, 
            -1.2463428781984172, 
            -2.064275, 
            8.365799, 
            -4.640498, 
            3.867839, 
            0.211349, 
            2.818192, 
            2.249576, 
            0.377991, 
            -0.592646, 
            -5.148842, 
            6.266852, 
            1.691219208000461, 
            0.447778, 
            4.061759, 
            -0.375358, 
            6.926969, 
            3.232574, 
            -1.096371, 
            0.36909, 
            11.863146, 
            -4.832765, 
            1.334977, 
            2.83538, 
            1.0933729630328053
        ], 
        [
            -2.216953, 
            3.530267, 
            -3.884324, 
            3.332633, 
            -0.045266, 
            -7.610257, 
            0.507059, 
            -0.114748, 
            3.929026, 
            2.757067, 
            1.047627, 
            -2.9610560474301035, 
            6.409561, 
            -3.106681, 
            -2.330262, 
            4.473295, 
            4.725653, 
            3.115409, 
            0.501892, 
            4.801449, 
            -0.529739, 
            4.116602, 
            3.63735, 
            -2.0255280177607142, 
            5.43184, 
            -1.851827, 
            -1.620745, 
            -1.103545, 
            6.436721, 
            -1.582082, 
            2.057487, 
            -4.90588, 
            1.446791, 
            -5.029797, 
            -4.99079, 
            1.7028171875178872, 
            0.034022, 
            2.606452, 
            -7.091487, 
            3.483479, 
            4.244933, 
            -4.015574, 
            0.604002, 
            -3.766301, 
            0.056684, 
            5.392305, 
            -1.009053, 
            -4.099175914291089, 
            1.997392, 
            -3.672466, 
            7.464077, 
            -6.361884, 
            -2.132769, 
            1.421767, 
            0.194653, 
            2.624941, 
            -1.893614, 
            -0.260779, 
            0.988614, 
            -1.5915240814054463, 
            -0.872678, 
            -0.717334, 
            9.577313, 
            -5.605107, 
            7.181573, 
            0.994607, 
            -1.435719, 
            -6.986467, 
            6.424502, 
            3.902486, 
            -4.344779, 
            -1.590708325085783, 
            -0.194253, 
            -2.514994, 
            -1.062503, 
            -0.081627, 
            3.84678, 
            -7.292736, 
            1.987543, 
            4.753878, 
            -1.337465, 
            -0.842215, 
            3.253056, 
            2.892642538489156, 
            -1.977931, 
            -1.588736, 
            -2.779228, 
            -4.5423, 
            -1.478003, 
            0.062361, 
            2.214086, 
            3.246865, 
            -1.314201, 
            -3.656368, 
            1.128854, 
            -3.8862442984023136, 
            -1.635325, 
            -1.683297, 
            -2.005804, 
            -5.71703, 
            2.941701, 
            -0.35633, 
            -4.435693, 
            2.868856, 
            3.048365, 
            -1.545413, 
            7.857287, 
            -1.204320263578621, 
            4.6832, 
            -0.554238, 
            -3.52486, 
            0.36702, 
            -1.568305, 
            2.445742, 
            -2.918817, 
            5.875135, 
            -2.173773, 
            -1.935457, 
            -6.259547, 
            3.8915036182427096, 
            1.025104, 
            5.1394, 
            3.65552, 
            -5.874568, 
            2.420639, 
            -4.720692, 
            -0.781145, 
            -0.145456, 
            -1.696395, 
            4.201823, 
            2.199573, 
            1.5771312183703587, 
            3.254997, 
            -3.213467, 
            2.684786, 
            -1.538345, 
            -0.892542, 
            -0.541948, 
            5.350096, 
            -0.238484, 
            0.380162, 
            1.705701, 
            -3.488757, 
            -1.4775831627533758
        ], 
        [
            -3.244787, 
            2.82202, 
            -0.533949, 
            -5.161842, 
            -1.629451, 
            8.685045, 
            6.613854, 
            0.976432, 
            1.089049, 
            0.789764, 
            -3.740014, 
            -6.604698
        ]
    ],