{
    "child iterations" : 15, 
    "is fertile" : false, 
    "is classifier" : false, 
    "is child" : false, 
    "weights" : [
        [
            5.38395, 
            2.082225, 
            3.608442, 
            -10.072765, 
            -14.831111, 
            -9.802178, 
            -8.4229, 
            3.985547, 
            -11.081274, 
            -1.513542, 
            -3.710555, 
            -8.523693, 
            -6.2336, 
            10.023664, 
            -14.938678, 
            -5.330084, 
            -0.108533, 
            0.194889, 
            9.867794, 
            -6.43761, 
            -8.008709, 
            0.073123, 
            -2.051032, 
            -2.104697, 
            5.673096, 
            -10.159609, 
            6.575725, 
            -6.307868, 
            4.872341, 
            -2.475473, 
            0.563891, 
            -1.4398, 
            7.206115, 
            5.646336, 
            3.531006, 
            3.368114, 
            -5.693136, 
            -7.69062, 
            2.685555, 
            -7.394731
        ], 
        [
            9.00999, 
            1.133161, 
            -3.405356, 
            -1.932293, 
            -0.582883, 
            -5.855261, 
            5.505592, 
            -5.325049, 
            9.945251, 
            3.54604, 
            -6.881917, 
            -0.748615, 
            7.103312, 
            5.494335, 
            -0.80517, 
            3.826134, 
            -1.959278, 
            -5.142067, 
            8.361998, 
            8.374451, 
            -1.715094, 
            5.788464, 
            5.744395, 
            -4.834918, 
            -7.745898, 
            -7.288834, 
            -9.627823, 
            -9.665449, 
            -4.904834, 
            9.077093, 
            10.602948, 
            1.560981, 
            -3.491336, 
            -9.057624, 
            4.022847, 
            -2.502517, 
            -6.981516, 
            2.577039, 
            6.913447, 
            6.270601, 
            -0.091339, 
            -7.007411, 
            2.456086, 
            3.002091, 
            11.573605, 
            -11.87669, 
            6.517211, 
            2.394891, 
            2.574783, 
            -4.511731, 
            8.087229, 
            -4.724895, 
            4.815088, 
            8.613562, 
            -1.123635, 
            2.181489
        ], 
        [
            -1.276246, 
            1.767929, 
            -0.587769, 
            -3.833081, 
            -4.569445, 
            6.469932, 
            3.827709, 
            -7.991635, 
            0.759365, 
            -3.907922, 
            9.747472, 
            -6.051548, 
            10.272757, 
            -0.251744
        ]
    ], 
    "momentum weights" : [
        [
            5.38395, 
            2.082225, 
            3.608442, 
            -10.072765, 
            -14.831111, 
            -9.802178, 
            -8.4229, 
            3.985547, 
            -11.081274, 
            -1.513542, 
            -3.710555, 
            -8.523693, 
            -6.2336, 
            10.023664, 
            -14.938678, 
            -5.330084, 
            -0.108533, 
            0.194889, 
            9.867794, 
            -6.43761, 
            -8.008709, 
            0.073123, 
            -2.051032, 
            -2.104697, 
            5.673096, 
            -10.159609, 
            6.575725, 
            -6.307868, 
            4.872341, 
            -2.475473, 
            0.563891, 
            -1.4398, 
            7.206115, 
            5.646336, 
            3.531006, 
            3.368114, 
            -5.693136, 
            -7.69062, 
            2.685555, 
            -7.394731
        ], 
        [
            9.00999, 
            1.133161, 
            -3.405356, 
            -1.932293, 
            -0.582883, 
            -5.855261, 
            5.505592, 
            -5.325049, 
            9.945251, 
            3.54604, 
            -6.881917, 
            -0.748615, 
            7.103312, 
            5.494335, 
            -0.80517, 
            3.826134, 
            -1.959278, 
            -5.142067, 
            8.361998, 
            8.374451, 
            -1.715094, 
            5.788464, 
            5.744395, 
            -4.834918, 
            -7.745898, 
            -7.288834, 
            -9.627823, 
            -9.665449, 
            -4.904834, 
            9.077093, 
            10.602948, 
            1.560981, 
            -3.491336, 
            -9.057624, 
            4.022847, 
            -2.502517, 
            -6.981516, 
            2.577039, 
            6.913447, 
            6.270601, 
            -0.091339, 
            -7.007411, 
            2.456086, 
            3.002091, 
            11.573605, 
            -11.87669, 
            6.517211, 
            2.394891, 
            2.574783, 
            -4.511731, 
            8.087229, 
            -4.724895, 
            4.815088, 
            8.613562, 
            -1.123635, 
            2.181489
        ], 
        [
            -1.276246, 
            1.767929, 
            -0.587769, 
            -3.833081, 
            -4.569445, 
            6.469932, 
            3.827709, 
            -7.991635, 
            0.759365, 
            -3.907922, 
            9.747472, 
            -6.051548, 
            10.272757, 
            -0.251744
        ]
    ], 
    "nodes" : [
        [
            -0.5791849656375975, 
            0.314439451144447, 
            -0.6008443362698429, 
            -0.205652090891732, 
            1.0
        ], 
        [
            -0.46058238112402206, 
            0.9999860524137713, 
            -0.9999983601102922, 
            0.9999999998588438, 
            0.9998493197212969, 
            0.9222146673223157, 
            0.999306178376628, 
            0.7615941559557649
        ], 
        [
            -0.9999999995196854, 
            1.0, 
            1.0, 
            -0.999999959742564, 
            -0.6447139242966938, 
            -0.9999999999999626, 
            0.7615941559557649
        ], 
        [
            -0.9999999967705484, 
            0.9999999999999979
        ]
    ], 
    "pre activation nodes" : [
        [
            0.0, 
            0.0, 
            0.0, 
            0.0, 
            0.0
        ], 
        [
            -0.49805022616691996, 
            5.93667215080235, 
            -7.007013965173121, 
            11.687150452639981, 
            4.746711081544174, 
            1.6036401927149333, 
            3.983047933448474, 
            1.0
        ], 
        [
            -11.07486356702005, 
            23.13792880418052, 
            23.183850376026893, 
            -8.860559132577162, 
            -0.7661992149334198, 
            -15.805235122817601, 
            1.0
        ], 
        [
            -10.122050338888773, 
            17.239869648394656
        ]
    ], 
    "average nodes" : [
        [
            0.0, 
            0.0, 
            0.0, 
            0.0, 
            0.0
        ], 
        [
            0.0, 
            0.0, 
            0.0, 
            0.0, 
            0.0, 
            0.0, 
            0.0, 
            0.0
        ], 
        [
            0.0, 
            0.0, 
            0.0, 
            0.0, 
            0.0, 
            0.0, 
            0.0
        ], 
        [
            0.0, 
            0.0
        ]
    ], 
    "input width" : 4, 
    "output width" : 2, 
    "hidden width" : 7, 
    "hidden length" : 2, 
    "hidden layer details" : {
        "items" : 3, 
        "0" : "is shallow", 
        "1" : "probabilities", 
        "2" : "width", 
        "is shallow" : true, 
        "probabilities" : {
            "2" : 0.85, 
            "3" : 0.12, 
            "1" : 0.03
        }, 
        "width" : {
            "no change" : 0.6, 
            "decrease" : 0.35,