{
    "child iterations" : 15, 
    "is fertile" : false, 
    "is classifier" : false, 
    "is child" : false, 
    "weights" : [
        [
            3.61132, 
            -1.291072, 
            -6.326023, 
            0.303775, 
            0.859595, 
            -2.816208, 
            -1.988166, 
            -0.5176008299097918, 
            1.732673, 
            0.964841, 
            -6.595979, 
            -2.335937, 
            -1.386338, 
            -2.726897, 
            -2.43465, 
            -0.48719122754341604, 
            -1.434733, 
            0.339552, 
            -6.727492, 
            0.769725, 
            0.96195, 
            -2.556309, 
            -3.97541, 
            0.13104024156566219, 
            0.073753, 
            -0.123933, 
            0.243843, 
            1.849722, 
            0.40173, 
            1.975441, 
            -3.066146, 
            -0.6881849832304305, 
            -0.147273, 
            2.957803, 
            -2.458616, 
            2.9744, 
            -3.106144, 
            -2.281177, 
            -1.080075, 
            0.6034545886931701
        ], 
        [
            -4.455595, 
            1.895698, 
            2.660811, 
            1.56435, 
            0.239467, 
            2.217554, 
            -0.6804279122749106, 
            3.427439, 
            -1.882386, 
            1.569113, 
            0.289547, 
            0.957895, 
            -0.848352, 
            0.42198056510025883, 
            -2.509057, 
            1.828829, 
            -2.903723, 
            -0.883579, 
            -3.777642, 
            -3.399842, 
            -0.18744848934493108, 
            -3.415082, 
            -3.202682, 
            1.846827, 
            -0.07562, 
            0.835762, 
            0.626095, 
            -0.6841193902908531, 
            1.567428, 
            1.320529, 
            -1.63021, 
            -1.871431, 
            -0.741073, 
            -1.615049, 
            0.3110712201321886, 
            -0.197695, 
            -0.514929, 
            0.897823, 
            0.565808, 
            -2.809738, 
            -0.927988, 
            -0.9765295838833759, 
            -1.739159, 
            -2.91956, 
            0.706295, 
            1.827149, 
            -0.545436, 
            -2.522004, 
            0.046013244060065794, 
            3.968398, 
            -0.116924, 
            -2.077515, 
            1.467744, 
            -1.655719, 
            -1.667233, 
            0.9379089462334655
        ], 
        [
            2.99918, 
            -3.03934, 
            5.681781, 
            -0.478645, 
            -0.714557, 
            -2.606313, 
            1.882947, 
            1.997833, 
            2.729654, 
            -2.817023, 
            4.234712, 
            -2.348097, 
            -0.442153, 
            4.103053
        ]
    ], 
    "momentum weights" : [
        [
            3.61132, 
            -1.291072, 
            -6.326023, 
            0.303775, 
            0.859595, 
            -2.816208, 
            -1.988166, 
            -0.5176008299097918, 
            1.732673, 
            0.964841, 
            -6.595979, 
            -2.335937, 
            -1.386338, 
            -2.726897, 
            -2.43465, 
            -0.48719122754341604, 
            -1.434733, 
            0.339552, 
            -6.727492, 
            0.769725, 
            0.96195, 
            -2.556309, 
            -3.97541, 
            0.13104024156566219, 
            0.073753, 
            -0.123933, 
            0.243843, 
            1.849722, 
            0.40173, 
            1.975441, 
            -3.066146, 
            -0.6881849832304305, 
            -0.147273, 
            2.957803, 
            -2.458616, 
            2.9744, 
            -3.106144, 
            -2.281177, 
            -1.080075, 
            0.6034545886931701
        ], 
        [
            -4.455595, 
            1.895698, 
            2.660811, 
            1.56435, 
            0.239467, 
            2.217554, 
            -0.6804279122749106, 
            3.427439, 
            -1.882386, 
            1.569113, 
            0.289547, 
            0.957895, 
            -0.848352, 
            0.42198056510025883, 
            -2.509057, 
            1.828829, 
            -2.903723, 
            -0.883579, 
            -3.777642, 
            -3.399842, 
            -0.18744848934493108, 
            -3.415082, 
            -3.202682, 
            1.846827, 
            -0.07562, 
            0.835762, 
            0.626095, 
            -0.6841193902908531, 
            1.567428, 
            1.320529, 
            -1.63021, 
            -1.871431, 
            -0.741073, 
            -1.615049, 
            0.3110712201321886, 
            -0.197695, 
            -0.514929, 
            0.897823, 
            0.565808, 
            -2.809738, 
            -0.927988, 
            -0.9765295838833759, 
            -1.739159, 
            -2.91956, 
            0.706295, 
            1.827149, 
            -0.545436, 
            -2.522004, 
            0.046013244060065794, 
            3.968398, 
            -0.116924, 
            -2.077515, 
            1.467744, 
            -1.655719, 
            -1.667233, 
            0.9379089462334655
        ], 
        [
            2.99918, 
            -3.03934, 
            5.681781, 
            -0.478645, 
            -0.714557, 
            -2.606313, 
            1.882947, 
            1.997833, 
            2.729654, 
            -2.817023, 
            4.234712, 
            -2.348097, 
            -0.442153, 
            4.103053
        ]
    ], 
    "nodes" : [
        [
            -0.5815647332857381, 
            0.2898180335045857, 
            -0.5857849957998579, 
            -0.15249552179092002, 
            1.0
        ], 
        [
            -0.7240621444120703, 
            0.9990159963905009, 
            0.9967636675269494, 
            0.8826794839670749, 
            -0.9998106934808635, 
            -0.2331066450721597, 
            0.9741032395639738, 
            0.7615941559557649
        ], 
        [
            0.7361285455796843, 
            -0.9999998969120875, 
            -0.799346256601121, 
            0.9932762968145976, 
            -0.9898775930758256, 
            -0.9999988506852597, 
            0.7615941559557649
        ], 
        [
            -0.9999998779533787, 
            0.9999999986829522
        ]
    ], 
    "pre activation nodes" : [
        [
            0.0, 
            0.0, 
            0.0, 
            0.0, 
            0.0
        ], 
        [
            -0.9161314088826892, 
            3.8082680252055634, 
            3.212421123380416, 
            1.3877708279653338, 
            -4.6325977925201745, 
            -0.23747212094642967, 
            2.166875818555689, 
            1.0
        ], 
        [
            0.9419754349908716, 
            -8.390415410973795, 
            -1.0967989671186191, 
            2.845947936110284, 
            -2.6405384654360313, 
            -7.184745638544332, 
            1.0
        ], 
        [
            -8.306004921880282, 
            10.57051015546368
        ]
    ], 
    "average nodes" : [
        [
            0.0, 
            0.0, 
            0.0, 
            0.0, 
            0.0
        ], 
        [
            0.0, 
            0.0, 
            0.0, 
            0.0, 
            0.0, 
            0.0, 
            0.0, 
            0.0
        ], 
        [
            0.0, 
            0.0, 
            0.0, 
            0.0, 
            0.0, 
            0.0, 
            0.0
        ], 
        [
            0.0, 
            0.0
        ]
    ], 
    "input width" : 4, 
    "output width" : 2, 
    "hidden width" : 7, 
    "hidden length" : 2, 
    "hidden layer details" : {
        "items" : 3, 
        "0" : "is shallow",