{
    "child iterations" : 15, 
    "is fertile" : false, 
    "is classifier" : false, 
    "is child" : false, 
    "weights" : [
        [
            2.69163, 
            -4.872153, 
            2.497919, 
            0.032228, 
            3.699006, 
            -0.043242542048274046, 
            4.920847, 
            -2.684035, 
            0.972091, 
            0.13469, 
            2.077982, 
            -0.3405712185434655, 
            4.8303, 
            -6.063057, 
            1.303068, 
            2.489909, 
            -1.947374, 
            -0.03513799433935416, 
            -0.065514, 
            0.386173, 
            -2.272183, 
            -1.052412, 
            1.497048, 
            0.5000949315032914, 
            1.452007, 
            -2.629991, 
            -2.706192, 
            -2.536184, 
            -0.142223, 
            0.029595708518944663
        ], 
        [
            0.466414, 
            2.34491, 
            2.890845, 
            0.731858, 
            -2.965315, 
            0.7780020412620563, 
            -1.491641, 
            -2.746657, 
            -2.945402, 
            -0.999894, 
            1.001761, 
            -0.1643915429946421, 
            0.083351, 
            -1.754927, 
            0.548582, 
            -4.116638, 
            0.227329, 
            0.5026019054246547, 
            -2.540402, 
            -2.32652, 
            -1.800601, 
            -2.252223, 
            -3.126704, 
            -0.44368606909364794, 
            0.055393, 
            -1.815319, 
            3.125289, 
            -4.2208, 
            -0.923935, 
            0.9302216227925859, 
            2.549156, 
            -1.521536, 
            -1.600924, 
            -4.198737, 
            -2.352729, 
            -0.4365648584809254
        ], 
        [
            -2.96092, 
            1.392466, 
            -0.416596, 
            -4.969438, 
            3.86399, 
            -5.016939, 
            1.202054, 
            2.981858, 
            -2.258086, 
            -0.60318, 
            2.626622, 
            2.035061
        ]
    ], 
    "momentum weights" : [
        [
            2.69163, 
            -4.872153, 
            2.497919, 
            0.032228, 
            3.699006, 
            -0.043242542048274046, 
            4.920847, 
            -2.684035, 
            0.972091, 
            0.13469, 
            2.077982, 
            -0.3405712185434655, 
            4.8303, 
            -6.063057, 
            1.303068, 
            2.489909, 
            -1.947374, 
            -0.03513799433935416, 
            -0.065514, 
            0.386173, 
            -2.272183, 
            -1.052412, 
            1.497048, 
            0.5000949315032914, 
            1.452007, 
            -2.629991, 
            -2.706192, 
            -2.536184, 
            -0.142223, 
            0.029595708518944663
        ], 
        [
            0.466414, 
            2.34491, 
            2.890845, 
            0.731858, 
            -2.965315, 
            0.7780020412620563, 
            -1.491641, 
            -2.746657, 
            -2.945402, 
            -0.999894, 
            1.001761, 
            -0.1643915429946421, 
            0.083351, 
            -1.754927, 
            0.548582, 
            -4.116638, 
            0.227329, 
            0.5026019054246547, 
            -2.540402, 
            -2.32652, 
            -1.800601, 
            -2.252223, 
            -3.126704, 
            -0.44368606909364794, 
            0.055393, 
            -1.815319, 
            3.125289, 
            -4.2208, 
            -0.923935, 
            0.9302216227925859, 
            2.549156, 
            -1.521536, 
            -1.600924, 
            -4.198737, 
            -2.352729, 
            -0.4365648584809254
        ], 
        [
            -2.96092, 
            1.392466, 
            -0.416596, 
            -4.969438, 
            3.86399, 
            -5.016939, 
            1.202054, 
            2.981858, 
            -2.258086, 
            -0.60318, 
            2.626622, 
            2.035061
        ]
    ], 
    "nodes" : [
        [
            0.5176571548074913, 
            0.7567194393201795, 
            -0.8680078402653628, 
            -0.0706602289569638, 
            1.0
        ], 
        [
            0.9830459094999561, 
            -0.9601372222615217, 
            -0.928589064282013, 
            -0.9997554096166527, 
            0.9998954766393373, 
            0.7615941559557649
        ], 
        [
            0.9999938962754332, 
            0.999985693165146, 
            0.999999960200933, 
            0.32366020501088316, 
            -0.9987225220689265, 
            0.7615941559557649
        ], 
        [
            0.9999301555693623, 
            -0.9999649855301614
        ]
    ], 
    "pre activation nodes" : [
        [
            0.0, 
            0.0, 
            0.0, 
            0.0, 
            0.0
        ], 
        [
            2.3809400738209794, 
            -1.9476633807037294, 
            -1.648046470419018, 
            -4.504475264603062, 
            4.92959744102262, 
            1.0
        ], 
        [
            6.349877758545961, 
            5.923956600091526, 
            8.866284762982481, 
            0.3357302278770491, 
            -3.677687874319343, 
            1.0
        ], 
        [
            5.131176233174649, 
            -5.476439415562284
        ]
    ], 
    "average nodes" : [
        [
            0.0, 
            0.0, 
            0.0, 
            0.0, 
            0.0
        ], 
        [
            0.0, 
            0.0, 
            0.0, 
            0.0, 
            0.0, 
            0.0
        ], 
        [
            0.0, 
            0.0, 
            0.0, 
            0.0, 
            0.0, 
            0.0
        ], 
        [
            0.0, 
            0.0
        ]
    ], 
    "input width" : 4, 
    "output width" : 2, 
    "hidden width" : 5, 
    "hidden length" : 2, 
    "hidden layer details" : {
        "items" : 3, 
        "0" : "is shallow", 
        "1" : "probabilities", 
        "2" : "width", 
        "is shallow" : true, 
        "probabilities" : {
            "2" : 0.85, 
            "3" : 0.12, 
            "1" : 0.03
        }, 
        "width" : {
            "no change" : 0.6, 
            "decrease" : 0.35, 
            "increase" : 0.05
        }
    }, 
    "weight range" : 1.0, 
    "activation function" : 2, 
    "learning rate" : 0.05, 
    "momentum active" : true, 
    "momentum" : 0.001, 
    "accuracy requirement" : 0.985, 
    "epochs" : 10, 
    "batch size" : 40, 
    "accuracy sample size" : 150, 
    "fitness sample size" : 15, 
    "allow testing" : false, 
    "show output" : true, 
    "use bias" : true, 
    "clear bias" : false, 
    "bias value" : 1.0, 
    "child" : null
}