{
    "child iterations" : 15, 
    "is fertile" : false, 
    "is classifier" : false, 
    "is child" : false, 
    "weights" : [
        [
            -0.503141, 
            0.458818, 
            -0.514997, 
            0.582324, 
            0.487597, 
            0.639591, 
            0.377507, 
            -0.086918, 
            0.480598, 
            -0.413693, 
            0.404203, 
            -0.4501634223165927, 
            0.725199, 
            0.579715, 
            0.165794, 
            0.982802, 
            0.408252, 
            -0.374011, 
            0.172259, 
            0.302074, 
            -0.825825, 
            0.841388, 
            -1.096603, 
            0.2966393514528052, 
            -0.393272, 
            -0.834889, 
            -0.826471, 
            0.913172, 
            -0.608972, 
            0.484119, 
            0.626448, 
            0.911908, 
            0.930928, 
            -0.956555, 
            -0.675165, 
            0.7420047966853824, 
            0.116876, 
            0.87284, 
            0.785753, 
            -0.807976, 
            0.14017, 
            -0.329586, 
            -1.077201, 
            -0.010264, 
            0.822819, 
            -0.279801, 
            0.404581, 
            0.05317755993300377, 
            -0.694467, 
            0.737917, 
            -0.542007, 
            -1.054001, 
            -0.007303, 
            -0.648042, 
            -0.475134, 
            0.936029, 
            -1.094048, 
            -1.005792, 
            -0.504368, 
            0.8644856085106347, 
            -0.624355, 
            0.760425, 
            0.840081, 
            -0.951822, 
            0.40577, 
            0.526751, 
            0.122521, 
            -1.083591, 
            0.095511, 
            0.037559, 
            -0.17886, 
            -0.6934248469609117, 
            -0.708611, 
            1.068026, 
            0.109114, 
            -0.69166, 
            -0.110125, 
            -0.129617, 
            -0.302826, 
            -1.027834, 
            1.032283, 
            -1.032694, 
            -0.287991, 
            -0.7206630468025652, 
            0.829259, 
            0.107791, 
            0.322228, 
            -1.067918, 
            -1.092578, 
            -0.536172, 
            0.933156, 
            -0.630182, 
            0.748643, 
            0.485671, 
            0.194825, 
            -0.8940492345339941, 
            0.018324, 
            0.267013, 
            0.216871, 
            -0.052192, 
            0.837148, 
            -0.568994, 
            0.532866, 
            -0.857985, 
            0.772185, 
            -0.065524, 
            -0.635595, 
            -0.8991754869350672, 
            0.401542, 
            -0.308416, 
            -0.392109, 
            -0.088594, 
            0.196992, 
            -0.546072, 
            -0.393289, 
            -0.478435, 
            0.335564, 
            -0.560301, 
            0.893246, 
            -0.7718029454335793, 
            0.940119, 
            -0.207191, 
            -1.0881, 
            0.041355, 
            -0.971258, 
            1.033805, 
            -0.040555, 
            -0.019531, 
            0.001478, 
            -1.033559, 
            0.053544, 
            -0.1749091320705709
        ], 
        [
            -1.13555, 
            0.307267, 
            -0.545604, 
            0.298052, 
            -1.081659, 
            -0.058033, 
            -1.061803, 
            0.814277, 
            0.412204, 
            -0.394834, 
            0.7798197356844321, 
            0.682361, 
            0.75294, 
            -0.556075, 
            0.039979, 
            -0.470379, 
            0.49573, 
            0.578463, 
            -1.125739, 
            0.999247, 
            0.845839, 
            -0.680792131053596, 
            0.088413, 
            -0.102881, 
            0.966439, 
            0.409468, 
            -1.056716, 
            0.577707, 
            -0.87072, 
            0.580956, 
            0.93393, 
            -0.261418, 
            -0.6410742072756148, 
            -0.266002, 
            0.096886, 
            0.125274, 
            -0.578348, 
            -0.004708, 
            0.946491, 
            -0.982927, 
            -0.716452, 
            1.128415, 
            0.141306, 
            0.23216111242222626, 
            0.600631, 
            -0.024245, 
            0.371297, 
            0.765552, 
            -0.657791, 
            -0.01527, 
            -1.195522, 
            0.185367, 
            -1.001904, 
            -0.283387, 
            -0.04984013099645246, 
            0.640203, 
            -0.29106, 
            -0.218705, 
            0.214116, 
            0.211137, 
            -0.765119, 
            0.450674, 
            0.364106, 
            -0.847694, 
            -0.096862, 
            0.07401290703036012, 
            -0.52796, 
            -0.305533, 
            0.717436, 
            0.290683, 
            0.669729, 
            0.390349, 
            -0.285727, 
            -0.796385, 
            0.832998, 
            -0.780184, 
            0.5669140747466117, 
            0.373493, 
            -0.084163, 
            -0.365955, 
            -0.181491, 
            -0.10798, 
            0.011464, 
            0.583733, 
            -0.177052, 
            0.358139, 
            -1.164249, 
            0.26069822994778424, 
            0.807165, 
            0.643647, 
            0.979159, 
            0.342483, 
            0.235215, 
            -0.827981, 
            0.240847, 
            -0.695483, 
            0.98148, 
            0.596793, 
            0.2199013821739233, 
            0.069049, 
            0.859934, 
            -0.879097, 
            0.400905, 
            0.187629, 
            -0.036229, 
            0.666431, 
            -0.116142, 
            -0.32237, 
            -0.186549, 
            -0.03856321311316502, 
            0.922945, 
            1.07276, 
            -0.706117, 
            -0.325978, 
            -0.11875, 
            -1.108502, 
            0.072283, 
            0.565687, 
            0.098442, 
            -1.080597, 
            0.34691339316577907, 
            -0.88297, 
            0.871613, 
            -1.065476, 
            -0.406617, 
            -0.364458, 
            0.102111, 
            0.728495, 
            0.6403, 
            0.449743, 
            -0.775659, 
            0.683397281280615
        ], 
        [
            0.406383, 
            0.027004, 
            0.07242, 
            0.270503, 
            0.089461, 
            0.308787, 
            0.69216, 
            0.23405, 
            -0.190738, 
            0.587924, 
            0.366361
        ]
    ],