{
    "child iterations" : 15, 
    "is fertile" : false, 
    "is classifier" : false, 
    "is child" : false, 
    "weights" : [
        [
            2.759602, 
            -1.799352, 
            -0.998244, 
            2.661071, 
            2.984775, 
            0.602326, 
            3.673928, 
            -0.8676634021970802, 
            1.235783, 
            -2.581067, 
            -1.767897, 
            1.934182, 
            0.608019, 
            -0.497197, 
            3.636512, 
            -0.5711878282084353, 
            0.29438, 
            -1.072004, 
            -5.493323, 
            2.406554, 
            0.184473, 
            1.819438, 
            2.660962, 
            0.7712536777540837, 
            0.460615, 
            -2.079743, 
            0.805075, 
            -1.74669, 
            0.90378, 
            0.30525, 
            0.089807, 
            0.9165553547296805, 
            0.677885, 
            -1.584999, 
            -3.671302, 
            1.717263, 
            -2.920277, 
            -2.15012, 
            -0.52062, 
            0.17610409103615643
        ], 
        [
            0.329753, 
            -1.637049, 
            -0.17918, 
            0.969783, 
            -0.308558, 
            0.556439, 
            0.212178, 
            0.6413837554710395, 
            -2.021385, 
            1.908219, 
            0.596876, 
            0.398, 
            2.433568, 
            1.487158, 
            -1.221057, 
            -0.7078363414579965, 
            -2.963289, 
            3.341413, 
            0.932563, 
            0.913447, 
            -0.061126, 
            -1.319926, 
            -0.815234, 
            0.0622534673949946, 
            -2.268012, 
            -2.819788, 
            0.799334, 
            -1.117467, 
            0.271525, 
            -0.594078, 
            1.255643, 
            0.1961726324478943, 
            0.96259, 
            -0.495564, 
            -0.613156, 
            -3.121647, 
            -1.703256, 
            -1.881749, 
            2.199824, 
            0.792806830440318, 
            1.01286, 
            0.13754, 
            2.336102, 
            -0.32229, 
            2.002767, 
            -1.090921, 
            -0.701473, 
            0.6605561806274913, 
            2.236628, 
            -2.569727, 
            0.053408, 
            -1.616739, 
            -0.01122, 
            -1.656424, 
            1.72268, 
            0.2505859707267719, 
            2.106796, 
            1.497592, 
            -0.375199, 
            -1.566557, 
            0.463698, 
            0.985237, 
            1.128603, 
            0.479651735208972
        ], 
        [
            2.459973, 
            -1.448894, 
            -3.051861, 
            3.112743, 
            0.544052, 
            -2.342872, 
            -2.414643, 
            1.511857, 
            -0.256486, 
            -0.763361, 
            2.913699, 
            -0.626156, 
            1.596585, 
            -1.462898, 
            -3.285182, 
            -2.953083
        ]
    ], 
    "momentum weights" : [
        [
            2.759602, 
            -1.799352, 
            -0.998244, 
            2.661071, 
            2.984775, 
            0.602326, 
            3.673928, 
            -0.8676634021970802, 
            1.235783, 
            -2.581067, 
            -1.767897, 
            1.934182, 
            0.608019, 
            -0.497197, 
            3.636512, 
            -0.5711878282084353, 
            0.29438, 
            -1.072004, 
            -5.493323, 
            2.406554, 
            0.184473, 
            1.819438, 
            2.660962, 
            0.7712536777540837, 
            0.460615, 
            -2.079743, 
            0.805075, 
            -1.74669, 
            0.90378, 
            0.30525, 
            0.089807, 
            0.9165553547296805, 
            0.677885, 
            -1.584999, 
            -3.671302, 
            1.717263, 
            -2.920277, 
            -2.15012, 
            -0.52062, 
            0.17610409103615643
        ], 
        [
            0.329753, 
            -1.637049, 
            -0.17918, 
            0.969783, 
            -0.308558, 
            0.556439, 
            0.212178, 
            0.6413837554710395, 
            -2.021385, 
            1.908219, 
            0.596876, 
            0.398, 
            2.433568, 
            1.487158, 
            -1.221057, 
            -0.7078363414579965, 
            -2.963289, 
            3.341413, 
            0.932563, 
            0.913447, 
            -0.061126, 
            -1.319926, 
            -0.815234, 
            0.0622534673949946, 
            -2.268012, 
            -2.819788, 
            0.799334, 
            -1.117467, 
            0.271525, 
            -0.594078, 
            1.255643, 
            0.1961726324478943, 
            0.96259, 
            -0.495564, 
            -0.613156, 
            -3.121647, 
            -1.703256, 
            -1.881749, 
            2.199824, 
            0.792806830440318, 
            1.01286, 
            0.13754, 
            2.336102, 
            -0.32229, 
            2.002767, 
            -1.090921, 
            -0.701473, 
            0.6605561806274913, 
            2.236628, 
            -2.569727, 
            0.053408, 
            -1.616739, 
            -0.01122, 
            -1.656424, 
            1.72268, 
            0.2505859707267719, 
            2.106796, 
            1.497592, 
            -0.375199, 
            -1.566557, 
            0.463698, 
            0.985237, 
            1.128603, 
            0.479651735208972
        ], 
        [
            2.459973, 
            -1.448894, 
            -3.051861, 
            3.112743, 
            0.544052, 
            -2.342872, 
            -2.414643, 
            1.511857, 
            -0.256486, 
            -0.763361, 
            2.913699, 
            -0.626156, 
            1.596585, 
            -1.462898, 
            -3.285182, 
            -2.953083
        ]
    ], 
    "nodes" : [
        [
            0.21236902263663832, 
            -0.32667532282869405, 
            0.18071811661317777, 
            0.21199887249152088, 
            1.0
        ], 
        [
            0.7662119918354192, 
            -0.9423451443751962, 
            -0.9994805749925073, 
            0.9372768649204876, 
            -0.9784603798625865, 
            -0.8988624805727718, 
            -0.40400606704425096, 
            0.7615941559557649
        ], 
        [
            0.9509993641213624, 
            -0.9999954350515662, 
            -0.9908238218762365, 
            0.8372340204178803, 
            -0.9633181397363106, 
            0.9993667271384817, 
            0.9600522912177711, 
            0.7615941559557649
        ], 
        [
            0.9999128270440563, 
            -0.9997258287493874
        ]
    ], 
    "pre activation nodes" : [
        [
            0.0, 
            0.0, 
            0.0, 
            0.0, 
            0.0
        ], 
        [
            1.0110888289561695, 
            -1.7585884451057177, 
            -4.127837773666749, 
            1.7151541139929474, 
            -2.260090099464338, 
            -1.466264561104422, 
            -0.42842720921195976, 
            1.0
        ], 
        [
            1.8421318697785565, 
            -6.495124119022753, 
            -2.68984651066868, 
            1.211851504355679, 
            -1.9900544435745298, 
            4.028719830919575, 
            1.9465775563141403, 
            1.0
        ], 
        [
            5.020360003272255, 
            -4.447383865055324
        ]
    ],