{
    "child iterations" : 15, 
    "is fertile" : false, 
    "is classifier" : false, 
    "is child" : false, 
    "weights" : [
        [
            0.008543, 
            -1.755493, 
            1.008009, 
            2.831148, 
            -5.763863, 
            3.611102, 
            0.7951603505251199, 
            -3.164715, 
            -0.677992, 
            -3.497298, 
            -0.750807, 
            -3.895762, 
            -0.964346, 
            -0.9612906612326049, 
            -6.105734, 
            2.204055, 
            -2.360401, 
            -1.719139, 
            -4.523171, 
            -0.383717, 
            -0.7579510420445201, 
            0.640447, 
            2.805554, 
            -1.982287, 
            -0.39438, 
            0.569875, 
            1.248522, 
            -0.7761808119045828, 
            -3.40907, 
            -1.621981, 
            2.180453, 
            1.913668, 
            -1.396395, 
            -1.147537, 
            0.3912163498082879
        ], 
        [
            0.373508, 
            -1.87771, 
            -0.040223, 
            3.588422, 
            3.193828, 
            -2.109402, 
            0.7766360921145108, 
            1.582101, 
            -0.866586, 
            -2.968858, 
            -0.852599, 
            -1.975324, 
            -2.212797, 
            0.7308080198526856, 
            -1.836445, 
            -2.461238, 
            -2.547249, 
            3.365923, 
            -2.329445, 
            -2.14141, 
            0.048013138489831464, 
            -1.906318, 
            2.201461, 
            1.569828, 
            -1.335191, 
            -0.973408, 
            -0.774646, 
            0.6354740723477756, 
            -1.890957, 
            -3.069139, 
            -2.205191, 
            1.30215, 
            1.2444, 
            -3.035212, 
            -0.01816934028273942, 
            2.191906, 
            -0.107896, 
            -0.013185, 
            -1.218295, 
            -2.009652, 
            0.245315, 
            0.4814375021681456, 
            0.489884, 
            1.325346, 
            0.309556, 
            -2.648896, 
            0.700093, 
            0.569737, 
            0.4459082677746429
        ], 
        [
            -0.677247, 
            -4.336437, 
            0.262229, 
            -4.316921, 
            1.797136, 
            -1.685041, 
            0.342542, 
            3.088194, 
            -2.588993, 
            -0.758367, 
            3.993433, 
            0.524699, 
            -2.237779, 
            -0.830366
        ]
    ], 
    "momentum weights" : [
        [
            0.008543, 
            -1.755493, 
            1.008009, 
            2.831148, 
            -5.763863, 
            3.611102, 
            0.7951603505251199, 
            -3.164715, 
            -0.677992, 
            -3.497298, 
            -0.750807, 
            -3.895762, 
            -0.964346, 
            -0.9612906612326049, 
            -6.105734, 
            2.204055, 
            -2.360401, 
            -1.719139, 
            -4.523171, 
            -0.383717, 
            -0.7579510420445201, 
            0.640447, 
            2.805554, 
            -1.982287, 
            -0.39438, 
            0.569875, 
            1.248522, 
            -0.7761808119045828, 
            -3.40907, 
            -1.621981, 
            2.180453, 
            1.913668, 
            -1.396395, 
            -1.147537, 
            0.3912163498082879
        ], 
        [
            0.373508, 
            -1.87771, 
            -0.040223, 
            3.588422, 
            3.193828, 
            -2.109402, 
            0.7766360921145108, 
            1.582101, 
            -0.866586, 
            -2.968858, 
            -0.852599, 
            -1.975324, 
            -2.212797, 
            0.7308080198526856, 
            -1.836445, 
            -2.461238, 
            -2.547249, 
            3.365923, 
            -2.329445, 
            -2.14141, 
            0.048013138489831464, 
            -1.906318, 
            2.201461, 
            1.569828, 
            -1.335191, 
            -0.973408, 
            -0.774646, 
            0.6354740723477756, 
            -1.890957, 
            -3.069139, 
            -2.205191, 
            1.30215, 
            1.2444, 
            -3.035212, 
            -0.01816934028273942, 
            2.191906, 
            -0.107896, 
            -0.013185, 
            -1.218295, 
            -2.009652, 
            0.245315, 
            0.4814375021681456, 
            0.489884, 
            1.325346, 
            0.309556, 
            -2.648896, 
            0.700093, 
            0.569737, 
            0.4459082677746429
        ], 
        [
            -0.677247, 
            -4.336437, 
            0.262229, 
            -4.316921, 
            1.797136, 
            -1.685041, 
            0.342542, 
            3.088194, 
            -2.588993, 
            -0.758367, 
            3.993433, 
            0.524699, 
            -2.237779, 
            -0.830366
        ]
    ], 
    "nodes" : [
        [
            0.5892809495994058, 
            0.8652707046290512, 
            -0.8829215758071811, 
            -0.23551287996581116, 
            1.0
        ], 
        [
            -0.7174257313831695, 
            -0.9999834077882311, 
            0.9800667012527863, 
            0.9997735928335915, 
            -0.9996351000467681, 
            0.18846511418689002, 
            0.7615941559557649
        ], 
        [
            -0.9937088797416054, 
            0.9999890910521703, 
            0.9997572838521489, 
            -0.9973183581003735, 
            -0.9998214145882355, 
            0.9996781145020753, 
            0.7615941559557649
        ], 
        [
            0.9999990244151278, 
            -0.9994743742909257
        ]
    ], 
    "pre activation nodes" : [
        [
            0.0, 
            0.0, 
            0.0, 
            0.0, 
            0.0
        ], 
        [
            -0.9023201835436803, 
            -5.849858013833266, 
            2.29924708671261, 
            4.5431047644785325, 
            -4.304426028313135, 
            0.19074527911743555, 
            1.0
        ], 
        [
            -2.8793063926958524, 
            6.059534464873567, 
            4.508321864181812, 
            -3.306565741421629, 
            -4.661750728887494, 
            4.367150448512474, 
            1.0
        ], 
        [
            7.266687684817249, 
            -4.121902755695116
        ]
    ], 
    "average nodes" : [
        [
            0.0, 
            0.0, 
            0.0, 
            0.0, 
            0.0
        ], 
        [
            0.0, 
            0.0, 
            0.0, 
            0.0, 
            0.0, 
            0.0, 
            0.0
        ], 
        [
            0.0, 
            0.0, 
            0.0, 
            0.0, 
            0.0, 
            0.0, 
            0.0
        ], 
        [
            0.0, 
            0.0
        ]
    ], 
    "input width" : 4, 
    "output width" : 2, 
    "hidden width" : 6, 
    "hidden length" : 2, 
    "hidden layer details" : {
        "items" : 3, 
        "0" : "is shallow", 
        "1" : "probabilities", 
        "2" : "width", 
        "is shallow" : true, 
        "probabilities" : {
            "2" : 0.85, 
            "3" : 0.12, 
            "1" : 0.03
        }, 
        "width" : {
            "no change" : 0.6, 
            "decrease" : 0.35, 
            "increase" : 0.05
        }
    }, 
    "weight range" : 1.0, 
    "activation function" : 2, 
    "learning rate" : 0.05, 
    "momentum active" : true, 
    "momentum" : 0.001, 
    "accuracy requirement" : 0.985, 
    "epochs" : 10, 
    "batch size" : 40, 
    "accuracy sample size" : 150, 
    "fitness sample size" : 15, 
    "allow testing" : false, 
    "show output" : true,