{
    "child iterations" : 15, 
    "is fertile" : false, 
    "is classifier" : false, 
    "is child" : false, 
    "weights" : [
        [
            -0.18438, 
            -0.666166, 
            -0.145527, 
            -0.552892, 
            -0.370433, 
            0.602387, 
            0.892495, 
            1.067649, 
            -0.921586, 
            -1.486745, 
            0.312273, 
            1.109607, 
            0.19330107782071915, 
            0.330744, 
            -1.020385, 
            0.612635, 
            0.135454, 
            -0.298223, 
            -0.764445, 
            -0.325351, 
            1.126692, 
            -1.086283, 
            0.112023, 
            1.106711, 
            -0.381071, 
            -0.38445696487230174, 
            -0.633208, 
            -0.362761, 
            0.710106, 
            -0.261243, 
            0.655888, 
            0.46587, 
            0.254329, 
            -1.237331, 
            0.660809, 
            -0.47576, 
            0.167459, 
            0.879278, 
            0.5633823982669692, 
            -0.627877, 
            0.115153, 
            -0.308666, 
            -0.250592, 
            0.556521, 
            -0.134247, 
            -1.293786, 
            -0.002278, 
            -0.519696, 
            0.778645, 
            0.775754, 
            0.314455, 
            -0.24779443433930903, 
            -0.350182, 
            0.1738, 
            0.679304, 
            -0.537664, 
            0.516151, 
            -0.243791, 
            -0.312168, 
            -0.874115, 
            -0.639623, 
            1.062361, 
            0.722983, 
            -0.043138, 
            0.6373307430330917, 
            0.118375, 
            1.21835, 
            -0.168732, 
            1.227062, 
            -1.11527, 
            -1.134061, 
            -0.238508, 
            0.700898, 
            0.348106, 
            -0.160745, 
            -0.620539, 
            -0.570977, 
            0.673491604662259, 
            -0.003168, 
            -0.835013, 
            -0.360269, 
            -0.126447, 
            -0.83698, 
            0.520804, 
            1.22848, 
            0.873808, 
            -1.026043, 
            0.835661, 
            0.663335, 
            0.510648, 
            0.6892118523423767, 
            -0.602808, 
            0.483104, 
            -0.23403, 
            -0.928559, 
            -1.093078, 
            1.08709, 
            -1.20149, 
            -1.0768, 
            -1.042976, 
            -0.624483, 
            -1.22558, 
            0.557079, 
            0.21601129128229357, 
            0.503781, 
            -0.778557, 
            1.145867, 
            1.460946, 
            0.212611, 
            0.383362, 
            -0.11931, 
            0.750895, 
            0.828205, 
            -0.340947, 
            0.386958, 
            -0.260704, 
            -0.6560918383433325, 
            -0.900067, 
            -0.309031, 
            0.097926, 
            1.070984, 
            0.110572, 
            -0.107907, 
            -1.064927, 
            1.120706, 
            0.695061, 
            -0.520226, 
            -1.181464, 
            0.19246, 
            0.8941672247613377, 
            -0.446749, 
            -0.155879, 
            0.648675, 
            0.686379, 
            -0.312109, 
            -0.553081, 
            0.104854, 
            -0.521326, 
            0.381724, 
            -0.160818, 
            1.061276, 
            -1.134285, 
            -0.32336361947152725
        ], 
        [
            -0.647789, 
            -0.999892, 
            -1.051612, 
            -0.764247, 
            0.728048, 
            1.191812, 
            1.190155, 
            -0.711805, 
            0.36331, 
            0.355591, 
            -0.225023, 
            -0.732300999157133, 
            0.560549, 
            0.846054, 
            0.993593, 
            0.59154, 
            -0.487704, 
            -0.463624, 
            0.830212, 
            -0.113611, 
            -0.76249, 
            0.732729, 
            0.166755, 
            0.37513381159864245, 
            -0.246652, 
            0.431372, 
            -0.912571, 
            0.860184, 
            -0.718996, 
            -0.275313, 
            0.236338, 
            -1.225748, 
            1.204287, 
            1.091193, 
            0.033708, 
            0.06121608348806307, 
            -0.392785, 
            -1.103867, 
            -0.564083, 
            0.033436, 
            -0.669335, 
            -0.524425, 
            -0.775863, 
            -0.267947, 
            0.37793, 
            -0.18444, 
            1.118959, 
            0.09869997502876915, 
            0.48445, 
            0.848705, 
            1.067218, 
            0.616637, 
            -0.801072, 
            -1.27689, 
            -0.301307, 
            -0.054415, 
            1.039626, 
            0.956433, 
            1.174044, 
            0.09310067488011708, 
            -0.14211, 
            0.06053, 
            0.792564, 
            1.143883, 
            1.055718, 
            0.048498, 
            1.125313, 
            -0.898187, 
            0.005156, 
            -0.851473, 
            -0.750829, 
            -0.470660047806714, 
            -0.400064, 
            -1.297875, 
            -0.994701, 
            1.259832, 
            1.200992, 
            0.589306, 
            0.685393, 
            0.294737, 
            -0.42587, 
            1.18443, 
            0.018181, 
            0.5261864030944912, 
            -0.449394, 
            0.072582, 
            -1.120232, 
            0.933073, 
            -0.01633, 
            0.363643, 
            -0.281286, 
            -0.169886, 
            0.304142, 
            0.218865, 
            -0.795034, 
            0.9208977705526031, 
            -0.355462, 
            0.681329, 
            0.242169, 
            0.446998, 
            -0.780265, 
            0.060581, 
            -0.779713, 
            -0.724836, 
            1.056107, 
            0.116566, 
            -1.006213, 
            0.49130674312905187, 
            -0.947118, 
            1.220222, 
            0.88125, 
            1.021063, 
            0.739881, 
            1.045655, 
            -0.040554, 
            0.346148, 
            -0.56446, 
            -1.036852, 
            0.855538, 
            -0.017627271831775815, 
            0.052724, 
            -1.28416, 
            0.273662, 
            0.969265, 
            0.559238, 
            0.523369, 
            -0.668031, 
            0.286187, 
            -1.07275, 
            -0.785428, 
            0.61618, 
            -0.9137620034837157, 
            1.224999, 
            0.786645, 
            0.126937, 
            0.745677, 
            0.280223, 
            0.326531, 
            -0.324318, 
            -0.570877, 
            0.219534, 
            -0.370485, 
            0.500069, 
            -0.7052429741341579, 
            1.071681, 
            1.026445, 
            0.513369, 
            0.165049, 
            -0.848471, 
            0.463423, 
            1.257897, 
            0.860388, 
            0.403498, 
            1.171717, 
            -0.098924, 
            0.9716468641572289
        ], 
        [
            -0.789996, 
            -0.783949, 
            0.901535, 
            -0.162083, 
            -0.791976, 
            0.268228, 
            0.451727, 
            -0.348662, 
            -0.071529, 
            -0.188826, 
            0.879379, 
            -0.052062
        ]
    ],