{
    "child iterations" : 15, 
    "is fertile" : false, 
    "is classifier" : false, 
    "is child" : false, 
    "weights" : [
        [
            -0.048062, 
            -0.889216, 
            -0.596439, 
            -0.132462, 
            -0.877701, 
            0.051166, 
            0.141132, 
            0.705723, 
            1.130245, 
            -0.7466684278374667, 
            0.383402, 
            1.126343, 
            -0.325577, 
            0.338996, 
            0.499351, 
            -0.493494, 
            -0.835414, 
            -0.080895, 
            0.644879, 
            -0.7954832414956448, 
            -0.443606, 
            0.551477, 
            -0.780213, 
            -0.543199, 
            -0.209327, 
            -0.45319, 
            -0.053343, 
            0.095428, 
            0.398245, 
            0.5740347684327238, 
            0.97589, 
            -0.233337, 
            -0.787101, 
            0.196561, 
            -0.867295, 
            1.12132, 
            1.045466, 
            -0.900482, 
            0.044845, 
            -0.6829376549117774, 
            0.95445, 
            -0.212546, 
            0.939643, 
            -0.342106, 
            0.35357, 
            0.562379, 
            -0.641153, 
            0.525598, 
            0.834287, 
            -0.08380289044667344, 
            0.647042, 
            1.001793, 
            -0.563049, 
            -0.655256, 
            -0.67559, 
            -0.527424, 
            1.187586, 
            -0.018667, 
            0.251907, 
            -0.13077398605808943, 
            -0.15895, 
            -0.996133, 
            0.082887, 
            0.471735, 
            -0.824733, 
            0.802856, 
            0.718253, 
            0.492982, 
            1.067487, 
            0.22496951223584394, 
            -1.03046, 
            1.022786, 
            -1.0331, 
            -0.524713, 
            0.452905, 
            -0.583402, 
            0.079081, 
            -0.861572, 
            0.358247, 
            -0.2743944499098119, 
            0.037942, 
            0.775662, 
            0.642796, 
            0.167128, 
            -1.153129, 
            0.965838, 
            -0.219689, 
            0.04201, 
            -0.92822, 
            -0.6363617770562049, 
            0.901068, 
            -1.133941, 
            0.718676, 
            -0.895898, 
            1.017024, 
            0.695474, 
            1.151243, 
            0.681514, 
            0.219256, 
            0.2753064301177601, 
            0.335115, 
            -0.054738, 
            0.06952, 
            0.442236, 
            -1.080588, 
            0.418107, 
            -1.065884, 
            0.534136, 
            -0.21975, 
            0.3355910224858589
        ], 
        [
            -0.136748, 
            -1.253087, 
            -0.390984, 
            0.659124, 
            -1.161746, 
            0.45655, 
            -0.107575, 
            -0.085189, 
            0.532438, 
            -0.8734763488857162, 
            0.311686, 
            0.403665, 
            -0.120167, 
            0.32153, 
            0.091217, 
            0.56998, 
            -0.373797, 
            -0.702208, 
            -0.236368, 
            -0.618693761480166, 
            0.598956, 
            -0.677122, 
            -0.589722, 
            -0.735241, 
            0.322167, 
            0.037835, 
            0.543531, 
            -1.014275, 
            0.219008, 
            0.48774444413702933, 
            0.361434, 
            0.849767, 
            -0.666856, 
            -0.695948, 
            -0.507586, 
            -1.073512, 
            -1.244225, 
            -0.818177, 
            -0.001797, 
            0.23991157061403423, 
            0.900098, 
            -0.472336, 
            0.883843, 
            0.893693, 
            -0.528453, 
            -1.034322, 
            -0.408041, 
            0.292752, 
            0.925561, 
            0.5581340280524116, 
            -0.435014, 
            0.990395, 
            0.672898, 
            0.078796, 
            -0.939556, 
            -0.044785, 
            -0.690064, 
            -0.214674, 
            0.415058, 
            0.26686592785025165, 
            0.273259, 
            1.049283, 
            0.309714, 
            -1.029362, 
            -0.19625, 
            1.146236, 
            0.565549, 
            0.000875, 
            0.041723, 
            0.44033265386043197, 
            -0.345913, 
            -0.818452, 
            0.870104, 
            0.907978, 
            -1.019887, 
            -1.012644, 
            0.369802, 
            0.924365, 
            -0.232539, 
            0.8555363821398119, 
            0.245528, 
            0.622733, 
            0.853605, 
            -0.779736, 
            -0.576501, 
            -0.260453, 
            -0.092442, 
            -1.354552, 
            0.526936, 
            0.1469200595277742, 
            -0.507371, 
            0.553922, 
            0.667971, 
            0.75088, 
            -1.227702, 
            -0.757528, 
            1.00313, 
            -0.465797, 
            -1.1409, 
            -0.31035102020291316
        ], 
        [
            -0.065193, 
            1.064147, 
            -0.525401, 
            -0.398883, 
            -0.649713, 
            -0.050291, 
            0.774135, 
            1.045098, 
            0.355219, 
            0.367642
        ]
    ],