{
    "child iterations" : 15, 
    "is fertile" : false, 
    "is classifier" : false, 
    "is child" : false, 
    "weights" : [
        [
            -0.727449, 
            -2.69523, 
            -2.170749, 
            -3.099239, 
            -1.404573, 
            2.173289, 
            0.2783393206557778, 
            1.739826, 
            -0.404886, 
            -3.448819, 
            -2.880484, 
            -0.240447, 
            1.850272, 
            -0.11707997315613827, 
            -0.819569, 
            -4.069461, 
            -3.720489, 
            -1.050172, 
            1.844291, 
            -1.287796, 
            0.1746299879812534, 
            -1.494072, 
            1.650102, 
            0.652283, 
            -1.884543, 
            -0.216331, 
            -1.235314, 
            -0.9226909405562969, 
            -1.881452, 
            -2.125501, 
            -1.535116, 
            -0.058814, 
            -1.000056, 
            1.132929, 
            -0.8725781798764654
        ], 
        [
            0.687032, 
            1.396187, 
            2.070753, 
            0.588124, 
            0.47559, 
            2.057813, 
            0.5469341955672669, 
            -1.12485, 
            -0.025848, 
            -0.410943, 
            0.797242, 
            2.818768, 
            1.307639, 
            -0.6983940086562752, 
            -2.426463, 
            1.938601, 
            -1.429504, 
            0.370933, 
            0.973694, 
            2.488503, 
            0.7284402403394299, 
            -0.826953, 
            2.897007, 
            -1.915543, 
            -1.613181, 
            0.813645, 
            -0.306586, 
            0.008681283257937933, 
            -2.405206, 
            -0.969211, 
            1.166525, 
            -1.348953, 
            -0.176855, 
            -0.559767, 
            -0.6572503629866899, 
            -0.729844, 
            -2.390919, 
            0.535935, 
            1.300581, 
            -2.247974, 
            1.670196, 
            -0.6643309732913223, 
            -1.209099, 
            -1.104327, 
            0.678836, 
            -0.923848, 
            1.557806, 
            -0.246667, 
            -0.6880089804390788
        ], 
        [
            -0.241855, 
            -3.457393, 
            -2.64424, 
            1.396958, 
            2.837558, 
            0.747439, 
            -0.141722, 
            -0.227795, 
            -1.289633, 
            1.821465, 
            -1.284434, 
            0.40824, 
            -0.469048, 
            1.128852
        ]
    ], 
    "momentum weights" : [
        [
            -0.727449, 
            -2.69523, 
            -2.170749, 
            -3.099239, 
            -1.404573, 
            2.173289, 
            0.2783393206557778, 
            1.739826, 
            -0.404886, 
            -3.448819, 
            -2.880484, 
            -0.240447, 
            1.850272, 
            -0.11707997315613827, 
            -0.819569, 
            -4.069461, 
            -3.720489, 
            -1.050172, 
            1.844291, 
            -1.287796, 
            0.1746299879812534, 
            -1.494072, 
            1.650102, 
            0.652283, 
            -1.884543, 
            -0.216331, 
            -1.235314, 
            -0.9226909405562969, 
            -1.881452, 
            -2.125501, 
            -1.535116, 
            -0.058814, 
            -1.000056, 
            1.132929, 
            -0.8725781798764654
        ], 
        [
            0.687032, 
            1.396187, 
            2.070753, 
            0.588124, 
            0.47559, 
            2.057813, 
            0.5469341955672669, 
            -1.12485, 
            -0.025848, 
            -0.410943, 
            0.797242, 
            2.818768, 
            1.307639, 
            -0.6983940086562752, 
            -2.426463, 
            1.938601, 
            -1.429504, 
            0.370933, 
            0.973694, 
            2.488503, 
            0.7284402403394299, 
            -0.826953, 
            2.897007, 
            -1.915543, 
            -1.613181, 
            0.813645, 
            -0.306586, 
            0.008681283257937933, 
            -2.405206, 
            -0.969211, 
            1.166525, 
            -1.348953, 
            -0.176855, 
            -0.559767, 
            -0.6572503629866899, 
            -0.729844, 
            -2.390919, 
            0.535935, 
            1.300581, 
            -2.247974, 
            1.670196, 
            -0.6643309732913223, 
            -1.209099, 
            -1.104327, 
            0.678836, 
            -0.923848, 
            1.557806, 
            -0.246667, 
            -0.6880089804390788
        ], 
        [
            -0.241855, 
            -3.457393, 
            -2.64424, 
            1.396958, 
            2.837558, 
            0.747439, 
            -0.141722, 
            -0.227795, 
            -1.289633, 
            1.821465, 
            -1.284434, 
            0.40824, 
            -0.469048, 
            1.128852
        ]
    ], 
    "nodes" : [
        [
            0.1497594992391955, 
            -0.25342473442171476, 
            -0.14454950782949574, 
            0.5007683424716076, 
            1.0
        ], 
        [
            -0.9956216983312768, 
            -0.7665763161767727, 
            -0.12115464995443269, 
            -0.5262077590234906, 
            -0.9094599993731065, 
            0.5057772757673356, 
            0.7615941559557649
        ], 
        [
            0.9473052701574742, 
            -0.9996306916345993, 
            -0.6849337804586549, 
            0.6574211342461482, 
            -0.9947512051029342, 
            -0.9657789468735184, 
            0.7615941559557649
        ], 
        [
            0.9877242917116668, 
            -0.9999968447813592
        ]
    ], 
    "pre activation nodes" : [
        [
            0.0, 
            0.0, 
            0.0, 
            0.0, 
            0.0
        ], 
        [
            -3.0610250033429756, 
            -1.011971739982974, 
            -0.12175271350296013, 
            -0.58488621664674, 
            -1.5243920046469905, 
            0.5570391159069388, 
            1.0
        ], 
        [
            1.8048431677687418, 
            -4.2984205468213075, 
            -0.8383493525423175, 
            0.7882581218046254, 
            -2.970138052743584, 
            -2.0254014066053925, 
            1.0
        ], 
        [
            2.543561658811918, 
            -6.679799183773368
        ]
    ], 
    "average nodes" : [
        [
            0.0, 
            0.0, 
            0.0, 
            0.0, 
            0.0
        ], 
        [
            0.0, 
            0.0, 
            0.0, 
            0.0, 
            0.0, 
            0.0, 
            0.0
        ], 
        [
            0.0, 
            0.0, 
            0.0, 
            0.0, 
            0.0, 
            0.0, 
            0.0
        ], 
        [
            0.0, 
            0.0
        ]
    ], 
    "input width" : 4, 
    "output width" : 2, 
    "hidden width" : 7, 
    "hidden length" : 2, 
    "hidden layer details" : {
        "items" : 3, 
        "0" : "is shallow", 
        "1" : "probabilities", 
        "2" : "width", 
        "is shallow" : true, 
        "probabilities" : {
            "2" : 0.85, 
            "3" : 0.12, 
            "1" : 0.03
        }, 
        "width" : {
            "no change" : 0.6, 
            "decrease" : 0.35, 
            "increase" : 0.05
        }
    }, 
    "weight range" : 1.0, 
    "activation function" : 2, 
    "learning rate" : 0.05, 
    "momentum active" : true, 
    "momentum" : 0.001, 
    "accuracy requirement" : 0.985, 
    "epochs" : 10, 
    "batch size" : 40, 
    "accuracy sample size" : 150, 
    "fitness sample size" : 15, 
    "allow testing" : false,