{
    "child iterations" : 15, 
    "is fertile" : false, 
    "is classifier" : false, 
    "is child" : false, 
    "weights" : [
        [
            2.592442, 
            -4.212545, 
            4.853362, 
            -1.190363, 
            -0.6679106377335506, 
            2.160335, 
            -5.111733, 
            6.146004, 
            -0.143556, 
            0.6538964657756714, 
            -2.870068, 
            -5.58138, 
            6.994045, 
            -1.984396, 
            0.663765892343916, 
            -1.185913, 
            -0.198834, 
            0.029259, 
            0.067917, 
            0.7211236582331058, 
            2.9559, 
            -1.301353, 
            2.260617, 
            1.910449, 
            -0.22660548125923863
        ], 
        [
            2.73299, 
            -2.086786, 
            -1.587874, 
            7.563823, 
            6.763862, 
            -2.556934, 
            -0.138798, 
            -1.048139, 
            -0.608979, 
            -2.302771
        ]
    ], 
    "momentum weights" : [
        [
            2.592442, 
            -4.212545, 
            4.853362, 
            -1.190363, 
            -0.6679106377335506, 
            2.160335, 
            -5.111733, 
            6.146004, 
            -0.143556, 
            0.6538964657756714, 
            -2.870068, 
            -5.58138, 
            6.994045, 
            -1.984396, 
            0.663765892343916, 
            -1.185913, 
            -0.198834, 
            0.029259, 
            0.067917, 
            0.7211236582331058, 
            2.9559, 
            -1.301353, 
            2.260617, 
            1.910449, 
            -0.22660548125923863
        ], 
        [
            2.73299, 
            -2.086786, 
            -1.587874, 
            7.563823, 
            6.763862, 
            -2.556934, 
            -0.138798, 
            -1.048139, 
            -0.608979, 
            -2.302771
        ]
    ], 
    "nodes" : [
        [
            -0.09782287317280722, 
            0.7466538445707529, 
            -0.8708165507140242, 
            -0.8099966356601835, 
            1.0
        ], 
        [
            0.9999996471681097, 
            0.30538529849628565, 
            0.2548144442298421, 
            0.9984861343929698, 
            0.7615941559557649
        ], 
        [
            0.9976338283015567, 
            -0.9968676628983633
        ]
    ], 
    "pre activation nodes" : [
        [
            0.0, 
            0.0, 
            0.0, 
            0.0, 
            0.0
        ], 
        [
            7.775210564597272, 
            0.31544810927965194, 
            0.2605548659580541, 
            3.5927394279339775, 
            1.0
        ], 
        [
            3.369222670645568, 
            -3.228777829750593
        ]
    ], 
    "average nodes" : [
        [
            0.0, 
            0.0, 
            0.0, 
            0.0, 
            0.0
        ], 
        [
            0.0, 
            0.0, 
            0.0, 
            0.0, 
            0.0
        ], 
        [
            0.0, 
            0.0
        ]
    ], 
    "input width" : 4, 
    "output width" : 2, 
    "hidden width" : 5, 
    "hidden length" : 1, 
    "hidden layer details" : {
        "items" : 3, 
        "0" : "is shallow", 
        "1" : "probabilities", 
        "2" : "width", 
        "is shallow" : true, 
        "probabilities" : {
            "2" : 0.85, 
            "3" : 0.12, 
            "1" : 0.03
        }, 
        "width" : {
            "no change" : 0.6, 
            "decrease" : 0.35, 
            "increase" : 0.05
        }
    }, 
    "weight range" : 1.0, 
    "activation function" : 2, 
    "learning rate" : 0.05, 
    "momentum active" : true, 
    "momentum" : 0.001, 
    "accuracy requirement" : 0.985, 
    "epochs" : 10, 
    "batch size" : 40, 
    "accuracy sample size" : 150, 
    "fitness sample size" : 15, 
    "allow testing" : false, 
    "show output" : true, 
    "use bias" : true, 
    "clear bias" : false, 
    "bias value" : 1.0, 
    "child" : null
}