{
    "child iterations" : 15, 
    "is fertile" : false, 
    "is classifier" : false, 
    "is child" : false, 
    "weights" : [
        [
            1.558692, 
            -9.874735, 
            -14.974002, 
            0.3682703020717517, 
            -0.285814, 
            -8.803828, 
            -13.44374, 
            0.24352685656472284, 
            -1.275894, 
            -8.225533, 
            -15.593131, 
            -0.432343368781652, 
            -0.384191, 
            0.395138, 
            0.244959, 
            -0.4526471675860928, 
            -4.606524, 
            -1.763645, 
            -4.627356, 
            -0.3640325422877213
        ], 
        [
            2.882604, 
            1.911891, 
            2.737251, 
            -0.4771894385859681, 
            6.6522, 
            1.353172, 
            -3.454207, 
            0.058158247429231924, 
            4.048636, 
            -5.198757, 
            2.038836, 
            0.750206205787505, 
            -0.750106, 
            2.969792, 
            -0.377804, 
            -0.9145726846300601
        ], 
        [
            -1.978776, 
            6.198412, 
            3.003668, 
            0.17239273560254964, 
            -2.952753, 
            0.842156, 
            -4.859878, 
            0.7866158212809804, 
            3.068318, 
            -0.144348, 
            2.164774, 
            0.3142115741600111, 
            -0.464588, 
            -0.02342, 
            -0.817815, 
            -0.6721910975779792
        ], 
        [
            1.102217, 
            -1.661635, 
            -5.127854, 
            4.973936, 
            -4.728322, 
            4.480365, 
            2.409187, 
            -3.161234
        ]
    ], 
    "momentum weights" : [
        [
            1.558692, 
            -9.874735, 
            -14.974002, 
            0.3682703020717517, 
            -0.285814, 
            -8.803828, 
            -13.44374, 
            0.24352685656472284, 
            -1.275894, 
            -8.225533, 
            -15.593131, 
            -0.432343368781652, 
            -0.384191, 
            0.395138, 
            0.244959, 
            -0.4526471675860928, 
            -4.606524, 
            -1.763645, 
            -4.627356, 
            -0.3640325422877213
        ], 
        [
            2.882604, 
            1.911891, 
            2.737251, 
            -0.4771894385859681, 
            6.6522, 
            1.353172, 
            -3.454207, 
            0.058158247429231924, 
            4.048636, 
            -5.198757, 
            2.038836, 
            0.750206205787505, 
            -0.750106, 
            2.969792, 
            -0.377804, 
            -0.9145726846300601
        ], 
        [
            -1.978776, 
            6.198412, 
            3.003668, 
            0.17239273560254964, 
            -2.952753, 
            0.842156, 
            -4.859878, 
            0.7866158212809804, 
            3.068318, 
            -0.144348, 
            2.164774, 
            0.3142115741600111, 
            -0.464588, 
            -0.02342, 
            -0.817815, 
            -0.6721910975779792
        ], 
        [
            1.102217, 
            -1.661635, 
            -5.127854, 
            4.973936, 
            -4.728322, 
            4.480365, 
            2.409187, 
            -3.161234
        ]
    ], 
    "nodes" : [
        [
            0.18280221246277106, 
            0.6992669702559804, 
            -0.7238331143515627, 
            0.34955490693508634, 
            1.0
        ], 
        [
            -0.9988544297137321, 
            -0.9986030575839439, 
            -0.9999586224124218, 
            0.7615941559557649
        ], 
        [
            -0.9999999999989589, 
            0.999549768749563, 
            -0.9233399016113547, 
            0.7615941559557649
        ], 
        [
            -0.9995125133444104, 
            -0.9999439496244912, 
            -0.999999998431113, 
            0.7615941559557649
        ], 
        [
            0.999999998730847, 
            -0.9999999972410122
        ]
    ], 
    "pre activation nodes" : [
        [
            0.0, 
            0.0, 
            0.0, 
            0.0, 
            0.0
        ], 
        [
            -3.7322134653365464, 
            -3.6329589422902586, 
            -5.392948839061281, 
            1.0
        ], 
        [
            -14.141953857327128, 
            4.19933562846432, 
            -1.6112185712420455, 
            1.0
        ], 
        [
            -4.159575524286164, 
            -5.241189431957179, 
            -10.483023267871744, 
            1.0
        ], 
        [
            10.589031630323209, 
            -10.200774566887883
        ]
    ], 
    "average nodes" : [
        [
            0.0, 
            0.0, 
            0.0, 
            0.0, 
            0.0
        ], 
        [
            0.0, 
            0.0, 
            0.0, 
            0.0
        ], 
        [
            0.0, 
            0.0, 
            0.0, 
            0.0
        ], 
        [
            0.0, 
            0.0, 
            0.0, 
            0.0
        ], 
        [
            0.0, 
            0.0
        ]
    ], 
    "input width" : 4, 
    "output width" : 2, 
    "hidden width" : 4, 
    "hidden length" : 3, 
    "hidden layer details" : {
        "items" : 3, 
        "0" : "is shallow", 
        "1" : "probabilities", 
        "2" : "width", 
        "is shallow" : true, 
        "probabilities" : {
            "2" : 0.85, 
            "3" : 0.12, 
            "1" : 0.03
        }, 
        "width" : {
            "no change" : 0.6, 
            "decrease" : 0.35, 
            "increase" : 0.05
        }
    }, 
    "weight range" : 1.0, 
    "activation function" : 2, 
    "learning rate" : 0.05, 
    "momentum active" : true, 
    "momentum" : 0.001, 
    "accuracy requirement" : 0.985, 
    "epochs" : 10, 
    "batch size" : 40, 
    "accuracy sample size" : 150, 
    "fitness sample size" : 15, 
    "allow testing" : false, 
    "show output" : true, 
    "use bias" : true, 
    "clear bias" : false, 
    "bias value" : 1.0, 
    "child" : null
}