{
    "child iterations" : 15, 
    "is fertile" : false, 
    "is classifier" : false, 
    "is child" : false, 
    "weights" : [
        [
            -2.953613, 
            -2.072316, 
            -0.486868, 
            1.897462, 
            -5.470971, 
            -2.534356, 
            1.273461, 
            -0.05177127257993819, 
            -3.009968, 
            -3.172607, 
            -1.474035, 
            3.343647, 
            -5.899952, 
            -0.645848, 
            -2.969442, 
            -0.8494489780455041, 
            -3.311526, 
            0.559089, 
            -0.375852, 
            0.613567, 
            -5.766168, 
            -7.232035, 
            -0.286083, 
            -0.7704469279864636, 
            -2.83271, 
            -3.131617, 
            3.14351, 
            0.227344, 
            -0.019457, 
            3.806856, 
            1.810909, 
            0.16610812070573622, 
            -1.430764, 
            -0.491038, 
            -2.270403, 
            -1.729969, 
            -1.870004, 
            -4.995236, 
            2.627527, 
            -0.4518321910540495
        ], 
        [
            -1.943325, 
            -0.349414, 
            -3.999619, 
            1.055272, 
            -0.10198, 
            1.106795, 
            -0.770121, 
            0.46906645751835185, 
            -1.164442, 
            -0.109867, 
            -0.248851, 
            -1.290612, 
            1.718527, 
            1.481991, 
            -1.922516, 
            -0.9752646394153643, 
            -0.385115, 
            -0.244635, 
            0.591286, 
            -0.327497, 
            3.185604, 
            1.511493, 
            -1.454269, 
            -0.6368015608020501, 
            0.464846, 
            -1.842382, 
            0.740962, 
            -1.167654, 
            -0.764879, 
            1.483994, 
            -1.551125, 
            0.6625115384574924, 
            -3.635195, 
            -1.698809, 
            -0.114193, 
            1.344591, 
            2.714322, 
            -1.500671, 
            3.288457, 
            -0.9432425520093284, 
            -3.983348, 
            2.094763, 
            1.247511, 
            0.744597, 
            -1.676632, 
            -2.60568, 
            0.099886, 
            0.3425923081452036, 
            -2.128112, 
            2.61532, 
            -0.314269, 
            -0.578086, 
            -3.519237, 
            2.17984, 
            -0.80376, 
            0.3387350470141093, 
            -0.854115, 
            1.715403, 
            2.555486, 
            2.199257, 
            0.568704, 
            -1.593902, 
            -1.17794, 
            -0.8053654832334383
        ], 
        [
            4.669178, 
            -6.514945, 
            -3.333352, 
            2.609276, 
            -0.68422, 
            -2.937884, 
            0.636471, 
            -0.823376, 
            -3.702693, 
            3.045167, 
            -1.121369, 
            -1.455588, 
            -3.165635, 
            -0.10192, 
            2.368994, 
            -0.222354
        ]
    ], 
    "momentum weights" : [
        [
            -2.953613, 
            -2.072316, 
            -0.486868, 
            1.897462, 
            -5.470971, 
            -2.534356, 
            1.273461, 
            -0.05177127257993819, 
            -3.009968, 
            -3.172607, 
            -1.474035, 
            3.343647, 
            -5.899952, 
            -0.645848, 
            -2.969442, 
            -0.8494489780455041, 
            -3.311526, 
            0.559089, 
            -0.375852, 
            0.613567, 
            -5.766168, 
            -7.232035, 
            -0.286083, 
            -0.7704469279864636, 
            -2.83271, 
            -3.131617, 
            3.14351, 
            0.227344, 
            -0.019457, 
            3.806856, 
            1.810909, 
            0.16610812070573622, 
            -1.430764, 
            -0.491038, 
            -2.270403, 
            -1.729969, 
            -1.870004, 
            -4.995236, 
            2.627527, 
            -0.4518321910540495
        ], 
        [
            -1.943325, 
            -0.349414, 
            -3.999619, 
            1.055272, 
            -0.10198, 
            1.106795, 
            -0.770121, 
            0.46906645751835185, 
            -1.164442, 
            -0.109867, 
            -0.248851, 
            -1.290612, 
            1.718527, 
            1.481991, 
            -1.922516, 
            -0.9752646394153643, 
            -0.385115, 
            -0.244635, 
            0.591286, 
            -0.327497, 
            3.185604, 
            1.511493, 
            -1.454269, 
            -0.6368015608020501, 
            0.464846, 
            -1.842382, 
            0.740962, 
            -1.167654, 
            -0.764879, 
            1.483994, 
            -1.551125, 
            0.6625115384574924, 
            -3.635195, 
            -1.698809, 
            -0.114193, 
            1.344591, 
            2.714322, 
            -1.500671, 
            3.288457, 
            -0.9432425520093284, 
            -3.983348, 
            2.094763, 
            1.247511, 
            0.744597, 
            -1.676632, 
            -2.60568, 
            0.099886, 
            0.3425923081452036, 
            -2.128112, 
            2.61532, 
            -0.314269, 
            -0.578086, 
            -3.519237, 
            2.17984, 
            -0.80376, 
            0.3387350470141093, 
            -0.854115, 
            1.715403, 
            2.555486, 
            2.199257, 
            0.568704, 
            -1.593902, 
            -1.17794, 
            -0.8053654832334383
        ], 
        [
            4.669178, 
            -6.514945, 
            -3.333352, 
            2.609276, 
            -0.68422, 
            -2.937884, 
            0.636471, 
            -0.823376, 
            -3.702693, 
            3.045167, 
            -1.121369, 
            -1.455588, 
            -3.165635, 
            -0.10192, 
            2.368994, 
            -0.222354
        ]
    ], 
    "nodes" : [
        [
            0.10851884703863156, 
            0.31242633219456156, 
            -0.9300148620414844, 
            -0.18166525728106797, 
            1.0
        ], 
        [
            0.7176068279325125, 
            -0.9299722130996678, 
            -0.9951066059362575, 
            -0.7973674957361482, 
            0.7853378476115812, 
            0.5096710220431532, 
            0.9441626515925302, 
            0.7615941559557649
        ], 
        [
            -0.999999692453522, 
            0.9999215618690163, 
            -0.9249540995533397, 
            0.9999808831588253, 
            -0.9999832112873822, 
            -0.9998963324346103, 
            0.9998883637534725, 
            0.7615941559557649
        ], 
        [
            -0.9971158940386133, 
            0.9999999777542502
        ]
    ], 
    "pre activation nodes" : [
        [
            0.0, 
            0.0, 
            0.0, 
            0.0, 
            0.0
        ], 
        [
            0.902693447368129, 
            -1.6581843827176455, 
            -3.005283309584009, 
            -1.0913421782065496, 
            1.0591487693531831, 
            0.5622852452315774, 
            1.7750718391239921, 
            1.0
        ], 
        [
            -7.8438933200855425, 
            5.073154172490945, 
            -1.6222787348786085, 
            5.779039248304047, 
            -5.8439712757592535, 
            -4.933708305285373, 
            4.896678065977849, 
            1.0
        ], 
        [
            -3.2701222029678694, 
            9.15713101796166
        ]
    ],