{
    "child iterations" : 15, 
    "is fertile" : false, 
    "is classifier" : false, 
    "is child" : false, 
    "weights" : [
        [
            4.664465, 
            3.584048, 
            3.406074, 
            1.799044, 
            0.25462151682037826, 
            3.96803, 
            0.428195, 
            4.021734, 
            3.489187, 
            0.9245065326936253, 
            2.463201, 
            1.23842, 
            6.847803, 
            0.121108, 
            0.7577871938731684, 
            -0.258493, 
            -2.781126, 
            1.299177, 
            -1.686098, 
            -0.7088354976559463, 
            1.484991, 
            -0.336444, 
            2.73284, 
            -1.391339, 
            0.08860103273081776
        ], 
        [
            -2.798907, 
            -0.006278, 
            3.106587, 
            2.961096, 
            -0.5281865370832473, 
            -1.504713, 
            1.826385, 
            0.303793, 
            1.602023, 
            0.2251605628340827, 
            -4.671581, 
            -2.459244, 
            -1.094671, 
            1.342586, 
            0.7481447998880171, 
            -1.540637, 
            -0.432799, 
            1.930465, 
            1.827728, 
            0.5890069165369003, 
            1.231938, 
            5.007793, 
            -3.490616, 
            2.873628, 
            0.2523282570534666
        ], 
        [
            -5.070105, 
            2.718326, 
            1.49064, 
            2.718841, 
            -0.1083, 
            0.755594, 
            1.468023, 
            -4.177016, 
            0.486379, 
            0.141031
        ]
    ], 
    "momentum weights" : [
        [
            4.664465, 
            3.584048, 
            3.406074, 
            1.799044, 
            0.25462151682037826, 
            3.96803, 
            0.428195, 
            4.021734, 
            3.489187, 
            0.9245065326936253, 
            2.463201, 
            1.23842, 
            6.847803, 
            0.121108, 
            0.7577871938731684, 
            -0.258493, 
            -2.781126, 
            1.299177, 
            -1.686098, 
            -0.7088354976559463, 
            1.484991, 
            -0.336444, 
            2.73284, 
            -1.391339, 
            0.08860103273081776
        ], 
        [
            -2.798907, 
            -0.006278, 
            3.106587, 
            2.961096, 
            -0.5281865370832473, 
            -1.504713, 
            1.826385, 
            0.303793, 
            1.602023, 
            0.2251605628340827, 
            -4.671581, 
            -2.459244, 
            -1.094671, 
            1.342586, 
            0.7481447998880171, 
            -1.540637, 
            -0.432799, 
            1.930465, 
            1.827728, 
            0.5890069165369003, 
            1.231938, 
            5.007793, 
            -3.490616, 
            2.873628, 
            0.2523282570534666
        ], 
        [
            -5.070105, 
            2.718326, 
            1.49064, 
            2.718841, 
            -0.1083, 
            0.755594, 
            1.468023, 
            -4.177016, 
            0.486379, 
            0.141031
        ]
    ], 
    "nodes" : [
        [
            0.7745999466355133, 
            0.32884559976351463, 
            -0.6787300493247463, 
            0.7382725478963782, 
            1.0
        ], 
        [
            0.9997723046758658, 
            -0.30335672347594506, 
            0.9951043404764627, 
            -0.17555763207596167, 
            0.7615941559557649
        ], 
        [
            -0.9999809887271778, 
            0.707599609801012, 
            -0.7905627300775475, 
            0.9999766075879335, 
            0.7615941559557649
        ], 
        [
            0.9999997958646785, 
            -0.9999639075395378
        ]
    ], 
    "pre activation nodes" : [
        [
            0.0, 
            0.0, 
            0.0, 
            0.0, 
            0.0
        ], 
        [
            4.540267723362696, 
            -0.31321241459575894, 
            3.005051313958155, 
            -0.17739532717961004, 
            1.0
        ], 
        [
            -5.781808061590681, 
            0.882359932015965, 
            -1.0729304784137634, 
            5.6781171715682355, 
            1.0
        ], 
        [
            8.048814900252458, 
            -5.4612778500339365
        ]
    ], 
    "average nodes" : [
        [
            0.0, 
            0.0, 
            0.0, 
            0.0, 
            0.0
        ], 
        [
            0.0, 
            0.0, 
            0.0, 
            0.0, 
            0.0
        ], 
        [
            0.0, 
            0.0, 
            0.0, 
            0.0, 
            0.0
        ], 
        [
            0.0, 
            0.0
        ]
    ], 
    "input width" : 4, 
    "output width" : 2, 
    "hidden width" : 4, 
    "hidden length" : 2, 
    "hidden layer details" : {
        "items" : 3, 
        "0" : "is shallow", 
        "1" : "probabilities", 
        "2" : "width", 
        "is shallow" : true, 
        "probabilities" : {
            "2" : 0.85, 
            "3" : 0.12, 
            "1" : 0.03
        }, 
        "width" : {
            "no change" : 0.6, 
            "decrease" : 0.35, 
            "increase" : 0.05
        }
    }, 
    "weight range" : 1.0, 
    "activation function" : 2, 
    "learning rate" : 0.05, 
    "momentum active" : true, 
    "momentum" : 0.001, 
    "accuracy requirement" : 0.985, 
    "epochs" : 10, 
    "batch size" : 40, 
    "accuracy sample size" : 150, 
    "fitness sample size" : 15, 
    "allow testing" : false, 
    "show output" : true, 
    "use bias" : true, 
    "clear bias" : false, 
    "bias value" : 1.0, 
    "child" : null
}