{
    "child iterations" : 15, 
    "is fertile" : false, 
    "is classifier" : false, 
    "is child" : false, 
    "weights" : [
        [
            -2.033871, 
            2.307106, 
            -2.865294, 
            3.646761, 
            2.21607, 
            -2.733023, 
            -3.895736, 
            0.3828643895274044, 
            -1.74602, 
            2.522511, 
            -2.608601, 
            1.702735, 
            -0.761892, 
            -6.662329, 
            -3.939262, 
            0.9070952142055821, 
            1.934382, 
            0.049726, 
            2.341565, 
            0.280065, 
            4.541201, 
            -3.188279, 
            -2.857034, 
            -0.5758002918835101, 
            -2.847983, 
            0.761017, 
            3.572518, 
            1.943305, 
            -0.491813, 
            -0.127095, 
            0.153696, 
            0.3849847695954747, 
            0.32767, 
            1.455833, 
            -2.454162, 
            1.929472, 
            2.413212, 
            0.592405, 
            -0.548969, 
            0.4744805653512991
        ], 
        [
            2.257343, 
            -0.053178, 
            -1.551199, 
            -0.420565, 
            -1.803054, 
            0.046338, 
            -0.4874994194266422, 
            1.656131, 
            0.088254, 
            -2.325371, 
            -0.798876, 
            0.612387, 
            -1.256665, 
            -0.17650163032740296, 
            2.455655, 
            1.007922, 
            1.056431, 
            0.820928, 
            -0.145265, 
            -3.295182, 
            0.9781496803352581, 
            -0.897386, 
            2.006449, 
            -3.595995, 
            -2.089267, 
            1.901144, 
            -1.865879, 
            -0.14193397714140388, 
            -2.074233, 
            0.046168, 
            0.105696, 
            -4.145578, 
            -1.062114, 
            1.584518, 
            0.42646936875273944, 
            -1.067555, 
            -1.911368, 
            0.211161, 
            3.327699, 
            0.807979, 
            -3.054606, 
            -0.7314975040114335, 
            -0.431403, 
            -1.70558, 
            3.307038, 
            1.951097, 
            -0.799657, 
            -0.443103, 
            0.9700519310171702, 
            -0.004871, 
            2.946685, 
            1.761441, 
            -0.10084, 
            1.292936, 
            0.996124, 
            -0.5366200598910991
        ], 
        [
            1.948398, 
            1.564061, 
            2.070814, 
            0.97138, 
            -3.869701, 
            4.046821, 
            -3.267616, 
            4.398825, 
            1.622751, 
            2.326218, 
            1.641115, 
            -3.445626, 
            -2.540274, 
            -2.091899
        ]
    ], 
    "momentum weights" : [
        [
            -2.033871, 
            2.307106, 
            -2.865294, 
            3.646761, 
            2.21607, 
            -2.733023, 
            -3.895736, 
            0.3828643895274044, 
            -1.74602, 
            2.522511, 
            -2.608601, 
            1.702735, 
            -0.761892, 
            -6.662329, 
            -3.939262, 
            0.9070952142055821, 
            1.934382, 
            0.049726, 
            2.341565, 
            0.280065, 
            4.541201, 
            -3.188279, 
            -2.857034, 
            -0.5758002918835101, 
            -2.847983, 
            0.761017, 
            3.572518, 
            1.943305, 
            -0.491813, 
            -0.127095, 
            0.153696, 
            0.3849847695954747, 
            0.32767, 
            1.455833, 
            -2.454162, 
            1.929472, 
            2.413212, 
            0.592405, 
            -0.548969, 
            0.4744805653512991
        ], 
        [
            2.257343, 
            -0.053178, 
            -1.551199, 
            -0.420565, 
            -1.803054, 
            0.046338, 
            -0.4874994194266422, 
            1.656131, 
            0.088254, 
            -2.325371, 
            -0.798876, 
            0.612387, 
            -1.256665, 
            -0.17650163032740296, 
            2.455655, 
            1.007922, 
            1.056431, 
            0.820928, 
            -0.145265, 
            -3.295182, 
            0.9781496803352581, 
            -0.897386, 
            2.006449, 
            -3.595995, 
            -2.089267, 
            1.901144, 
            -1.865879, 
            -0.14193397714140388, 
            -2.074233, 
            0.046168, 
            0.105696, 
            -4.145578, 
            -1.062114, 
            1.584518, 
            0.42646936875273944, 
            -1.067555, 
            -1.911368, 
            0.211161, 
            3.327699, 
            0.807979, 
            -3.054606, 
            -0.7314975040114335, 
            -0.431403, 
            -1.70558, 
            3.307038, 
            1.951097, 
            -0.799657, 
            -0.443103, 
            0.9700519310171702, 
            -0.004871, 
            2.946685, 
            1.761441, 
            -0.10084, 
            1.292936, 
            0.996124, 
            -0.5366200598910991
        ], 
        [
            1.948398, 
            1.564061, 
            2.070814, 
            0.97138, 
            -3.869701, 
            4.046821, 
            -3.267616, 
            4.398825, 
            1.622751, 
            2.326218, 
            1.641115, 
            -3.445626, 
            -2.540274, 
            -2.091899
        ]
    ], 
    "nodes" : [
        [
            0.279810195501518, 
            0.5072423638057678, 
            -0.5476923342020806, 
            0.563554925120707, 
            1.0
        ], 
        [
            -0.9989825035033769, 
            0.998964084825747, 
            -0.9990915658331947, 
            0.9998518981940792, 
            -0.11697951824190247, 
            -0.9542394727842191, 
            -0.9630108074959948, 
            0.7615941559557649
        ], 
        [
            -0.979219694952517, 
            0.9999977352860382, 
            -0.9999993649414785, 
            -0.9999997427858013, 
            0.999970784884769, 
            0.9993805481469232, 
            0.7615941559557649
        ], 
        [
            0.9999999359478229, 
            -0.9999999998668493
        ]
    ], 
    "pre activation nodes" : [
        [
            0.0, 
            0.0, 
            0.0, 
            0.0, 
            0.0
        ], 
        [
            -3.7915241933155506, 
            3.7825495527088293, 
            -3.8482404983289333, 
            4.755341884875515, 
            -0.11751753325886805, 
            -1.877167255962604, 
            -1.9858044621864785, 
            1.0
        ], 
        [
            -2.2782261435660325, 
            6.845604070685367, 
            -7.481347772686288, 
            -7.933251846613853, 
            5.566978455308913, 
            4.03975649278907, 
            1.0
        ], 
        [
            8.628357483517007, 
            -11.71634344836249
        ]
    ], 
    "average nodes" : [
        [
            0.0, 
            0.0, 
            0.0, 
            0.0, 
            0.0
        ], 
        [
            0.0, 
            0.0, 
            0.0, 
            0.0, 
            0.0, 
            0.0, 
            0.0, 
            0.0
        ], 
        [
            0.0, 
            0.0, 
            0.0, 
            0.0, 
            0.0, 
            0.0, 
            0.0
        ], 
        [
            0.0, 
            0.0
        ]
    ], 
    "input width" : 4, 
    "output width" : 2, 
    "hidden width" : 7, 
    "hidden length" : 2, 
    "hidden layer details" : {
        "items" : 3, 
        "0" : "is shallow", 
        "1" : "probabilities",