{
    "child iterations" : 15, 
    "is fertile" : false, 
    "is classifier" : false, 
    "is child" : false, 
    "weights" : [
        [
            3.612871, 
            2.527503, 
            4.457471, 
            1.733957, 
            -0.553563, 
            0.750519, 
            0.4896157258746716, 
            1.786893, 
            4.923791, 
            1.899617, 
            2.31995, 
            -1.367731, 
            1.134409, 
            0.5467803691766739, 
            0.60749, 
            3.616324, 
            6.426249, 
            0.886002, 
            0.124123, 
            -2.607004, 
            0.0971059775109151, 
            -0.76521, 
            0.000279, 
            -0.635435, 
            -0.70281, 
            0.311758, 
            -1.663633, 
            0.7571946613698113, 
            1.832463, 
            0.538228, 
            3.036644, 
            1.569008, 
            -2.328372, 
            1.430678, 
            0.708359356624713
        ], 
        [
            2.10779, 
            -0.828014, 
            2.552357, 
            1.684604, 
            2.218306, 
            1.945194, 
            -0.3345715173239474, 
            2.327008, 
            -1.123178, 
            3.131105, 
            1.617453, 
            -2.888503, 
            -1.730989, 
            -0.2411693504571948, 
            3.501146, 
            0.059218, 
            2.76841, 
            -2.522281, 
            -1.177521, 
            -0.027352, 
            0.21529080194116723, 
            2.811195, 
            3.594655, 
            -0.844536, 
            -1.874224, 
            2.856039, 
            0.009789, 
            -0.24641794921499538, 
            0.902716, 
            -3.161598, 
            0.204413, 
            2.02466, 
            -0.652817, 
            1.26258, 
            -0.453496339295429, 
            -0.322122, 
            -3.128651, 
            2.610283, 
            -2.562016, 
            -3.294199, 
            0.079831, 
            0.8223761309729642, 
            -0.406512, 
            -1.440031, 
            -0.731949, 
            0.761016, 
            -0.139157, 
            2.482872, 
            0.1026722981273338
        ], 
        [
            4.531174, 
            -1.85723, 
            0.193242, 
            -0.510423, 
            1.209828, 
            -3.304371, 
            -3.003138, 
            -1.647153, 
            -0.890176, 
            1.09692, 
            -3.406016, 
            -1.727333, 
            3.258245, 
            -0.1207
        ]
    ], 
    "momentum weights" : [
        [
            3.612871, 
            2.527503, 
            4.457471, 
            1.733957, 
            -0.553563, 
            0.750519, 
            0.4896157258746716, 
            1.786893, 
            4.923791, 
            1.899617, 
            2.31995, 
            -1.367731, 
            1.134409, 
            0.5467803691766739, 
            0.60749, 
            3.616324, 
            6.426249, 
            0.886002, 
            0.124123, 
            -2.607004, 
            0.0971059775109151, 
            -0.76521, 
            0.000279, 
            -0.635435, 
            -0.70281, 
            0.311758, 
            -1.663633, 
            0.7571946613698113, 
            1.832463, 
            0.538228, 
            3.036644, 
            1.569008, 
            -2.328372, 
            1.430678, 
            0.708359356624713
        ], 
        [
            2.10779, 
            -0.828014, 
            2.552357, 
            1.684604, 
            2.218306, 
            1.945194, 
            -0.3345715173239474, 
            2.327008, 
            -1.123178, 
            3.131105, 
            1.617453, 
            -2.888503, 
            -1.730989, 
            -0.2411693504571948, 
            3.501146, 
            0.059218, 
            2.76841, 
            -2.522281, 
            -1.177521, 
            -0.027352, 
            0.21529080194116723, 
            2.811195, 
            3.594655, 
            -0.844536, 
            -1.874224, 
            2.856039, 
            0.009789, 
            -0.24641794921499538, 
            0.902716, 
            -3.161598, 
            0.204413, 
            2.02466, 
            -0.652817, 
            1.26258, 
            -0.453496339295429, 
            -0.322122, 
            -3.128651, 
            2.610283, 
            -2.562016, 
            -3.294199, 
            0.079831, 
            0.8223761309729642, 
            -0.406512, 
            -1.440031, 
            -0.731949, 
            0.761016, 
            -0.139157, 
            2.482872, 
            0.1026722981273338
        ], 
        [
            4.531174, 
            -1.85723, 
            0.193242, 
            -0.510423, 
            1.209828, 
            -3.304371, 
            -3.003138, 
            -1.647153, 
            -0.890176, 
            1.09692, 
            -3.406016, 
            -1.727333, 
            3.258245, 
            -0.1207
        ]
    ], 
    "nodes" : [
        [
            -0.2818870836308043, 
            -0.08261645593776543, 
            -0.43954164602494233, 
            0.635512879965811, 
            1.0
        ], 
        [
            -0.08668529015177488, 
            -0.974281585758348, 
            -0.9224520742123605, 
            0.05243415400666341, 
            -0.9575668346265653, 
            0.8378819550945148, 
            0.7615941559557649
        ], 
        [
            -0.9999982552418835, 
            0.543568773320397, 
            -0.9997194686534728, 
            -0.9950478819120766, 
            0.9241682953664031, 
            0.9797954388899505, 
            0.7615941559557649
        ], 
        [
            -0.999650338940232, 
            0.9999798046712621
        ]
    ], 
    "pre activation nodes" : [
        [
            0.0, 
            0.0, 
            0.0, 
            0.0, 
            0.0
        ], 
        [
            -0.08690340194663948, 
            -2.1703763071623676, 
            -1.6052303148452296, 
            0.052482286545800116, 
            -1.9157636557250377, 
            1.2140221670340345, 
            1.0
        ], 
        [
            -6.976020467640517, 
            0.6092071822468716, 
            -4.435915995984428, 
            -2.999303974192613, 
            1.616866313435651, 
            2.2924202141067362, 
            1.0
        ], 
        [
            -4.3257593040460165, 
            5.751598156872793
        ]
    ], 
    "average nodes" : [
        [
            0.0, 
            0.0, 
            0.0, 
            0.0, 
            0.0
        ], 
        [
            0.0, 
            0.0, 
            0.0, 
            0.0, 
            0.0, 
            0.0, 
            0.0
        ], 
        [
            0.0, 
            0.0, 
            0.0, 
            0.0, 
            0.0, 
            0.0, 
            0.0
        ], 
        [
            0.0, 
            0.0
        ]
    ], 
    "input width" : 4, 
    "output width" : 2, 
    "hidden width" : 7, 
    "hidden length" : 2, 
    "hidden layer details" : {
        "items" : 3, 
        "0" : "is shallow", 
        "1" : "probabilities", 
        "2" : "width", 
        "is shallow" : true, 
        "probabilities" : {
            "2" : 0.85, 
            "3" : 0.12, 
            "1" : 0.03
        }, 
        "width" : {
            "no change" : 0.6, 
            "decrease" : 0.35, 
            "increase" : 0.05
        }
    }, 
    "weight range" : 1.0, 
    "activation function" : 2, 
    "learning rate" : 0.05, 
    "momentum active" : true, 
    "momentum" : 0.001, 
    "accuracy requirement" : 0.985, 
    "epochs" : 10, 
    "batch size" : 40, 
    "accuracy sample size" : 150, 
    "fitness sample size" : 15, 
    "allow testing" : false, 
    "show output" : true, 
    "use bias" : true, 
    "clear bias" : false,