{
    "child iterations" : 15, 
    "is fertile" : false, 
    "is classifier" : false, 
    "is child" : false, 
    "weights" : [
        [
            -29.246648, 
            1.411983, 
            0.637861, 
            0.454743, 
            -18.930038, 
            39.921152, 
            20.053345, 
            -2.20117, 
            -27.887805, 
            -23.89129, 
            23.794904, 
            12.159175, 
            -12.432938, 
            25.983085, 
            18.277881, 
            -1.842417, 
            -22.566313, 
            -2.765727, 
            -24.254196, 
            -15.105993, 
            -4.939048, 
            33.60033, 
            35.794186, 
            -10.350752, 
            5.474195, 
            5.248696, 
            -28.687886, 
            -5.77497, 
            1.249307, 
            -0.608001, 
            -2.973243, 
            10.843487, 
            -10.992121, 
            5.799995, 
            -3.166993, 
            1.563085, 
            -3.862452, 
            11.192741, 
            18.878156, 
            9.266217
        ], 
        [
            -27.557959, 
            -6.637428, 
            29.408909, 
            26.324132, 
            -0.027017, 
            9.01354, 
            -24.519177, 
            -26.787432, 
            -26.391602, 
            -10.815865, 
            -11.381158, 
            3.792209, 
            19.99721, 
            3.933739, 
            26.046203, 
            14.039432, 
            -13.52763, 
            -21.615265, 
            -15.311801, 
            23.055442, 
            5.040562, 
            10.346324, 
            11.485412, 
            -8.139334, 
            -20.568915, 
            3.723783, 
            28.491682, 
            25.996056, 
            1.556035, 
            -23.316226, 
            1.452024, 
            -19.807468, 
            -27.866196, 
            -22.008354, 
            -7.577389, 
            -21.959439, 
            -19.644905, 
            -6.033756, 
            9.409289, 
            9.744802, 
            -11.279672, 
            15.51885, 
            -19.114467, 
            -21.279822, 
            6.581404, 
            -37.71201, 
            -7.03852, 
            11.830199, 
            25.628022, 
            -2.897649, 
            5.803182, 
            9.820204, 
            -26.511218, 
            -34.602385, 
            19.444977, 
            17.391997, 
            -7.148651, 
            -10.612152, 
            -11.513332, 
            20.303125, 
            15.970291, 
            13.115273, 
            -0.183469, 
            -7.81541
        ], 
        [
            31.653455, 
            -6.323891, 
            8.64728, 
            -12.126576, 
            4.85102, 
            26.953691, 
            8.213304, 
            3.017616, 
            16.321868, 
            14.182686, 
            -26.817368, 
            26.980934, 
            22.277899, 
            13.319786, 
            -24.054755, 
            -25.919112
        ]
    ], 
    "momentum weights" : [
        [
            -29.246648, 
            1.411983, 
            0.637861, 
            0.454743, 
            -18.930038, 
            39.921152, 
            20.053345, 
            -2.20117, 
            -27.887805, 
            -23.89129, 
            23.794904, 
            12.159175, 
            -12.432938, 
            25.983085, 
            18.277881, 
            -1.842417, 
            -22.566313, 
            -2.765727, 
            -24.254196, 
            -15.105993, 
            -4.939048, 
            33.60033, 
            35.794186, 
            -10.350752, 
            5.474195, 
            5.248696, 
            -28.687886, 
            -5.77497, 
            1.249307, 
            -0.608001, 
            -2.973243, 
            10.843487, 
            -10.992121, 
            5.799995, 
            -3.166993, 
            1.563085, 
            -3.862452, 
            11.192741, 
            18.878156, 
            9.266217
        ], 
        [
            -27.557959, 
            -6.637428, 
            29.408909, 
            26.324132, 
            -0.027017, 
            9.01354, 
            -24.519177, 
            -26.787432, 
            -26.391602, 
            -10.815865, 
            -11.381158, 
            3.792209, 
            19.99721, 
            3.933739, 
            26.046203, 
            14.039432, 
            -13.52763, 
            -21.615265, 
            -15.311801, 
            23.055442, 
            5.040562, 
            10.346324, 
            11.485412, 
            -8.139334, 
            -20.568915, 
            3.723783, 
            28.491682, 
            25.996056, 
            1.556035, 
            -23.316226, 
            1.452024, 
            -19.807468, 
            -27.866196, 
            -22.008354, 
            -7.577389, 
            -21.959439, 
            -19.644905, 
            -6.033756, 
            9.409289, 
            9.744802, 
            -11.279672, 
            15.51885, 
            -19.114467, 
            -21.279822, 
            6.581404, 
            -37.71201, 
            -7.03852, 
            11.830199, 
            25.628022, 
            -2.897649, 
            5.803182, 
            9.820204, 
            -26.511218, 
            -34.602385, 
            19.444977, 
            17.391997, 
            -7.148651, 
            -10.612152, 
            -11.513332, 
            20.303125, 
            15.970291, 
            13.115273, 
            -0.183469, 
            -7.81541
        ], 
        [
            31.653455, 
            -6.323891, 
            8.64728, 
            -12.126576, 
            4.85102, 
            26.953691, 
            8.213304, 
            3.017616, 
            16.321868, 
            14.182686, 
            -26.817368, 
            26.980934, 
            22.277899, 
            13.319786, 
            -24.054755, 
            -25.919112
        ]
    ], 
    "nodes" : [
        [
            0.3619338136137132, 
            0.7311625574842748, 
            -0.8337519116031619, 
            -0.055147894559771635, 
            1.0
        ], 
        [
            -1.0, 
            -0.9999999770203355, 
            1.0, 
            1.0, 
            -0.9999999999999587, 
            0.9999999999999932, 
            0.9999999941001015, 
            0.7615941559557649
        ], 
        [
            1.0, 
            1.0, 
            -1.0, 
            1.0, 
            -0.9043543581424957, 
            -1.0, 
            0.9999999999991906, 
            0.7615941559557649
        ], 
        [
            1.0, 
            -1.0
        ]
    ], 
    "pre activation nodes" : [
        [
            0.0, 
            0.0, 
            0.0, 
            0.0, 
            0.0
        ], 
        [
            -23.45517439955497, 
            -9.140901666412567, 
            36.26587211968677, 
            23.531133335162824, 
            -15.755327529524944, 
            16.65860527418718, 
            9.820738938600165, 
            1.0
        ], 
        [
            56.6231904177587, 
            26.109212823235588, 
            -19.350252662552066, 
            44.897719376844115, 
            -1.4956240895452328, 
            -82.209304434889, 
            14.267849565611009, 
            1.0
        ], 
        [
            59.67757271020772, 
            -88.61370812104028
        ]
    ],