{
    "child iterations" : 15, 
    "is fertile" : false, 
    "is classifier" : false, 
    "is child" : false, 
    "weights" : [
        [
            -0.981455, 
            -0.997063, 
            -0.639071, 
            -0.577, 
            0.684021, 
            -0.495378, 
            0.075238, 
            0.371576, 
            -0.0473, 
            0.566565, 
            1.067243, 
            -0.8265765354871522, 
            0.476465, 
            -0.916426, 
            0.226244, 
            -0.110427, 
            -0.619933, 
            -0.335715, 
            0.34044, 
            -0.499962, 
            0.314906, 
            0.030349, 
            -0.343533, 
            -0.12359422889105498, 
            1.037986, 
            -0.860454, 
            -0.343476, 
            -0.183038, 
            -0.262813, 
            -0.25703, 
            -0.622172, 
            -0.861474, 
            -0.495802, 
            -0.963245, 
            -0.834926, 
            -0.0175858017267998, 
            -0.840225, 
            0.419132, 
            0.743293, 
            -1.052442, 
            0.835198, 
            -0.27996, 
            0.346776, 
            0.446817, 
            -0.084172, 
            -0.221879, 
            -0.327927, 
            0.05532408228772545, 
            -0.318863, 
            0.695122, 
            -0.555588, 
            -0.682152, 
            0.893077, 
            -0.058992, 
            0.520269, 
            0.568975, 
            0.187413, 
            0.978195, 
            -0.886271, 
            -0.23730972438651365, 
            -0.829218, 
            -0.461965, 
            -0.109662, 
            0.48169, 
            0.85613, 
            1.062191, 
            0.902059, 
            0.431045, 
            -0.926282, 
            -0.783818, 
            -0.625304, 
            -0.3978557298197336, 
            0.832932, 
            0.459036, 
            0.673556, 
            -0.602659, 
            0.319984, 
            0.468452, 
            0.36013, 
            0.13295, 
            -0.450126, 
            0.698633, 
            -0.431098, 
            0.9992401388201744, 
            -0.250177, 
            -0.139389, 
            0.465763, 
            -0.437182, 
            0.277392, 
            0.061897, 
            0.78162, 
            0.878369, 
            -0.478701, 
            -0.858464, 
            0.521808, 
            -0.8413855592138189, 
            0.382598, 
            -0.557963, 
            -0.219797, 
            0.209818, 
            -0.129429, 
            1.059655, 
            -0.000444, 
            -0.166729, 
            -0.020662, 
            1.000586, 
            0.657553, 
            -0.22906212878148358, 
            1.028651, 
            -0.896165, 
            0.780661, 
            -0.693968, 
            -0.969059, 
            0.531105, 
            0.345038, 
            0.489346, 
            -0.473246, 
            -0.90702, 
            0.170233, 
            0.025926558443312375, 
            0.934856, 
            1.076453, 
            -0.85327, 
            -0.783455, 
            0.363526, 
            0.436201, 
            -0.00086, 
            -0.676968, 
            0.074464, 
            0.242288, 
            -0.123132, 
            0.6859521939885123
        ], 
        [
            0.813247, 
            1.008619, 
            -0.986686, 
            -0.523075, 
            -0.59064, 
            0.073418, 
            -0.135007, 
            0.332301, 
            -0.060141, 
            -0.831716, 
            0.460443, 
            0.09069154994864226, 
            -0.113312, 
            0.197159, 
            -0.816875, 
            -0.44577, 
            -0.674255, 
            -0.066379, 
            -0.356738, 
            -0.339043, 
            -0.891403, 
            -0.852567, 
            0.729093, 
            -0.5586635084583798, 
            1.073907, 
            0.62176, 
            -0.377881, 
            -0.319478, 
            -0.90117, 
            -0.751666, 
            0.106891, 
            -0.843205, 
            0.641515, 
            0.444276, 
            0.576032, 
            -0.2676694038210665, 
            0.758247, 
            -0.294771, 
            1.040031, 
            -0.268422, 
            -0.583545, 
            -0.441654, 
            -0.651782, 
            -0.080969, 
            0.679275, 
            0.844021, 
            0.945819, 
            0.16140051298299052, 
            0.349097, 
            0.484758, 
            0.954863, 
            -0.589187, 
            0.173743, 
            -0.810548, 
            -0.150312, 
            -0.932038, 
            0.514427, 
            -0.550557, 
            -1.026861, 
            0.02787465446016535, 
            0.570975, 
            -0.584549, 
            0.125236, 
            -0.026089, 
            0.849361, 
            0.454269, 
            -0.033153, 
            -0.627746, 
            0.598675, 
            -0.509643, 
            -0.138165, 
            -0.16852250456565643, 
            -0.926893, 
            0.713363, 
            -0.981029, 
            0.256517, 
            0.09918, 
            0.632676, 
            -0.818308, 
            0.74019, 
            0.951926, 
            -0.28889, 
            -0.386752, 
            -0.6928665812225143, 
            0.13849, 
            0.728526, 
            -0.755251, 
            0.578786, 
            0.034337, 
            -0.250398, 
            0.934755, 
            -0.410727, 
            -0.407187, 
            0.94349, 
            0.299494, 
            -0.7137605617509495, 
            -0.135795, 
            1.010115, 
            -0.148877, 
            0.528054, 
            -0.888596, 
            -0.793522, 
            0.493333, 
            0.200562, 
            0.155333, 
            0.253329, 
            0.362317, 
            0.9092526344458882, 
            0.634341, 
            0.174097, 
            -0.780019, 
            0.030178, 
            -0.811422, 
            0.031612, 
            -0.88926, 
            0.664063, 
            0.352632, 
            -0.596274, 
            -0.297843, 
            -0.369992992349756, 
            -1.014415, 
            -0.032657, 
            0.50916, 
            -0.502914, 
            -0.768283, 
            0.890242, 
            -0.151533, 
            0.257524, 
            -0.020191, 
            -0.695074, 
            0.880924, 
            0.2960710015032213, 
            0.91161, 
            -0.974031, 
            -0.342208, 
            -0.005315, 
            -0.595383, 
            0.275427, 
            0.169439, 
            0.878223, 
            -0.058841, 
            -0.435689, 
            0.403514, 
            -0.6621201730480755
        ], 
        [
            0.77271, 
            -0.834054, 
            -1.158318, 
            -0.883387, 
            0.593345, 
            0.093149, 
            -0.349361, 
            0.815646, 
            -0.480951, 
            0.889033, 
            0.917612, 
            -0.787232
        ]
    ],