{
    "child iterations" : 15, 
    "is fertile" : false, 
    "is classifier" : false, 
    "is child" : false, 
    "weights" : [
        [
            -0.486598, 
            -0.497585, 
            1.17576, 
            -4.225134, 
            3.73186, 
            4.675038, 
            -0.791245686193746, 
            1.888805, 
            1.157361, 
            3.164136, 
            -4.802386, 
            3.337813, 
            -0.529473, 
            0.4554520328318874, 
            -1.642312, 
            3.323741, 
            1.591431, 
            -4.400394, 
            2.015012, 
            3.399399, 
            -0.8765760831871099, 
            3.972013, 
            -2.436076, 
            0.465515, 
            0.387063, 
            1.320237, 
            -1.597375, 
            0.23143046994089933, 
            -0.619165, 
            2.803705, 
            -0.323997, 
            -0.93718, 
            1.617376, 
            0.88696, 
            0.3207776861239806
        ], 
        [
            -1.054198, 
            0.514322, 
            -1.016001, 
            0.328748, 
            -2.471828, 
            2.283246, 
            -0.2516256590243777, 
            -3.337902, 
            -1.065929, 
            0.038848, 
            -1.731967, 
            -1.527847, 
            -1.265138, 
            -0.7394809704982874, 
            2.179925, 
            -1.476011, 
            1.634613, 
            0.762406, 
            -2.351205, 
            1.858969, 
            -0.2432210004362454, 
            3.379611, 
            2.030237, 
            -3.528682, 
            -2.203981, 
            -1.212856, 
            -1.708146, 
            0.6230038927336183, 
            -3.005586, 
            -2.989212, 
            2.263706, 
            -0.643727, 
            -0.668393, 
            2.120881, 
            -0.5522497527850547, 
            0.126692, 
            -2.590594, 
            -0.021607, 
            2.536078, 
            -2.55348, 
            1.213349, 
            -0.3586360586135824, 
            2.13473, 
            -1.337131, 
            -2.411023, 
            -0.432035, 
            0.902592, 
            0.632847, 
            0.8790379696928345
        ], 
        [
            0.481886, 
            3.432955, 
            -3.605792, 
            0.622958, 
            1.755241, 
            -2.415369, 
            -0.326821, 
            -2.714955, 
            -1.887265, 
            0.711474, 
            2.10951, 
            -0.586453, 
            1.625373, 
            -2.425852
        ]
    ], 
    "momentum weights" : [
        [
            -0.486598, 
            -0.497585, 
            1.17576, 
            -4.225134, 
            3.73186, 
            4.675038, 
            -0.791245686193746, 
            1.888805, 
            1.157361, 
            3.164136, 
            -4.802386, 
            3.337813, 
            -0.529473, 
            0.4554520328318874, 
            -1.642312, 
            3.323741, 
            1.591431, 
            -4.400394, 
            2.015012, 
            3.399399, 
            -0.8765760831871099, 
            3.972013, 
            -2.436076, 
            0.465515, 
            0.387063, 
            1.320237, 
            -1.597375, 
            0.23143046994089933, 
            -0.619165, 
            2.803705, 
            -0.323997, 
            -0.93718, 
            1.617376, 
            0.88696, 
            0.3207776861239806
        ], 
        [
            -1.054198, 
            0.514322, 
            -1.016001, 
            0.328748, 
            -2.471828, 
            2.283246, 
            -0.2516256590243777, 
            -3.337902, 
            -1.065929, 
            0.038848, 
            -1.731967, 
            -1.527847, 
            -1.265138, 
            -0.7394809704982874, 
            2.179925, 
            -1.476011, 
            1.634613, 
            0.762406, 
            -2.351205, 
            1.858969, 
            -0.2432210004362454, 
            3.379611, 
            2.030237, 
            -3.528682, 
            -2.203981, 
            -1.212856, 
            -1.708146, 
            0.6230038927336183, 
            -3.005586, 
            -2.989212, 
            2.263706, 
            -0.643727, 
            -0.668393, 
            2.120881, 
            -0.5522497527850547, 
            0.126692, 
            -2.590594, 
            -0.021607, 
            2.536078, 
            -2.55348, 
            1.213349, 
            -0.3586360586135824, 
            2.13473, 
            -1.337131, 
            -2.411023, 
            -0.432035, 
            0.902592, 
            0.632847, 
            0.8790379696928345
        ], 
        [
            0.481886, 
            3.432955, 
            -3.605792, 
            0.622958, 
            1.755241, 
            -2.415369, 
            -0.326821, 
            -2.714955, 
            -1.887265, 
            0.711474, 
            2.10951, 
            -0.586453, 
            1.625373, 
            -2.425852
        ]
    ], 
    "nodes" : [
        [
            -0.2243399750484968, 
            -0.07162288070586385, 
            -0.3725116850108773, 
            0.649623103012448, 
            1.0
        ], 
        [
            0.9878032646277444, 
            0.011775522582546572, 
            -0.8022197295291849, 
            0.9778204678012132, 
            0.5704217431883664, 
            -0.9845547164811279, 
            0.7615941559557649
        ], 
        [
            0.2560150669099623, 
            0.9981481977361941, 
            -0.9999931000293075, 
            -0.9999755256581198, 
            0.7859470396673653, 
            -0.4002115529101454, 
            0.7615941559557649
        ], 
        [
            -0.9999875589902465, 
            0.9999713820669842
        ]
    ], 
    "pre activation nodes" : [
        [
            0.0, 
            0.0, 
            0.0, 
            0.0, 
            0.0
        ], 
        [
            2.546808548686376, 
            0.011776066903996352, 
            -1.1048088489178556, 
            2.2452904264911275, 
            0.6481477796127425, 
            -2.427923080443599, 
            1.0
        ], 
        [
            0.26183927974932497, 
            3.4919083839892524, 
            -6.288568562200341, 
            -5.65551010134709, 
            1.0607403226804692, 
            -0.42390080427514587, 
            1.0
        ], 
        [
            -5.993826632045064, 
            5.577304939802572
        ]
    ], 
    "average nodes" : [
        [
            0.0, 
            0.0, 
            0.0, 
            0.0, 
            0.0
        ], 
        [
            0.0, 
            0.0, 
            0.0, 
            0.0, 
            0.0, 
            0.0, 
            0.0
        ], 
        [
            0.0, 
            0.0, 
            0.0, 
            0.0, 
            0.0, 
            0.0, 
            0.0
        ], 
        [
            0.0, 
            0.0
        ]
    ], 
    "input width" : 4, 
    "output width" : 2, 
    "hidden width" : 5, 
    "hidden length" : 2, 
    "hidden layer details" : {
        "items" : 3, 
        "0" : "is shallow", 
        "1" : "probabilities", 
        "2" : "width", 
        "is shallow" : true, 
        "probabilities" : {
            "2" : 0.85, 
            "3" : 0.12, 
            "1" : 0.03
        }, 
        "width" : {
            "no change" : 0.6, 
            "decrease" : 0.35, 
            "increase" : 0.05
        }
    }, 
    "weight range" : 1.0, 
    "activation function" : 2, 
    "learning rate" : 0.05, 
    "momentum active" : true, 
    "momentum" : 0.001, 
    "accuracy requirement" : 0.985, 
    "epochs" : 10, 
    "batch size" : 40, 
    "accuracy sample size" : 150, 
    "fitness sample size" : 15, 
    "allow testing" : false, 
    "show output" : true, 
    "use bias" : true,