{
    "child iterations" : 15, 
    "is fertile" : false, 
    "is classifier" : false, 
    "is child" : false, 
    "weights" : [
        [
            -0.544613, 
            -0.061872, 
            -0.306594, 
            -0.60595, 
            -0.057967, 
            -1.199642, 
            -0.037719, 
            0.506353, 
            -0.907975, 
            0.774901, 
            -0.417149, 
            -0.26710180321713706, 
            -0.68548, 
            -0.121578, 
            -0.527561, 
            -0.363119, 
            1.059872, 
            -1.178798, 
            0.538419, 
            -0.684721, 
            -0.625879, 
            1.126548, 
            0.415071, 
            0.43481309448567007, 
            0.919614, 
            -0.565859, 
            0.422046, 
            0.016356, 
            -0.420199, 
            -0.655867, 
            -0.28747, 
            0.948787, 
            -0.242597, 
            1.15787, 
            -0.978714, 
            -0.18768242601892693, 
            1.102382, 
            -1.092913, 
            -0.918335, 
            -0.346145, 
            -0.034871, 
            -0.358891, 
            -0.36266, 
            -1.050394, 
            -0.91507, 
            0.654669, 
            -1.028246, 
            -0.6898183573982495, 
            1.168998, 
            0.691693, 
            0.932979, 
            0.915065, 
            0.112485, 
            -0.338566, 
            -1.017499, 
            0.386447, 
            0.418054, 
            -0.247126, 
            -1.005028, 
            -0.9516396689349482, 
            -0.121744, 
            0.916341, 
            -0.380316, 
            -0.130086, 
            -0.209807, 
            -0.233832, 
            -1.140131, 
            -0.555462, 
            -0.359453, 
            1.020792, 
            0.435849, 
            -0.8710762643399439, 
            -1.038313, 
            0.529488, 
            -0.236517, 
            -0.928731, 
            -0.28809, 
            -0.455697, 
            -0.163821, 
            -0.442762, 
            -0.349809, 
            0.300732, 
            -1.16807, 
            0.4066287187396731, 
            0.171114, 
            0.128094, 
            -1.193898, 
            -1.061578, 
            -0.560112, 
            -0.703234, 
            0.108445, 
            -0.609388, 
            0.120615, 
            0.140071, 
            0.980912, 
            -0.529073330013965, 
            -1.083984, 
            0.745547, 
            -0.048256, 
            0.575692, 
            0.8518, 
            -0.961686, 
            -0.466044, 
            -0.732351, 
            0.819999, 
            0.808253, 
            0.728636, 
            0.1005822437324011, 
            -0.062146, 
            0.666656, 
            -0.359807, 
            0.404476, 
            0.003533, 
            -0.29272, 
            -1.169609, 
            -1.028145, 
            0.870557, 
            -0.141165, 
            0.782314, 
            0.7981843429990145, 
            0.36659, 
            -0.77911, 
            1.06668, 
            0.345623, 
            -0.738666, 
            -0.788598, 
            0.507531, 
            -0.201575, 
            0.979224, 
            0.002036, 
            -1.223886, 
            0.6539220105696286
        ], 
        [
            0.131863, 
            -0.921093, 
            -0.541663, 
            -0.449728, 
            0.343054, 
            -0.712526, 
            0.200907, 
            -0.070278, 
            0.950829, 
            0.258053, 
            -0.686345, 
            0.7236068990594899, 
            -0.265264, 
            1.015683, 
            0.079589, 
            0.442302, 
            0.608665, 
            0.929026, 
            -0.30566, 
            0.052384, 
            -1.090947, 
            -0.072377, 
            0.036344, 
            -0.8718555414836466, 
            0.413053, 
            0.124958, 
            -0.87029, 
            0.516109, 
            -1.06403, 
            0.278075, 
            0.836098, 
            -0.289553, 
            0.782859, 
            0.315173, 
            0.974692, 
            0.5411316377854736, 
            1.119625, 
            -0.037646, 
            -0.365322, 
            1.193148, 
            0.952872, 
            -0.71332, 
            0.860175, 
            -1.020423, 
            -0.993682, 
            -0.214398, 
            -1.10784, 
            0.746132054376949, 
            -0.158117, 
            -0.596165, 
            -0.45063, 
            -0.751745, 
            0.087933, 
            0.757828, 
            0.986971, 
            -0.274501, 
            0.719913, 
            0.122723, 
            0.21143, 
            0.3103593241996567, 
            0.863129, 
            -1.032602, 
            -0.817228, 
            -0.96156, 
            -0.873357, 
            0.357966, 
            -0.455985, 
            0.599108, 
            0.637284, 
            1.211005, 
            -0.894773, 
            0.876036831066507, 
            0.200656, 
            -1.158686, 
            -0.584021, 
            1.002423, 
            0.990284, 
            -1.093485, 
            -1.062469, 
            1.014094, 
            -1.172656, 
            -0.990908, 
            -0.689475, 
            -0.6533701487684789, 
            0.048301, 
            1.189774, 
            -0.337323, 
            0.137619, 
            0.688601, 
            1.1318, 
            -0.622037, 
            0.90431, 
            0.002633, 
            -0.357638, 
            0.627557, 
            0.5733385074555055, 
            0.23996, 
            0.987667, 
            1.175028, 
            -1.063854, 
            0.233527, 
            -0.737266, 
            1.001626, 
            -0.170618, 
            1.084183, 
            -1.123843, 
            -0.541228, 
            -0.372731025794516, 
            0.383465, 
            0.040778, 
            -0.516945, 
            -0.235889, 
            0.576801, 
            -0.032907, 
            0.310508, 
            1.082608, 
            -0.722766, 
            0.283938, 
            0.289977, 
            0.9395066126089138, 
            -0.07508, 
            0.482553, 
            0.75576, 
            0.070203, 
            -0.922085, 
            -1.070847, 
            0.896558, 
            0.425778, 
            0.524014, 
            0.081194, 
            0.438954, 
            -0.9073984591199837, 
            0.129146, 
            -1.038747, 
            0.770101, 
            0.116278, 
            -0.554053, 
            0.653744, 
            0.718013, 
            0.74287, 
            0.993679, 
            0.852387, 
            -0.02323, 
            0.9078993395147053
        ], 
        [
            1.010839, 
            0.132785, 
            0.346723, 
            0.222621, 
            1.035231, 
            -0.129807, 
            0.62722, 
            0.548805, 
            0.070747, 
            1.060035, 
            0.101788, 
            -0.262506
        ]
    ],