{
    "child iterations" : 15, 
    "is fertile" : false, 
    "is classifier" : false, 
    "is child" : false, 
    "weights" : [
        [
            -0.924162, 
            -1.029257, 
            -0.708098, 
            -0.875078, 
            -0.090831, 
            -0.912118, 
            -0.495228, 
            -0.605291, 
            -0.15038, 
            0.834453, 
            0.023005671160037933, 
            0.383561, 
            -0.307902, 
            -0.919349, 
            -0.793521, 
            1.005054, 
            0.369948, 
            -0.933616, 
            0.273962, 
            0.094215, 
            -0.663434, 
            -0.7993596056872723, 
            -0.088479, 
            0.293285, 
            0.360656, 
            -0.551744, 
            -0.859433, 
            0.577081, 
            -1.02213, 
            0.571728, 
            -0.290035, 
            0.910649, 
            -0.037797665184127194, 
            0.001542, 
            0.93377, 
            0.058972, 
            0.824428, 
            0.14137, 
            0.32914, 
            -0.114767, 
            -0.892967, 
            0.487057, 
            0.376917, 
            -0.2675072931599598, 
            -0.568773, 
            0.798853, 
            0.689075, 
            -0.423967, 
            -0.78108, 
            -0.162216, 
            -0.812717, 
            0.848521, 
            -0.191889, 
            0.800572, 
            -0.47610537803042763, 
            -0.941185, 
            0.686455, 
            0.799396, 
            -0.443097, 
            0.695325, 
            0.408575, 
            -0.896628, 
            -0.886201, 
            0.118775, 
            -0.889781, 
            -0.4068059735196736, 
            -0.42668, 
            0.775014, 
            1.026095, 
            -0.263031, 
            1.023428, 
            -0.225328, 
            -0.023817, 
            -0.942383, 
            0.251515, 
            -0.702342, 
            -0.9632920320450415, 
            0.707652, 
            -0.893269, 
            0.858455, 
            -0.52488, 
            -0.529174, 
            -0.207458, 
            -0.436129, 
            -0.13728, 
            0.998499, 
            -0.362333, 
            0.2654858380980749, 
            -1.041861, 
            -1.037778, 
            0.066855, 
            -0.720113, 
            0.932933, 
            -0.157956, 
            0.684607, 
            0.443262, 
            0.455398, 
            -0.947645, 
            -0.25440715104156664, 
            0.654564, 
            -0.167142, 
            0.448068, 
            0.930241, 
            0.396907, 
            -0.811324, 
            0.729781, 
            0.28037, 
            -0.987796, 
            0.674625, 
            -0.8750793583543559, 
            -0.500091, 
            -0.343367, 
            0.635486, 
            -0.527442, 
            -0.855914, 
            0.674202, 
            0.92756, 
            -0.68884, 
            0.370853, 
            -0.953102, 
            0.10811685973296403
        ], 
        [
            0.141649, 
            -0.484708, 
            0.789714, 
            -0.817927, 
            -0.571126, 
            0.013473, 
            -0.394057, 
            0.535896, 
            -0.942941, 
            -0.39397, 
            -0.6525168610371521, 
            -0.919452, 
            -0.049291, 
            -0.745014, 
            0.549694, 
            -0.944922, 
            0.645848, 
            0.641131, 
            0.677599, 
            0.947102, 
            0.146941, 
            0.0019258194743676516, 
            -0.053838, 
            -1.038863, 
            -0.952443, 
            -0.705522, 
            -0.790274, 
            0.401178, 
            0.128999, 
            0.502685, 
            0.305222, 
            0.873062, 
            0.9759009921125184, 
            -0.750079, 
            0.623024, 
            0.230522, 
            0.74964, 
            0.751505, 
            1.019424, 
            1.0711, 
            0.032876, 
            -0.388106, 
            0.786581, 
            0.3834221201414487, 
            -0.837265, 
            1.043347, 
            0.580804, 
            -0.575284, 
            0.635597, 
            -0.014375, 
            0.975087, 
            -1.062676, 
            -0.474192, 
            -0.094758, 
            0.5758284513429299, 
            0.331284, 
            -0.022364, 
            -0.731705, 
            -0.324522, 
            -1.026863, 
            0.177237, 
            -1.001136, 
            0.523724, 
            -0.298157, 
            0.513855, 
            -0.37090362664649956, 
            0.812341, 
            0.708718, 
            0.988855, 
            -0.972867, 
            -0.170606, 
            0.200142, 
            -0.51333, 
            -0.942485, 
            -0.02687, 
            -0.360334, 
            -0.35726011725429063, 
            1.004432, 
            -0.558353, 
            -0.514753, 
            -0.287173, 
            -0.184021, 
            0.606147, 
            -0.83862, 
            0.973666, 
            -0.579856, 
            -0.743512, 
            0.9881878756711984, 
            1.015504, 
            -0.048241, 
            0.850231, 
            -0.733754, 
            0.636725, 
            -0.471124, 
            0.567721, 
            -0.248001, 
            -0.135153, 
            -0.383051, 
            -0.8684595546376848, 
            0.967093, 
            -0.500307, 
            -0.458254, 
            -1.174506, 
            0.340309, 
            -0.361123, 
            0.303136, 
            0.36056, 
            0.68031, 
            0.538733, 
            -0.6820232334454628, 
            -0.852437, 
            0.457085, 
            -0.487325, 
            -0.310076, 
            0.679935, 
            1.018699, 
            0.948568, 
            1.002909, 
            -0.622003, 
            -0.61656, 
            -0.7970245719112521
        ], 
        [
            0.090593, 
            0.934542, 
            -0.481893, 
            -0.736809, 
            -0.48145, 
            -0.017861, 
            0.275056, 
            0.372985, 
            0.040468, 
            0.019991, 
            0.739308
        ]
    ],