{
    "child iterations" : 15, 
    "is fertile" : false, 
    "is classifier" : false, 
    "is child" : false, 
    "weights" : [
        [
            -3.145693, 
            4.544786, 
            3.422842, 
            1.532896, 
            3.358997, 
            -1.477504, 
            0.07345066147047863, 
            -4.444174, 
            4.628768, 
            1.7949, 
            0.531738, 
            0.02303, 
            -0.888071, 
            0.6884463706189397, 
            -7.468024, 
            2.820236, 
            2.185339, 
            0.241946, 
            -0.452409, 
            -0.732883, 
            -0.5757989601666356, 
            -0.796405, 
            -1.832697, 
            -0.802512, 
            -2.159621, 
            -3.987096, 
            -0.280052, 
            -0.07937107758916917, 
            -3.617117, 
            2.244702, 
            -1.79065, 
            0.142976, 
            1.53757, 
            -1.161358, 
            -0.8627700243018288
        ], 
        [
            0.036628, 
            3.507279, 
            0.773404, 
            2.434092, 
            -4.202605, 
            3.286287, 
            0.6601956071810182, 
            2.32842, 
            0.354483, 
            2.668776, 
            1.682803, 
            2.075433, 
            -3.936804, 
            -0.9862608650305495, 
            2.64267, 
            -1.285558, 
            -1.613845, 
            2.938061, 
            0.15495, 
            -3.055754, 
            -0.48965711602958795, 
            -3.874844, 
            -2.177243, 
            -0.13732, 
            -1.226372, 
            1.100948, 
            -1.566789, 
            0.7808555491086377, 
            -0.521212, 
            2.314265, 
            2.481778, 
            -2.346262, 
            1.549641, 
            1.706699, 
            0.5191906206950911, 
            -0.099978, 
            -1.255994, 
            1.095229, 
            -0.607102, 
            -1.457429, 
            -3.231183, 
            0.2041702570505488, 
            -2.827554, 
            -2.989153, 
            2.216679, 
            2.766505, 
            -1.99621, 
            -0.445707, 
            -0.0395201747232925
        ], 
        [
            3.794844, 
            -3.125418, 
            0.216705, 
            1.246595, 
            1.045952, 
            -1.133411, 
            -1.835195, 
            -0.964823, 
            4.471825, 
            -4.247678, 
            -2.066635, 
            1.567716, 
            0.034157, 
            -2.010938
        ]
    ], 
    "momentum weights" : [
        [
            -3.145693, 
            4.544786, 
            3.422842, 
            1.532896, 
            3.358997, 
            -1.477504, 
            0.07345066147047863, 
            -4.444174, 
            4.628768, 
            1.7949, 
            0.531738, 
            0.02303, 
            -0.888071, 
            0.6884463706189397, 
            -7.468024, 
            2.820236, 
            2.185339, 
            0.241946, 
            -0.452409, 
            -0.732883, 
            -0.5757989601666356, 
            -0.796405, 
            -1.832697, 
            -0.802512, 
            -2.159621, 
            -3.987096, 
            -0.280052, 
            -0.07937107758916917, 
            -3.617117, 
            2.244702, 
            -1.79065, 
            0.142976, 
            1.53757, 
            -1.161358, 
            -0.8627700243018288
        ], 
        [
            0.036628, 
            3.507279, 
            0.773404, 
            2.434092, 
            -4.202605, 
            3.286287, 
            0.6601956071810182, 
            2.32842, 
            0.354483, 
            2.668776, 
            1.682803, 
            2.075433, 
            -3.936804, 
            -0.9862608650305495, 
            2.64267, 
            -1.285558, 
            -1.613845, 
            2.938061, 
            0.15495, 
            -3.055754, 
            -0.48965711602958795, 
            -3.874844, 
            -2.177243, 
            -0.13732, 
            -1.226372, 
            1.100948, 
            -1.566789, 
            0.7808555491086377, 
            -0.521212, 
            2.314265, 
            2.481778, 
            -2.346262, 
            1.549641, 
            1.706699, 
            0.5191906206950911, 
            -0.099978, 
            -1.255994, 
            1.095229, 
            -0.607102, 
            -1.457429, 
            -3.231183, 
            0.2041702570505488, 
            -2.827554, 
            -2.989153, 
            2.216679, 
            2.766505, 
            -1.99621, 
            -0.445707, 
            -0.0395201747232925
        ], 
        [
            3.794844, 
            -3.125418, 
            0.216705, 
            1.246595, 
            1.045952, 
            -1.133411, 
            -1.835195, 
            -0.964823, 
            4.471825, 
            -4.247678, 
            -2.066635, 
            1.567716, 
            0.034157, 
            -2.010938
        ]
    ], 
    "nodes" : [
        [
            -0.03678832327340647, 
            0.25853611078889566, 
            -0.8445301225579942, 
            0.04832828682360852, 
            1.0
        ], 
        [
            0.9243496506910315, 
            0.6661921204090119, 
            -0.9974759769971369, 
            -0.08444309316204468, 
            0.9230618056483851, 
            -0.6237953997613269, 
            0.7615941559557649
        ], 
        [
            -0.9972609343605733, 
            0.9999719565161572, 
            0.9999992675752826, 
            0.6982371067432444, 
            -0.9587589122757543, 
            0.9999977411214035, 
            0.7615941559557649
        ], 
        [
            -0.9999999968292308, 
            0.9999967501581831
        ]
    ], 
    "pre activation nodes" : [
        [
            0.0, 
            0.0, 
            0.0, 
            0.0, 
            0.0
        ], 
        [
            1.6181106440920492, 
            0.8038652588884092, 
            -3.3368927963709565, 
            -0.08464466726455061, 
            1.6093357282561431, 
            -0.7311941912255089, 
            1.0
        ], 
        [
            -3.295957566659986, 
            5.5874437083858774, 
            7.410026045272793, 
            0.8638522043097321, 
            -1.930315654686756, 
            6.846894057587696, 
            1.0
        ], 
        [
            -10.131219396571524, 
            6.665024895087668
        ]
    ], 
    "average nodes" : [
        [
            0.0, 
            0.0, 
            0.0, 
            0.0, 
            0.0
        ], 
        [
            0.0, 
            0.0, 
            0.0, 
            0.0, 
            0.0, 
            0.0, 
            0.0
        ], 
        [
            0.0, 
            0.0, 
            0.0, 
            0.0, 
            0.0, 
            0.0, 
            0.0
        ], 
        [
            0.0, 
            0.0
        ]
    ], 
    "input width" : 4, 
    "output width" : 2, 
    "hidden width" : 7, 
    "hidden length" : 2, 
    "hidden layer details" : {
        "items" : 3, 
        "0" : "is shallow", 
        "1" : "probabilities", 
        "2" : "width", 
        "is shallow" : true, 
        "probabilities" : {
            "2" : 0.85, 
            "3" : 0.12, 
            "1" : 0.03
        }, 
        "width" : {
            "no change" : 0.6, 
            "decrease" : 0.35, 
            "increase" : 0.05
        }
    }, 
    "weight range" : 1.0, 
    "activation function" : 2, 
    "learning rate" : 0.05, 
    "momentum active" : true, 
    "momentum" : 0.001, 
    "accuracy requirement" : 0.985, 
    "epochs" : 10, 
    "batch size" : 40, 
    "accuracy sample size" : 150, 
    "fitness sample size" : 15, 
    "allow testing" : false, 
    "show output" : true, 
    "use bias" : true,