{
    "child iterations" : 15, 
    "is fertile" : false, 
    "is classifier" : false, 
    "is child" : false, 
    "weights" : [
        [
            -0.91143, 
            0.390439, 
            0.831827, 
            -1.027926, 
            -0.514938, 
            -0.0135, 
            1.138781, 
            -0.969274, 
            -0.848119, 
            0.170004, 
            -0.60745, 
            -0.158788, 
            -0.46230814930633035, 
            -1.188119, 
            -0.089116, 
            0.716693, 
            0.184124, 
            -0.404259, 
            -0.142652, 
            -0.728091, 
            -1.05704, 
            -0.593778, 
            0.42989, 
            -0.749177, 
            0.499986, 
            -0.4680667820484534, 
            0.330367, 
            1.088215, 
            -0.185921, 
            0.380369, 
            -0.467937, 
            -0.127023, 
            -0.440365, 
            -0.359166, 
            0.40106, 
            -0.391751, 
            0.658828, 
            0.975826, 
            -0.7486600073971339, 
            0.399643, 
            -0.269332, 
            0.148751, 
            0.126772, 
            -0.165224, 
            0.558255, 
            -0.364791, 
            -0.647475, 
            0.536386, 
            -0.625653, 
            0.950216, 
            0.790394, 
            -0.8638905271014123, 
            0.850944, 
            0.92054, 
            1.153336, 
            -0.097719, 
            -0.881023, 
            -0.258876, 
            -0.517786, 
            -0.478417, 
            -0.505861, 
            0.082541, 
            -0.817001, 
            -1.110311, 
            -0.5389531805608776, 
            1.019175, 
            -0.59702, 
            -0.378334, 
            -0.332375, 
            0.50617, 
            -0.203845, 
            0.824145, 
            -1.046467, 
            0.17461, 
            -0.055048, 
            -0.325104, 
            0.510428, 
            -0.7891215132472842, 
            0.972801, 
            -0.351866, 
            0.362022, 
            0.850954, 
            -0.097334, 
            -1.140787, 
            -0.60542, 
            -0.333111, 
            -0.528411, 
            -0.820901, 
            -0.696674, 
            -0.010586, 
            -0.3050584144736992, 
            -0.413774, 
            0.591571, 
            -0.036444, 
            0.295301, 
            -0.041061, 
            0.161655, 
            -0.656928, 
            -0.612262, 
            -0.28912, 
            -0.605344, 
            0.457505, 
            0.686498, 
            -0.8339704885959305, 
            0.790252, 
            0.558909, 
            -0.416775, 
            0.393223, 
            -0.542942, 
            0.698043, 
            -0.858688, 
            1.061815, 
            0.919988, 
            0.844317, 
            -0.318008, 
            -0.042917, 
            -0.3605307299356306, 
            0.232454, 
            0.223498, 
            -1.11643, 
            -0.071859, 
            -0.1003, 
            0.019036, 
            1.032483, 
            -0.678104, 
            -0.530114, 
            0.527723, 
            -0.176709, 
            -0.642758, 
            0.7966709453116203, 
            1.192235, 
            0.477294, 
            -0.448305, 
            0.112495, 
            -0.108266, 
            0.966052, 
            0.211045, 
            -1.070352, 
            -0.176257, 
            0.227303, 
            0.174565, 
            -0.593578, 
            0.5398289996066532
        ], 
        [
            -0.876297, 
            0.970702, 
            -1.115551, 
            -1.13296, 
            0.780765, 
            -0.050285, 
            -0.984447, 
            -0.336007, 
            1.131339, 
            -0.582124, 
            1.023337, 
            -0.45672372413839546, 
            0.699992, 
            -0.149988, 
            -0.382592, 
            -0.306507, 
            -0.37897, 
            0.311154, 
            0.157188, 
            0.85138, 
            -1.029797, 
            1.080353, 
            -0.940518, 
            0.5173962420901017, 
            -0.751085, 
            -0.07468, 
            0.490198, 
            -0.382125, 
            -1.007446, 
            -0.091501, 
            0.108426, 
            -0.076512, 
            -1.15399, 
            0.946698, 
            0.940826, 
            -0.672691072684503, 
            -0.588791, 
            -0.130398, 
            0.201871, 
            0.379102, 
            -0.901531, 
            -0.044487, 
            0.074197, 
            -0.898395, 
            -0.274944, 
            -1.028906, 
            -0.865244, 
            0.12345436351003403, 
            0.321739, 
            1.159913, 
            1.040132, 
            0.705812, 
            1.082707, 
            -0.327902, 
            -0.304584, 
            0.807187, 
            -0.736361, 
            0.272532, 
            -0.053992, 
            0.6019994811342051, 
            -0.036114, 
            -1.086677, 
            -1.098208, 
            -0.505766, 
            0.863513, 
            0.333974, 
            -0.096731, 
            -0.118645, 
            0.694098, 
            0.319538, 
            -0.306005, 
            0.1128491277045034, 
            -0.172349, 
            -0.060855, 
            -0.806365, 
            0.368498, 
            -0.427029, 
            -0.339372, 
            1.080327, 
            0.100417, 
            -0.806763, 
            0.391848, 
            -0.71921, 
            -0.17730729502510933, 
            0.163962, 
            0.223126, 
            0.231883, 
            0.038809, 
            0.019939, 
            -1.040475, 
            1.125932, 
            -0.657334, 
            -0.615337, 
            0.886392, 
            -1.132585, 
            -0.2120300394275032, 
            -0.09783, 
            -0.074963, 
            -0.293721, 
            -0.640023, 
            1.017139, 
            -0.430007, 
            0.885587, 
            0.770313, 
            0.684031, 
            -0.706774, 
            0.824616, 
            0.156994958439854, 
            -0.633343, 
            -0.285459, 
            -0.328306, 
            -0.96265, 
            -0.015194, 
            -0.389283, 
            -1.059678, 
            -0.96121, 
            -0.000638, 
            1.052399, 
            0.219253, 
            -0.490325885104814, 
            -0.762983, 
            -0.592364, 
            0.589287, 
            0.246586, 
            -1.083312, 
            -0.53854, 
            -0.796551, 
            0.593328, 
            -1.028409, 
            0.375874, 
            -1.081727, 
            -0.07607777516749281, 
            -0.038354, 
            0.305795, 
            -0.276815, 
            -0.37647, 
            -0.9898, 
            0.394118, 
            -0.310059, 
            0.045039, 
            0.489381, 
            -1.050463, 
            0.187418, 
            0.5697535266410938, 
            -0.156395, 
            0.54557, 
            1.150222, 
            0.234706, 
            0.31741, 
            0.486639, 
            -0.59997, 
            0.690123, 
            -0.231582, 
            0.996523, 
            -0.190352, 
            0.9070124253373002
        ], 
        [
            -0.728176, 
            -0.853739, 
            0.71596, 
            0.796983, 
            0.442523, 
            0.7217, 
            -0.066115, 
            0.761072, 
            -0.318013, 
            0.268372, 
            -0.116115, 
            -0.816785
        ]
    ],