{
    "child iterations" : 15, 
    "is fertile" : false, 
    "is classifier" : false, 
    "is child" : false, 
    "weights" : [
        [
            -3.929473, 
            3.216627, 
            1.833681, 
            -1.029362, 
            3.737152, 
            3.276767, 
            1.219815, 
            -0.05602346424748861, 
            -4.756155, 
            2.969216, 
            -1.126003, 
            2.783299, 
            -0.699654, 
            0.872718, 
            3.870745, 
            -0.6392219881257502, 
            -4.955142, 
            1.845908, 
            0.576325, 
            -4.303605, 
            2.802268, 
            -1.09431, 
            3.165661, 
            -0.9766839293100333, 
            0.863333, 
            2.103874, 
            -0.683033, 
            1.971649, 
            1.105342, 
            -0.59801, 
            0.55856, 
            -0.6474133899849202, 
            -1.151267, 
            0.731231, 
            -1.916086, 
            -2.51424, 
            0.715102, 
            1.113486, 
            -0.120601, 
            0.1649490319682987
        ], 
        [
            -1.086023, 
            -0.418473, 
            -3.511917, 
            -1.254992, 
            2.483436, 
            0.90154, 
            -0.5537413844333854, 
            2.465329, 
            0.429574, 
            1.90815, 
            1.218496, 
            -0.216214, 
            2.075201, 
            -0.43418306697679476, 
            0.120659, 
            0.24394, 
            1.253816, 
            0.851128, 
            0.486809, 
            2.108738, 
            0.8794788352214369, 
            1.159974, 
            -0.887013, 
            -2.024994, 
            -0.920022, 
            -1.585521, 
            3.171481, 
            -0.5452552526525631, 
            1.209478, 
            -1.035847, 
            1.714092, 
            0.397816, 
            -2.934102, 
            0.649604, 
            -0.006994493474532515, 
            1.880585, 
            -2.688103, 
            0.557981, 
            2.714245, 
            -0.670941, 
            1.644576, 
            0.9839084675467746, 
            0.032314, 
            -1.111823, 
            2.441548, 
            -1.06741, 
            0.511765, 
            -1.985904, 
            -0.39146730138698493, 
            0.706271, 
            -1.822252, 
            0.566415, 
            -1.782901, 
            -1.240509, 
            -1.35538, 
            0.384365818619552
        ], 
        [
            2.792459, 
            0.079327, 
            2.467326, 
            3.489331, 
            3.991973, 
            -4.109512, 
            2.003799, 
            -0.66799, 
            -0.173481, 
            1.529034, 
            -0.714112, 
            1.00661, 
            2.08712, 
            2.158971
        ]
    ], 
    "momentum weights" : [
        [
            -3.929473, 
            3.216627, 
            1.833681, 
            -1.029362, 
            3.737152, 
            3.276767, 
            1.219815, 
            -0.05602346424748861, 
            -4.756155, 
            2.969216, 
            -1.126003, 
            2.783299, 
            -0.699654, 
            0.872718, 
            3.870745, 
            -0.6392219881257502, 
            -4.955142, 
            1.845908, 
            0.576325, 
            -4.303605, 
            2.802268, 
            -1.09431, 
            3.165661, 
            -0.9766839293100333, 
            0.863333, 
            2.103874, 
            -0.683033, 
            1.971649, 
            1.105342, 
            -0.59801, 
            0.55856, 
            -0.6474133899849202, 
            -1.151267, 
            0.731231, 
            -1.916086, 
            -2.51424, 
            0.715102, 
            1.113486, 
            -0.120601, 
            0.1649490319682987
        ], 
        [
            -1.086023, 
            -0.418473, 
            -3.511917, 
            -1.254992, 
            2.483436, 
            0.90154, 
            -0.5537413844333854, 
            2.465329, 
            0.429574, 
            1.90815, 
            1.218496, 
            -0.216214, 
            2.075201, 
            -0.43418306697679476, 
            0.120659, 
            0.24394, 
            1.253816, 
            0.851128, 
            0.486809, 
            2.108738, 
            0.8794788352214369, 
            1.159974, 
            -0.887013, 
            -2.024994, 
            -0.920022, 
            -1.585521, 
            3.171481, 
            -0.5452552526525631, 
            1.209478, 
            -1.035847, 
            1.714092, 
            0.397816, 
            -2.934102, 
            0.649604, 
            -0.006994493474532515, 
            1.880585, 
            -2.688103, 
            0.557981, 
            2.714245, 
            -0.670941, 
            1.644576, 
            0.9839084675467746, 
            0.032314, 
            -1.111823, 
            2.441548, 
            -1.06741, 
            0.511765, 
            -1.985904, 
            -0.39146730138698493, 
            0.706271, 
            -1.822252, 
            0.566415, 
            -1.782901, 
            -1.240509, 
            -1.35538, 
            0.384365818619552
        ], 
        [
            2.792459, 
            0.079327, 
            2.467326, 
            3.489331, 
            3.991973, 
            -4.109512, 
            2.003799, 
            -0.66799, 
            -0.173481, 
            1.529034, 
            -0.714112, 
            1.00661, 
            2.08712, 
            2.158971
        ]
    ], 
    "nodes" : [
        [
            -0.4686772097584897, 
            -0.511111443720603, 
            0.4412303185646284, 
            0.4506796875710375, 
            1.0
        ], 
        [
            0.8677852193892479, 
            -0.4863628848912888, 
            -0.9781783487931792, 
            -0.9997351476016286, 
            0.784045670994702, 
            -0.9247213385445237, 
            -0.7707470046447953, 
            0.7615941559557649
        ], 
        [
            -0.9987706897120927, 
            0.8392999402670559, 
            -0.99899985566925, 
            -0.9996516442566556, 
            0.3363048680587512, 
            -0.9999870401036458, 
            0.7615941559557649
        ], 
        [
            -0.9997347798372098, 
            0.999999952172809
        ]
    ], 
    "pre activation nodes" : [
        [
            0.0, 
            0.0, 
            0.0, 
            0.0, 
            0.0
        ], 
        [
            1.324040453587082, 
            -0.5312851917823103, 
            -2.253514511397376, 
            -4.464676310011271, 
            1.0557859838041455, 
            -1.6206698814024687, 
            -1.0221652980585585, 
            1.0
        ], 
        [
            -3.696917172424494, 
            1.2188003332563746, 
            -3.800128970981765, 
            -4.327629668430283, 
            0.34992030866079493, 
            -5.97339578251386, 
            1.0
        ], 
        [
            -4.4639824178035825, 
            8.774409333753837
        ]
    ], 
    "average nodes" : [
        [
            0.0, 
            0.0, 
            0.0, 
            0.0, 
            0.0
        ], 
        [
            0.0, 
            0.0, 
            0.0, 
            0.0, 
            0.0, 
            0.0, 
            0.0, 
            0.0
        ], 
        [
            0.0, 
            0.0, 
            0.0, 
            0.0, 
            0.0, 
            0.0, 
            0.0
        ], 
        [
            0.0, 
            0.0
        ]
    ], 
    "input width" : 4, 
    "output width" : 2, 
    "hidden width" : 7, 
    "hidden length" : 2, 
    "hidden layer details" : {
        "items" : 3, 
        "0" : "is shallow", 
        "1" : "probabilities", 
        "2" : "width",