{
    "child iterations" : 15, 
    "is fertile" : false, 
    "is classifier" : false, 
    "is child" : false, 
    "weights" : [
        [
            0.210912, 
            -0.522622, 
            -0.201078, 
            0.151213, 
            -0.074965, 
            -0.064503, 
            -0.602991, 
            0.147549, 
            -0.380396, 
            -0.20911, 
            -0.20186, 
            0.45310647821584626, 
            0.858241, 
            -0.434167, 
            -0.024949, 
            0.310321, 
            1.005234, 
            0.684469, 
            1.130877, 
            -0.285465, 
            0.231149, 
            -0.793364, 
            0.015422, 
            0.8458848651204971, 
            1.033513, 
            -0.612214, 
            1.087747, 
            -0.064628, 
            -1.012444, 
            0.794432, 
            0.58398, 
            -0.123743, 
            -1.090068, 
            -0.896322, 
            -0.054994, 
            0.9381515883684457, 
            -0.015504, 
            -0.271678, 
            -0.861205, 
            -0.417039, 
            0.499065, 
            0.009808, 
            -0.162573, 
            0.915859, 
            -0.359944, 
            -0.722245, 
            -0.151576, 
            -0.5043431554380435, 
            0.020261, 
            -0.385886, 
            -0.770485, 
            -1.072052, 
            0.998586, 
            -0.392488, 
            -0.910234, 
            0.776945, 
            0.312812, 
            -0.509316, 
            0.645942, 
            0.9612954315497875, 
            -0.437278, 
            0.511729, 
            -0.602172, 
            -0.741338, 
            -0.486668, 
            0.92553, 
            -0.806185, 
            0.908486, 
            0.511751, 
            -0.272084, 
            0.635817, 
            -0.9181346730512798, 
            -0.100826, 
            0.800363, 
            -0.07312, 
            0.079456, 
            0.432073, 
            0.900257, 
            0.561114, 
            -0.201951, 
            -0.614754, 
            -0.516034, 
            -0.56831, 
            -0.08913191013809163, 
            -0.389616, 
            -0.061646, 
            -0.865405, 
            -0.619248, 
            -0.434357, 
            -0.454914, 
            -0.453884, 
            0.738492, 
            0.535761, 
            0.191453, 
            0.983162, 
            -0.005829083144506031, 
            -0.013988, 
            -0.900015, 
            -0.46582, 
            -0.092489, 
            -0.272359, 
            -0.513378, 
            -0.927879, 
            -0.731783, 
            0.571911, 
            -0.405288, 
            0.437866, 
            -0.412846443335237, 
            -0.402678, 
            -0.09367, 
            -0.30717, 
            -0.101762, 
            0.795656, 
            0.830054, 
            0.83671, 
            -0.561167, 
            -0.232526, 
            -0.359901, 
            0.514022, 
            0.9008673668073699, 
            -0.183352, 
            -0.022705, 
            0.779527, 
            -0.3934, 
            -0.682692, 
            0.691417, 
            -0.531018, 
            -0.089792, 
            -1.071539, 
            -0.437142, 
            -0.652104, 
            0.7222880878494076
        ], 
        [
            -0.200903, 
            0.480739, 
            -0.370509, 
            0.365541, 
            0.592636, 
            -0.983324, 
            -0.278965, 
            0.786321, 
            -0.075738, 
            -0.79931, 
            0.425058, 
            -0.09055018594725373, 
            -0.630911, 
            0.013944, 
            -0.160747, 
            -0.642157, 
            -0.795882, 
            -0.889822, 
            -0.740022, 
            0.938948, 
            -0.693225, 
            0.734306, 
            -0.024673, 
            0.7103929671804188, 
            0.063418, 
            0.659976, 
            0.792325, 
            0.30794, 
            -0.494128, 
            0.022723, 
            0.360151, 
            1.005103, 
            0.171209, 
            0.271217, 
            0.362068, 
            -0.2947614321386822, 
            0.658366, 
            0.497048, 
            -0.824374, 
            0.804512, 
            -0.2022, 
            1.008833, 
            -0.490092, 
            0.229429, 
            0.842342, 
            -0.596209, 
            0.908493, 
            0.9153450146121975, 
            -0.327604, 
            -0.357681, 
            -0.35526, 
            0.726078, 
            0.196592, 
            -0.791538, 
            0.534465, 
            0.163786, 
            0.375013, 
            -0.205232, 
            0.647611, 
            0.5061366888226067, 
            1.051943, 
            -0.508116, 
            -0.307371, 
            -0.06837, 
            1.147755, 
            0.221453, 
            -0.526599, 
            -1.006414, 
            0.72042, 
            -1.013429, 
            -0.926261, 
            -0.22156769861311898, 
            -0.505832, 
            -1.082957, 
            1.053655, 
            -0.82898, 
            0.29774, 
            0.049119, 
            -0.504876, 
            -0.970923, 
            0.179169, 
            0.33691, 
            0.662012, 
            -0.0349805495166815, 
            -0.619868, 
            -0.496831, 
            -1.067865, 
            0.12998, 
            0.626925, 
            -0.767996, 
            -0.89152, 
            0.434873, 
            -0.542665, 
            1.08994, 
            -0.766128, 
            0.28966788232377283, 
            -0.298813, 
            0.913296, 
            -0.902442, 
            0.667656, 
            0.767034, 
            -1.029566, 
            0.947045, 
            0.394804, 
            -0.962148, 
            -0.948899, 
            -0.386913, 
            -0.9127906493349869, 
            -1.105976, 
            -0.653555, 
            0.594346, 
            0.857758, 
            0.525881, 
            1.034364, 
            -1.088912, 
            -0.56127, 
            0.710595, 
            -0.761385, 
            0.584875, 
            -0.31037426266325974, 
            0.355271, 
            -0.365735, 
            -0.67146, 
            0.282382, 
            -0.894202, 
            0.889057, 
            0.261321, 
            -0.465087, 
            0.540866, 
            -0.863804, 
            -0.382142, 
            0.06145132476157178, 
            0.896506, 
            1.080568, 
            0.89235, 
            -0.294593, 
            0.498461, 
            -0.880306, 
            0.742606, 
            -0.353783, 
            0.498399, 
            1.001849, 
            -0.670365, 
            -0.8694043003433092
        ], 
        [
            -0.470413, 
            0.716056, 
            -0.161907, 
            0.100485, 
            -0.412741, 
            -0.35291, 
            0.122255, 
            0.221834, 
            -0.43912, 
            0.759938, 
            -0.105871, 
            -0.346667
        ]
    ],