{
    "child iterations" : 15, 
    "is fertile" : false, 
    "is classifier" : false, 
    "is child" : false, 
    "weights" : [
        [
            0.328887, 
            -1.068601, 
            3.602756, 
            3.816395, 
            2.222179, 
            2.428798, 
            0.2970679155025737, 
            -2.292387, 
            0.968546, 
            4.102169, 
            3.361452, 
            -1.411717, 
            0.969258, 
            0.9565540129699428, 
            -1.711896, 
            -3.699392, 
            4.077065, 
            2.592509, 
            -0.935948, 
            1.753349, 
            0.02500726213347737, 
            0.296705, 
            -0.066947, 
            -0.447618, 
            -0.47925, 
            -1.488759, 
            1.054496, 
            0.012092862479358368, 
            -0.952242, 
            -1.827935, 
            1.403242, 
            1.55681, 
            0.386637, 
            -1.871531, 
            -0.20119054204189957
        ], 
        [
            1.77548, 
            1.553282, 
            -0.019847, 
            0.448311, 
            1.154528, 
            1.134165, 
            0.8745422015109876, 
            -1.48946, 
            -0.855309, 
            -2.525169, 
            -0.117684, 
            2.796866, 
            -0.204533, 
            -0.3952186710597838, 
            -0.505171, 
            -1.181032, 
            2.045361, 
            -0.966761, 
            -2.122713, 
            -0.187643, 
            -0.533765164501439, 
            -2.571679, 
            -1.760629, 
            1.66871, 
            -2.964564, 
            0.341041, 
            2.385491, 
            0.3321448634060886, 
            0.427833, 
            0.799284, 
            1.240728, 
            2.67185, 
            1.195015, 
            1.597384, 
            0.6448088208398839, 
            -2.352576, 
            -1.344867, 
            2.262562, 
            -0.024507, 
            -1.214501, 
            -0.835376, 
            0.07611502839542994, 
            0.278086, 
            1.455227, 
            2.051568, 
            2.065405, 
            -3.234817, 
            2.769416, 
            -0.7785115066270762
        ], 
        [
            -3.201669, 
            -1.58293, 
            0.619788, 
            3.228122, 
            2.993265, 
            -2.69863, 
            -0.496027, 
            1.690387, 
            -2.408084, 
            0.770589, 
            -0.660583, 
            -2.403725, 
            1.224759, 
            -0.250712
        ]
    ], 
    "momentum weights" : [
        [
            0.328887, 
            -1.068601, 
            3.602756, 
            3.816395, 
            2.222179, 
            2.428798, 
            0.2970679155025737, 
            -2.292387, 
            0.968546, 
            4.102169, 
            3.361452, 
            -1.411717, 
            0.969258, 
            0.9565540129699428, 
            -1.711896, 
            -3.699392, 
            4.077065, 
            2.592509, 
            -0.935948, 
            1.753349, 
            0.02500726213347737, 
            0.296705, 
            -0.066947, 
            -0.447618, 
            -0.47925, 
            -1.488759, 
            1.054496, 
            0.012092862479358368, 
            -0.952242, 
            -1.827935, 
            1.403242, 
            1.55681, 
            0.386637, 
            -1.871531, 
            -0.20119054204189957
        ], 
        [
            1.77548, 
            1.553282, 
            -0.019847, 
            0.448311, 
            1.154528, 
            1.134165, 
            0.8745422015109876, 
            -1.48946, 
            -0.855309, 
            -2.525169, 
            -0.117684, 
            2.796866, 
            -0.204533, 
            -0.3952186710597838, 
            -0.505171, 
            -1.181032, 
            2.045361, 
            -0.966761, 
            -2.122713, 
            -0.187643, 
            -0.533765164501439, 
            -2.571679, 
            -1.760629, 
            1.66871, 
            -2.964564, 
            0.341041, 
            2.385491, 
            0.3321448634060886, 
            0.427833, 
            0.799284, 
            1.240728, 
            2.67185, 
            1.195015, 
            1.597384, 
            0.6448088208398839, 
            -2.352576, 
            -1.344867, 
            2.262562, 
            -0.024507, 
            -1.214501, 
            -0.835376, 
            0.07611502839542994, 
            0.278086, 
            1.455227, 
            2.051568, 
            2.065405, 
            -3.234817, 
            2.769416, 
            -0.7785115066270762
        ], 
        [
            -3.201669, 
            -1.58293, 
            0.619788, 
            3.228122, 
            2.993265, 
            -2.69863, 
            -0.496027, 
            1.690387, 
            -2.408084, 
            0.770589, 
            -0.660583, 
            -2.403725, 
            1.224759, 
            -0.250712
        ]
    ], 
    "nodes" : [
        [
            -0.5916751400817776, 
            -0.9027491421793322, 
            0.7452344540892154, 
            0.3020540658501322, 
            1.0
        ], 
        [
            -0.2575931594807554, 
            -0.9998767425475708, 
            -0.9101648470894347, 
            -0.9602053749174686, 
            -0.6645570217176964, 
            -0.9880814893866843, 
            0.7615941559557649
        ], 
        [
            0.999991975221681, 
            0.9999295061867536, 
            -0.9846675537450953, 
            0.998352166567708, 
            -0.9983416264700921, 
            -0.3224533343885135, 
            0.7615941559557649
        ], 
        [
            -0.9859219980982965, 
            0.9999818383907241
        ]
    ], 
    "pre activation nodes" : [
        [
            0.0, 
            0.0, 
            0.0, 
            0.0, 
            0.0
        ], 
        [
            -0.2635287934124708, 
            -4.8471604154231756, 
            -1.5284842340915707, 
            -1.9485363374316944, 
            -0.8009311662186739, 
            -2.5584163358652234, 
            1.0
        ], 
        [
            6.213059840647347, 
            5.126548770199765, 
            -2.4316177233335132, 
            3.55030842473964, 
            -3.54711780401124, 
            -0.3343827238450716, 
            1.0
        ], 
        [
            -2.4746125688412426, 
            5.8046693359590416
        ]
    ], 
    "average nodes" : [
        [
            0.0, 
            0.0, 
            0.0, 
            0.0, 
            0.0
        ], 
        [
            0.0, 
            0.0, 
            0.0, 
            0.0, 
            0.0, 
            0.0, 
            0.0
        ], 
        [
            0.0, 
            0.0, 
            0.0, 
            0.0, 
            0.0, 
            0.0, 
            0.0
        ], 
        [
            0.0, 
            0.0
        ]
    ], 
    "input width" : 4, 
    "output width" : 2, 
    "hidden width" : 7, 
    "hidden length" : 2, 
    "hidden layer details" : {
        "items" : 3, 
        "0" : "is shallow", 
        "1" : "probabilities", 
        "2" : "width", 
        "is shallow" : true, 
        "probabilities" : {
            "2" : 0.85, 
            "3" : 0.12, 
            "1" : 0.03
        }, 
        "width" : {
            "no change" : 0.6, 
            "decrease" : 0.35, 
            "increase" : 0.05
        }
    }, 
    "weight range" : 1.0, 
    "activation function" : 2, 
    "learning rate" : 0.05, 
    "momentum active" : true, 
    "momentum" : 0.001, 
    "accuracy requirement" : 0.985, 
    "epochs" : 10, 
    "batch size" : 40, 
    "accuracy sample size" : 150, 
    "fitness sample size" : 15, 
    "allow testing" : false, 
    "show output" : true, 
    "use bias" : true,