{
    "child iterations" : 15, 
    "is fertile" : false, 
    "is classifier" : false, 
    "is child" : false, 
    "weights" : [
        [
            -2.335563, 
            -1.829239, 
            -3.57663, 
            5.555331, 
            8.121352, 
            -5.580708, 
            -0.770244, 
            -1.761202, 
            -7.044329, 
            5.538625, 
            2.867805, 
            -1.265997, 
            3.076244, 
            -8.12184, 
            -4.354961, 
            3.517771, 
            2.153204, 
            -0.402616, 
            -0.74046, 
            2.095615, 
            -2.178528, 
            1.026139, 
            -2.582623, 
            -4.284906, 
            -4.873862, 
            -5.189092, 
            0.544091, 
            -2.664344, 
            3.053848, 
            0.209748
        ], 
        [
            0.842533, 
            3.253688, 
            -4.992972, 
            4.64322, 
            -2.935464, 
            7.008877, 
            5.291416, 
            -3.26587, 
            4.744278, 
            -2.989023, 
            5.292542, 
            -2.740737
        ]
    ], 
    "momentum weights" : [
        [
            -2.335563, 
            -1.829239, 
            -3.57663, 
            5.555331, 
            8.121352, 
            -5.580708, 
            -0.770244, 
            -1.761202, 
            -7.044329, 
            5.538625, 
            2.867805, 
            -1.265997, 
            3.076244, 
            -8.12184, 
            -4.354961, 
            3.517771, 
            2.153204, 
            -0.402616, 
            -0.74046, 
            2.095615, 
            -2.178528, 
            1.026139, 
            -2.582623, 
            -4.284906, 
            -4.873862, 
            -5.189092, 
            0.544091, 
            -2.664344, 
            3.053848, 
            0.209748
        ], 
        [
            0.842533, 
            3.253688, 
            -4.992972, 
            4.64322, 
            -2.935464, 
            7.008877, 
            5.291416, 
            -3.26587, 
            4.744278, 
            -2.989023, 
            5.292542, 
            -2.740737
        ]
    ], 
    "nodes" : [
        [
            0.5776128767064015, 
            -0.32776046129610437, 
            -0.2520300687100179, 
            0.4567936932267655, 
            1.0
        ], 
        [
            -0.9999985941323211, 
            -0.9903435843023869, 
            0.7111364274773794, 
            -0.9339821710728201, 
            0.9999230134645792, 
            0.7615941559557649
        ], 
        [
            0.9999833228252176, 
            -0.9998876871449792
        ]
    ], 
    "pre activation nodes" : [
        [
            0.0, 
            0.0, 
            0.0, 
            0.0, 
            0.0
        ], 
        [
            -7.0840011791839474, 
            -2.6642200123347397, 
            0.8894792484886381, 
            -1.6887058082419744, 
            5.082494351308938, 
            1.0
        ], 
        [
            5.847304197437598, 
            -4.893656627486442
        ]
    ], 
    "average nodes" : [
        [
            0.0, 
            0.0, 
            0.0, 
            0.0, 
            0.0
        ], 
        [
            0.0, 
            0.0, 
            0.0, 
            0.0, 
            0.0, 
            0.0
        ], 
        [
            0.0, 
            0.0
        ]
    ], 
    "input width" : 4, 
    "output width" : 2, 
    "hidden width" : 4, 
    "hidden length" : 1, 
    "hidden layer details" : {
        "items" : 3, 
        "0" : "is shallow", 
        "1" : "probabilities", 
        "2" : "width", 
        "is shallow" : true, 
        "probabilities" : {
            "2" : 0.85, 
            "3" : 0.12, 
            "1" : 0.03
        }, 
        "width" : {
            "no change" : 0.6, 
            "decrease" : 0.35, 
            "increase" : 0.05
        }
    }, 
    "weight range" : 1.0, 
    "activation function" : 2, 
    "learning rate" : 0.05, 
    "momentum active" : true, 
    "momentum" : 0.001, 
    "accuracy requirement" : 0.985, 
    "epochs" : 10, 
    "batch size" : 40, 
    "accuracy sample size" : 150, 
    "fitness sample size" : 15, 
    "allow testing" : false, 
    "show output" : true, 
    "use bias" : true, 
    "clear bias" : false, 
    "bias value" : 1.0, 
    "child" : null
}