{
    "child iterations" : 15, 
    "is fertile" : false, 
    "is classifier" : false, 
    "is child" : false, 
    "weights" : [
        [
            -0.173724, 
            -0.947948, 
            0.219914, 
            0.912044, 
            0.466484, 
            -0.38205, 
            -0.933146, 
            0.328951, 
            -0.734922, 
            -0.6440666931267989, 
            -0.660083, 
            1.007384, 
            -0.544495, 
            0.673054, 
            0.242184, 
            -0.87573, 
            -0.034839, 
            0.021966, 
            -0.226951, 
            0.23350970119309666, 
            -1.031817, 
            0.416835, 
            -1.05838, 
            -0.324485, 
            0.295002, 
            -0.518847, 
            -0.917591, 
            0.171771, 
            -0.925152, 
            0.14056006503170382, 
            -0.76283, 
            -0.940373, 
            -0.929343, 
            -0.731116, 
            0.964582, 
            1.015221, 
            -0.413199, 
            0.196197, 
            0.047893, 
            -0.6163693687636471, 
            1.106467, 
            0.74902, 
            0.595961, 
            -0.340842, 
            0.941361, 
            0.923245, 
            0.520426, 
            -0.804505, 
            -0.568564, 
            0.7096586523541395, 
            0.818302, 
            0.4066, 
            -0.811199, 
            -0.664931, 
            -0.915013, 
            -0.904824, 
            0.30136, 
            -0.086291, 
            -0.585456, 
            -0.0822174263658888, 
            0.550874, 
            0.958473, 
            -0.818235, 
            -0.917366, 
            0.471139, 
            0.280567, 
            0.175138, 
            0.512514, 
            -0.947217, 
            0.4924903050995295, 
            0.648315, 
            0.534482, 
            -0.470201, 
            1.008371, 
            -0.570631, 
            0.900069, 
            0.700027, 
            0.633093, 
            0.92082, 
            -0.8372118440581147, 
            -0.647929, 
            -0.369485, 
            0.968043, 
            0.00617, 
            0.007683, 
            0.945108, 
            -0.433245, 
            0.305957, 
            -1.057669, 
            -0.28662423539139636, 
            0.711967, 
            0.796454, 
            0.417726, 
            -0.180454, 
            -0.498089, 
            -0.975762, 
            0.260451, 
            0.595111, 
            -1.082965, 
            -0.31695046328913, 
            -0.52921, 
            -0.333581, 
            0.355165, 
            0.878222, 
            0.956386, 
            -0.184701, 
            1.003293, 
            0.909616, 
            -0.905484, 
            0.12621929511881524
        ], 
        [
            0.122746, 
            0.896143, 
            0.608254, 
            0.181041, 
            0.716601, 
            -0.058804, 
            -0.567551, 
            -0.930745, 
            0.302833, 
            -0.384353, 
            0.6992953687555885, 
            -0.420792, 
            -0.508045, 
            -0.273286, 
            -0.353767, 
            0.116879, 
            1.113429, 
            0.479045, 
            -0.802495, 
            -0.264128, 
            0.490532, 
            0.9066550215456961, 
            -0.310426, 
            -0.23689, 
            -0.03071, 
            -0.947298, 
            0.762455, 
            0.024109, 
            0.759537, 
            0.963749, 
            -0.013185, 
            -0.435683, 
            0.27562774140881063, 
            1.042488, 
            -0.121961, 
            0.306676, 
            0.278249, 
            0.791409, 
            -0.933155, 
            0.985787, 
            1.044777, 
            -0.571675, 
            0.896215, 
            -0.38929519464443674, 
            0.657759, 
            0.441991, 
            0.979785, 
            0.691925, 
            0.924247, 
            -0.532303, 
            0.378331, 
            0.649666, 
            0.907092, 
            -0.12146, 
            0.9521764638172072, 
            0.644417, 
            -1.122337, 
            -1.116137, 
            -1.018622, 
            0.010469, 
            -0.91451, 
            0.220173, 
            0.947369, 
            -0.391879, 
            1.119157, 
            -0.845246858805158, 
            0.34216, 
            0.683176, 
            -0.214554, 
            -0.300246, 
            -0.213104, 
            0.272771, 
            0.300476, 
            -0.344701, 
            0.565243, 
            0.336388, 
            0.35188780487601456, 
            0.052742, 
            0.910653, 
            0.611538, 
            -0.667509, 
            -0.116511, 
            -0.446916, 
            -0.631524, 
            0.946894, 
            -0.648335, 
            -0.454736, 
            -0.03125138079588052, 
            0.400726, 
            0.894886, 
            0.651205, 
            0.809002, 
            -0.658808, 
            0.679022, 
            0.08581, 
            0.636729, 
            -0.135598, 
            0.808937, 
            0.32353287186661617, 
            0.026331, 
            -0.018173, 
            0.371091, 
            0.979516, 
            -0.976123, 
            0.955265, 
            -0.176303, 
            -0.809198, 
            0.982287, 
            -0.446044, 
            0.3496534092944201
        ], 
        [
            0.056874, 
            -0.564961, 
            0.715392, 
            -0.871089, 
            0.324939, 
            0.246428, 
            -0.071134, 
            -1.25615, 
            -0.134896, 
            0.467314, 
            1.236
        ]
    ],