{
    "child iterations" : 15, 
    "is fertile" : false, 
    "is classifier" : false, 
    "is child" : false, 
    "weights" : [
        [
            -2.058236, 
            1.16803, 
            -6.063193, 
            5.284169, 
            6.382743, 
            -0.664966, 
            0.20061207472319742, 
            -0.171247, 
            1.893103, 
            -4.449666, 
            2.53769, 
            6.471297, 
            -5.660658, 
            0.6811430036014665, 
            -3.381673, 
            0.174704, 
            -4.905023, 
            6.803183, 
            6.015618, 
            -4.232167, 
            0.8938702217037178, 
            -4.745956, 
            5.2053, 
            0.200824, 
            -0.326509, 
            -0.566696, 
            1.558513, 
            0.6421327898047315, 
            0.21172, 
            0.009757, 
            -1.495966, 
            3.604134, 
            2.687588, 
            0.008418, 
            0.1358132328770627
        ], 
        [
            1.514944, 
            0.467019, 
            0.811614, 
            3.36249, 
            -0.186088, 
            0.43568006490416655, 
            1.258138, 
            3.553401, 
            -2.861719, 
            -1.905023, 
            2.343123, 
            0.5255489584019408, 
            3.627891, 
            1.686149, 
            4.118665, 
            -3.04313, 
            -1.291155, 
            -0.24322772578230079, 
            0.948478, 
            3.024492, 
            2.635346, 
            -2.084899, 
            3.833541, 
            -0.10717682595706068, 
            -1.906923, 
            4.261733, 
            1.437017, 
            -5.622196, 
            2.10062, 
            -0.5117417619994573, 
            2.271189, 
            -1.290492, 
            0.575669, 
            2.71845, 
            -4.195022, 
            -0.9817078071913203, 
            0.555365, 
            -3.585379, 
            -1.995726, 
            -2.226392, 
            0.452459, 
            -0.38332203587342484
        ], 
        [
            -5.721731, 
            3.267307, 
            1.578772, 
            0.211216, 
            -0.14494, 
            1.83636, 
            -3.901476, 
            0.05428, 
            0.768443, 
            -4.694988, 
            1.395312, 
            -0.760036
        ]
    ], 
    "momentum weights" : [
        [
            -2.058236, 
            1.16803, 
            -6.063193, 
            5.284169, 
            6.382743, 
            -0.664966, 
            0.20061207472319742, 
            -0.171247, 
            1.893103, 
            -4.449666, 
            2.53769, 
            6.471297, 
            -5.660658, 
            0.6811430036014665, 
            -3.381673, 
            0.174704, 
            -4.905023, 
            6.803183, 
            6.015618, 
            -4.232167, 
            0.8938702217037178, 
            -4.745956, 
            5.2053, 
            0.200824, 
            -0.326509, 
            -0.566696, 
            1.558513, 
            0.6421327898047315, 
            0.21172, 
            0.009757, 
            -1.495966, 
            3.604134, 
            2.687588, 
            0.008418, 
            0.1358132328770627
        ], 
        [
            1.514944, 
            0.467019, 
            0.811614, 
            3.36249, 
            -0.186088, 
            0.43568006490416655, 
            1.258138, 
            3.553401, 
            -2.861719, 
            -1.905023, 
            2.343123, 
            0.5255489584019408, 
            3.627891, 
            1.686149, 
            4.118665, 
            -3.04313, 
            -1.291155, 
            -0.24322772578230079, 
            0.948478, 
            3.024492, 
            2.635346, 
            -2.084899, 
            3.833541, 
            -0.10717682595706068, 
            -1.906923, 
            4.261733, 
            1.437017, 
            -5.622196, 
            2.10062, 
            -0.5117417619994573, 
            2.271189, 
            -1.290492, 
            0.575669, 
            2.71845, 
            -4.195022, 
            -0.9817078071913203, 
            0.555365, 
            -3.585379, 
            -1.995726, 
            -2.226392, 
            0.452459, 
            -0.38332203587342484
        ], 
        [
            -5.721731, 
            3.267307, 
            1.578772, 
            0.211216, 
            -0.14494, 
            1.83636, 
            -3.901476, 
            0.05428, 
            0.768443, 
            -4.694988, 
            1.395312, 
            -0.760036
        ]
    ], 
    "nodes" : [
        [
            0.06153934909749113, 
            -0.04359337990697743, 
            -0.4502509315699915, 
            0.7157023741327732, 
            1.0
        ], 
        [
            -0.9448635272359733, 
            0.998638711565409, 
            0.5896350441351449, 
            0.47914128975337444, 
            -0.305750697520491, 
            0.9969077756261329, 
            0.7615941559557649
        ], 
        [
            0.9999771006266597, 
            0.22653413172526654, 
            -0.8665073349631732, 
            -0.9999312940799469, 
            -0.7106358810840853, 
            0.7615941559557649
        ], 
        [
            -0.6753834851458655, 
            0.9997145203337552
        ]
    ], 
    "pre activation nodes" : [
        [
            0.0, 
            0.0, 
            0.0, 
            0.0, 
            0.0
        ], 
        [
            -1.7815678264146853, 
            3.6458949769686244, 
            0.6771064184297708, 
            0.5218690866581563, 
            -0.3158511400160706, 
            3.235232228432075, 
            1.0
        ], 
        [
            5.688768371818483, 
            0.23053307458527428, 
            -1.3188888476779324, 
            -5.139394008461554, 
            -0.8884673092709044, 
            1.0
        ], 
        [
            -0.8205764165350458, 
            4.4271720917512525
        ]
    ], 
    "average nodes" : [
        [
            0.0, 
            0.0, 
            0.0, 
            0.0, 
            0.0
        ], 
        [
            0.0, 
            0.0, 
            0.0, 
            0.0, 
            0.0, 
            0.0, 
            0.0
        ], 
        [
            0.0, 
            0.0, 
            0.0, 
            0.0, 
            0.0, 
            0.0
        ], 
        [
            0.0, 
            0.0
        ]
    ], 
    "input width" : 4, 
    "output width" : 2, 
    "hidden width" : 6, 
    "hidden length" : 2, 
    "hidden layer details" : {
        "items" : 3, 
        "0" : "is shallow", 
        "1" : "probabilities", 
        "2" : "width", 
        "is shallow" : true, 
        "probabilities" : {
            "2" : 0.85, 
            "3" : 0.12, 
            "1" : 0.03
        }, 
        "width" : {
            "no change" : 0.6, 
            "decrease" : 0.35, 
            "increase" : 0.05
        }
    }, 
    "weight range" : 1.0, 
    "activation function" : 2, 
    "learning rate" : 0.05, 
    "momentum active" : true, 
    "momentum" : 0.001, 
    "accuracy requirement" : 0.985, 
    "epochs" : 10, 
    "batch size" : 40, 
    "accuracy sample size" : 150, 
    "fitness sample size" : 15, 
    "allow testing" : false, 
    "show output" : true, 
    "use bias" : true, 
    "clear bias" : false, 
    "bias value" : 1.0, 
    "child" : null
}