{
    "child iterations" : 15, 
    "is fertile" : false, 
    "is classifier" : false, 
    "is child" : false, 
    "weights" : [
        [
            -2.005242, 
            -2.677681, 
            4.1201, 
            1.48656, 
            0.947524, 
            2.186069, 
            2.648236, 
            0.5908080400086442, 
            -2.61564, 
            1.249781, 
            4.355191, 
            4.119705, 
            -1.088777, 
            -0.08023, 
            -0.037392, 
            0.21327096269741008, 
            -0.737194, 
            -2.513721, 
            5.830359, 
            3.237148, 
            -0.237442, 
            -0.828659, 
            -1.887881, 
            -0.030226413289090148, 
            0.333376, 
            0.627315, 
            1.197347, 
            -0.249723, 
            2.224814, 
            -2.576312, 
            -3.122129, 
            0.9228706104495261, 
            0.554724, 
            -0.816293, 
            2.180787, 
            0.679486, 
            1.364744, 
            1.835642, 
            1.609134, 
            0.7264797370665173
        ], 
        [
            1.958142, 
            1.322664, 
            -1.215471, 
            -0.62836, 
            1.867928, 
            -1.62157, 
            0.14558676624676714, 
            0.049388, 
            1.388743, 
            1.64177, 
            -1.814703, 
            -1.105856, 
            -1.269383, 
            0.6184847758028251, 
            -1.980536, 
            -0.975528, 
            -2.680011, 
            0.715512, 
            -0.517594, 
            3.452895, 
            -0.5308576787146622, 
            -2.967828, 
            0.13653, 
            -0.185835, 
            0.867749, 
            -1.048391, 
            1.73318, 
            -0.5519775851996971, 
            0.375202, 
            1.932673, 
            -1.308055, 
            1.169704, 
            -0.311027, 
            -0.308902, 
            0.00013502082302663254, 
            1.648661, 
            1.138726, 
            -1.953468, 
            -1.850396, 
            -0.981239, 
            1.691702, 
            -0.8661136288937417, 
            -0.614642, 
            0.444268, 
            1.125923, 
            3.308746, 
            -2.413556, 
            1.181369, 
            0.10601941093604261, 
            -0.525108, 
            2.045705, 
            3.241559, 
            1.206981, 
            -1.145869, 
            0.447911, 
            0.5888791992608542
        ], 
        [
            -1.829045, 
            2.680352, 
            2.465369, 
            0.683163, 
            -1.827226, 
            1.052437, 
            -1.242902, 
            -3.556825, 
            -1.349151, 
            0.159882, 
            3.583723, 
            -1.242105, 
            -3.027912, 
            1.386822
        ]
    ], 
    "momentum weights" : [
        [
            -2.005242, 
            -2.677681, 
            4.1201, 
            1.48656, 
            0.947524, 
            2.186069, 
            2.648236, 
            0.5908080400086442, 
            -2.61564, 
            1.249781, 
            4.355191, 
            4.119705, 
            -1.088777, 
            -0.08023, 
            -0.037392, 
            0.21327096269741008, 
            -0.737194, 
            -2.513721, 
            5.830359, 
            3.237148, 
            -0.237442, 
            -0.828659, 
            -1.887881, 
            -0.030226413289090148, 
            0.333376, 
            0.627315, 
            1.197347, 
            -0.249723, 
            2.224814, 
            -2.576312, 
            -3.122129, 
            0.9228706104495261, 
            0.554724, 
            -0.816293, 
            2.180787, 
            0.679486, 
            1.364744, 
            1.835642, 
            1.609134, 
            0.7264797370665173
        ], 
        [
            1.958142, 
            1.322664, 
            -1.215471, 
            -0.62836, 
            1.867928, 
            -1.62157, 
            0.14558676624676714, 
            0.049388, 
            1.388743, 
            1.64177, 
            -1.814703, 
            -1.105856, 
            -1.269383, 
            0.6184847758028251, 
            -1.980536, 
            -0.975528, 
            -2.680011, 
            0.715512, 
            -0.517594, 
            3.452895, 
            -0.5308576787146622, 
            -2.967828, 
            0.13653, 
            -0.185835, 
            0.867749, 
            -1.048391, 
            1.73318, 
            -0.5519775851996971, 
            0.375202, 
            1.932673, 
            -1.308055, 
            1.169704, 
            -0.311027, 
            -0.308902, 
            0.00013502082302663254, 
            1.648661, 
            1.138726, 
            -1.953468, 
            -1.850396, 
            -0.981239, 
            1.691702, 
            -0.8661136288937417, 
            -0.614642, 
            0.444268, 
            1.125923, 
            3.308746, 
            -2.413556, 
            1.181369, 
            0.10601941093604261, 
            -0.525108, 
            2.045705, 
            3.241559, 
            1.206981, 
            -1.145869, 
            0.447911, 
            0.5888791992608542
        ], 
        [
            -1.829045, 
            2.680352, 
            2.465369, 
            0.683163, 
            -1.827226, 
            1.052437, 
            -1.242902, 
            -3.556825, 
            -1.349151, 
            0.159882, 
            3.583723, 
            -1.242105, 
            -3.027912, 
            1.386822
        ]
    ], 
    "nodes" : [
        [
            0.279810195501518, 
            0.5072423638057678, 
            -0.5476923342020806, 
            0.563554925120707, 
            1.0
        ], 
        [
            -0.6300477867123678, 
            0.6632973889153889, 
            0.9952887766788061, 
            0.8541863141276712, 
            0.9855491018748462, 
            0.887193743539979, 
            0.9225157203929877, 
            0.7615941559557649
        ], 
        [
            -0.9998753946106269, 
            0.9994685102010138, 
            -0.4511625472601934, 
            0.9994810655140922, 
            -0.9999994964692694, 
            0.9999996092415799, 
            0.7615941559557649
        ], 
        [
            0.9999954958354433, 
            -0.9999941698775511
        ]
    ], 
    "pre activation nodes" : [
        [
            0.0, 
            0.0, 
            0.0, 
            0.0, 
            0.0
        ], 
        [
            -0.7414953831759641, 
            0.7986786044537205, 
            3.0242982331338046, 
            1.2714357757636623, 
            2.461447106940139, 
            1.408587205141654, 
            1.6056574032003028, 
            1.0
        ], 
        [
            -4.841721787537406, 
            4.116353976793436, 
            -0.48615897601958347, 
            4.128310296903713, 
            -7.597384010751336, 
            7.724161652275726, 
            1.0
        ], 
        [
            6.501826530294558, 
            -6.372808410039591
        ]
    ], 
    "average nodes" : [
        [
            0.0, 
            0.0, 
            0.0, 
            0.0, 
            0.0
        ], 
        [
            0.0, 
            0.0, 
            0.0, 
            0.0, 
            0.0, 
            0.0, 
            0.0, 
            0.0
        ], 
        [
            0.0, 
            0.0, 
            0.0, 
            0.0, 
            0.0, 
            0.0, 
            0.0
        ], 
        [
            0.0, 
            0.0
        ]
    ], 
    "input width" : 4, 
    "output width" : 2, 
    "hidden width" : 6, 
    "hidden length" : 2, 
    "hidden layer details" : {
        "items" : 3, 
        "0" : "is shallow", 
        "1" : "probabilities", 
        "2" : "width",