{
    "child iterations" : 15, 
    "is fertile" : false, 
    "is classifier" : false, 
    "is child" : false, 
    "weights" : [
        [
            2.759806, 
            -1.15499, 
            3.007671, 
            4.802142, 
            -0.572839, 
            -0.330146, 
            -0.260344, 
            0.06068150524593663, 
            2.485525, 
            -0.347652, 
            -2.363518, 
            3.773739, 
            2.326399, 
            -5.703981, 
            0.635847, 
            -0.35747732023743617, 
            2.410699, 
            0.213443, 
            3.092987, 
            3.192014, 
            -0.133606, 
            -2.743096, 
            -3.030872, 
            0.8828284718871786, 
            -0.257025, 
            -1.588246, 
            -1.52132, 
            -0.745241, 
            1.071022, 
            -0.583124, 
            -1.566524, 
            0.17585057208318355, 
            1.10306, 
            2.024318, 
            1.564672, 
            2.412822, 
            -2.700195, 
            0.836018, 
            -1.613621, 
            0.27629765171123655
        ], 
        [
            0.902407, 
            -1.141178, 
            0.841139, 
            1.313154, 
            0.066765, 
            -2.549445, 
            3.338453, 
            -0.5249640763341061, 
            0.320367, 
            -0.224793, 
            -0.22789, 
            0.469632, 
            2.256539, 
            0.875069, 
            -1.767578, 
            0.14620642909261328, 
            1.132501, 
            -2.143944, 
            -0.732038, 
            0.480529, 
            0.085864, 
            -1.552741, 
            2.506037, 
            -0.6664128235546563, 
            1.086469, 
            -1.971163, 
            -2.59505, 
            -1.840231, 
            -2.188774, 
            -2.582865, 
            -2.852997, 
            -0.07281528541134352, 
            0.226497, 
            1.745151, 
            -2.598553, 
            2.071797, 
            0.744755, 
            0.470803, 
            -1.576525, 
            0.41157372522234326, 
            0.221415, 
            1.262782, 
            2.784717, 
            -1.119784, 
            -0.257592, 
            2.649838, 
            -0.936102, 
            0.6515789061869652, 
            -2.059057, 
            0.020571, 
            1.029156, 
            1.135635, 
            -1.549132, 
            1.01061, 
            2.064022, 
            -0.8960661415089493, 
            -2.866922, 
            1.88583, 
            -1.964932, 
            -0.580909, 
            1.862847, 
            -0.591284, 
            1.187434, 
            0.12382164423518915
        ], 
        [
            0.975385, 
            -0.879416, 
            -2.572529, 
            -0.146164, 
            -2.523001, 
            2.967965, 
            2.379963, 
            2.121467, 
            -0.166889, 
            0.087192, 
            -2.215712, 
            3.06178, 
            -0.833538, 
            -1.80769, 
            1.428379, 
            0.928774
        ]
    ], 
    "momentum weights" : [
        [
            2.759806, 
            -1.15499, 
            3.007671, 
            4.802142, 
            -0.572839, 
            -0.330146, 
            -0.260344, 
            0.06068150524593663, 
            2.485525, 
            -0.347652, 
            -2.363518, 
            3.773739, 
            2.326399, 
            -5.703981, 
            0.635847, 
            -0.35747732023743617, 
            2.410699, 
            0.213443, 
            3.092987, 
            3.192014, 
            -0.133606, 
            -2.743096, 
            -3.030872, 
            0.8828284718871786, 
            -0.257025, 
            -1.588246, 
            -1.52132, 
            -0.745241, 
            1.071022, 
            -0.583124, 
            -1.566524, 
            0.17585057208318355, 
            1.10306, 
            2.024318, 
            1.564672, 
            2.412822, 
            -2.700195, 
            0.836018, 
            -1.613621, 
            0.27629765171123655
        ], 
        [
            0.902407, 
            -1.141178, 
            0.841139, 
            1.313154, 
            0.066765, 
            -2.549445, 
            3.338453, 
            -0.5249640763341061, 
            0.320367, 
            -0.224793, 
            -0.22789, 
            0.469632, 
            2.256539, 
            0.875069, 
            -1.767578, 
            0.14620642909261328, 
            1.132501, 
            -2.143944, 
            -0.732038, 
            0.480529, 
            0.085864, 
            -1.552741, 
            2.506037, 
            -0.6664128235546563, 
            1.086469, 
            -1.971163, 
            -2.59505, 
            -1.840231, 
            -2.188774, 
            -2.582865, 
            -2.852997, 
            -0.07281528541134352, 
            0.226497, 
            1.745151, 
            -2.598553, 
            2.071797, 
            0.744755, 
            0.470803, 
            -1.576525, 
            0.41157372522234326, 
            0.221415, 
            1.262782, 
            2.784717, 
            -1.119784, 
            -0.257592, 
            2.649838, 
            -0.936102, 
            0.6515789061869652, 
            -2.059057, 
            0.020571, 
            1.029156, 
            1.135635, 
            -1.549132, 
            1.01061, 
            2.064022, 
            -0.8960661415089493, 
            -2.866922, 
            1.88583, 
            -1.964932, 
            -0.580909, 
            1.862847, 
            -0.591284, 
            1.187434, 
            0.12382164423518915
        ], 
        [
            0.975385, 
            -0.879416, 
            -2.572529, 
            -0.146164, 
            -2.523001, 
            2.967965, 
            2.379963, 
            2.121467, 
            -0.166889, 
            0.087192, 
            -2.215712, 
            3.06178, 
            -0.833538, 
            -1.80769, 
            1.428379, 
            0.928774
        ]
    ], 
    "nodes" : [
        [
            -0.14749511426490422, 
            0.1732068086826045, 
            0.10452969177418316, 
            0.7404002655100611, 
            1.0
        ], 
        [
            0.8300198448354497, 
            0.7534254385615283, 
            -0.09114528111382068, 
            0.9726953972744158, 
            -0.892429821169432, 
            -0.6760134043180808, 
            -0.9944455325241511, 
            0.7615941559557649
        ], 
        [
            0.8969406743321967, 
            -0.9990649553930772, 
            -0.9993483440859174, 
            -0.9955571751181557, 
            0.9697133729307387, 
            -0.9999993813125727, 
            -0.586770001567257, 
            0.7615941559557649
        ], 
        [
            0.9999989454467716, 
            -0.9999980870648434
        ]
    ], 
    "pre activation nodes" : [
        [
            0.0, 
            0.0, 
            0.0, 
            0.0, 
            0.0
        ], 
        [
            1.1882001970194702, 
            0.9808310594787615, 
            -0.09139894201434151, 
            2.1400504112746814, 
            -1.433736720559269, 
            -0.8217355676143933, 
            -2.9417594037862944, 
            1.0
        ], 
        [
            1.456346448127786, 
            -3.8337979354042737, 
            -4.014407586993755, 
            -3.053694083661081, 
            2.0874685254651566, 
            -7.494406263460971, 
            -0.6727257242959026, 
            1.0
        ], 
        [
            7.227770007105402, 
            -6.9300089941656555
        ]
    ],