{
    "child iterations" : 15, 
    "is fertile" : false, 
    "is classifier" : false, 
    "is child" : false, 
    "weights" : [
        [
            0.314689, 
            0.318567, 
            0.731096, 
            -0.798575, 
            0.698054, 
            -0.301537, 
            -0.834036, 
            1.002189, 
            0.956952, 
            0.841973, 
            -0.4260171605885852, 
            0.430483, 
            -0.162127, 
            -0.806907, 
            0.970704, 
            -0.834419, 
            0.93171, 
            0.399147, 
            0.831505, 
            0.853179, 
            0.63238, 
            -0.4920442367004354, 
            -0.097489, 
            0.065351, 
            0.734038, 
            0.38086, 
            -0.336902, 
            0.373311, 
            -0.861478, 
            -0.506778, 
            -0.550866, 
            0.031515, 
            -0.2507206756159279, 
            -0.249422, 
            0.282452, 
            0.610681, 
            0.068644, 
            -0.680776, 
            0.677407, 
            0.554347, 
            -0.122957, 
            1.122987, 
            0.303165, 
            0.7257764913645313, 
            0.996359, 
            0.759412, 
            -1.048115, 
            0.171239, 
            0.853787, 
            0.234607, 
            1.034535, 
            -0.11895, 
            -0.761522, 
            -1.113044, 
            0.970236093307959, 
            0.53887, 
            -0.281591, 
            -1.000554, 
            0.741101, 
            -0.818327, 
            0.870524, 
            -0.236059, 
            -0.239353, 
            -0.517197, 
            0.967237, 
            0.773832562136813, 
            -0.783437, 
            -0.089175, 
            0.160296, 
            -0.080471, 
            -0.307139, 
            0.391314, 
            0.419183, 
            -0.976106, 
            0.864004, 
            -0.931158, 
            -0.47188518099277865, 
            -0.7762, 
            -0.670581, 
            -0.345556, 
            -0.203598, 
            0.074557, 
            0.67771, 
            -0.674474, 
            -0.391616, 
            -1.063231, 
            -0.184268, 
            -0.5293416806923386, 
            0.349738, 
            0.89768, 
            -0.945275, 
            -1.059015, 
            -0.209302, 
            0.9769, 
            -0.645428, 
            0.722609, 
            0.159837, 
            -0.768452, 
            0.7892621694718296, 
            0.805617, 
            -0.90871, 
            -0.619136, 
            -0.200974, 
            -0.053349, 
            -0.750947, 
            0.818605, 
            -0.323145, 
            0.805603, 
            0.578928, 
            0.9247936985733569, 
            0.132054, 
            0.991435, 
            -1.045723, 
            0.831662, 
            -0.722032, 
            -0.605394, 
            -0.637904, 
            -0.637116, 
            -0.843355, 
            0.373374, 
            -0.47920343093855333
        ], 
        [
            0.038317, 
            0.768085, 
            0.303795, 
            0.162949, 
            1.043811, 
            -0.95203, 
            -0.95755, 
            -0.529878, 
            -0.137409, 
            0.9529705532843216, 
            -0.796505, 
            0.192638, 
            0.256153, 
            -0.470449, 
            -0.426661, 
            -1.064233, 
            0.835727, 
            0.612588, 
            0.298203, 
            0.7768643215860647, 
            -0.261859, 
            0.741895, 
            -0.446957, 
            -0.013163, 
            -0.850807, 
            0.721225, 
            -0.294779, 
            0.891134, 
            0.777015, 
            -0.31707954000664795, 
            -0.787665, 
            -0.870364, 
            -0.223643, 
            -0.890027, 
            0.395135, 
            0.837388, 
            0.033639, 
            0.395157, 
            0.493356, 
            -0.5203349596217197, 
            -0.005857, 
            -0.683633, 
            0.175293, 
            0.167637, 
            -0.56212, 
            -0.873057, 
            -0.486501, 
            0.708299, 
            0.169542, 
            -0.39681619611105745, 
            0.709897, 
            0.387941, 
            -0.491202, 
            -0.459125, 
            0.492223, 
            0.439199, 
            -0.245631, 
            -0.161189, 
            0.433171, 
            -0.38793303332763096, 
            -0.857398, 
            -0.8611, 
            -0.271458, 
            0.851503, 
            -0.465648, 
            -0.299889, 
            0.784118, 
            -0.428757, 
            0.113916, 
            0.2066742875141192, 
            0.329116, 
            -0.851144, 
            0.577979, 
            0.341909, 
            0.561465, 
            0.615266, 
            0.513875, 
            -0.930124, 
            -0.487212, 
            0.9363858813446821, 
            0.075109, 
            -0.254278, 
            -0.761763, 
            0.805112, 
            -1.014334, 
            0.073973, 
            -1.045831, 
            0.736517, 
            -0.304387, 
            0.48037357386901736, 
            0.645304, 
            0.914059, 
            -0.830865, 
            0.271978, 
            0.815523, 
            -1.047849, 
            -0.96312, 
            -1.042781, 
            0.141883, 
            0.24652945465038956, 
            0.897249, 
            -0.432549, 
            -0.57091, 
            0.057405, 
            -1.031213, 
            -0.395596, 
            0.226212, 
            0.596868, 
            -0.326923, 
            0.18913433379859002
        ], 
        [
            0.416635, 
            0.897444, 
            -1.064221, 
            0.915581, 
            0.562935, 
            0.448942, 
            0.157455, 
            -0.488937, 
            0.333165, 
            0.769071
        ]
    ],