{
    "child iterations" : 15, 
    "is fertile" : false, 
    "is classifier" : false, 
    "is child" : false, 
    "weights" : [
        [
            0.934878, 
            1.007176, 
            -0.898253, 
            0.781862, 
            -0.727781, 
            0.895516, 
            1.104053, 
            0.945847, 
            0.419835, 
            -1.247157, 
            -0.415743, 
            -0.8406467553733377, 
            -0.979596, 
            -0.259738, 
            1.150422, 
            0.191546, 
            0.2108, 
            0.199019, 
            -1.073059, 
            0.878225, 
            -0.897767, 
            -1.181349, 
            -0.498142, 
            0.1427346064963173, 
            -0.753469, 
            -0.065815, 
            0.199321, 
            -1.08056, 
            -0.205382, 
            -1.018398, 
            0.928678, 
            -0.448833, 
            0.973875, 
            1.139861, 
            0.933767, 
            -0.18528993864413312, 
            0.743831, 
            1.156622, 
            0.804756, 
            -0.549907, 
            0.680975, 
            -0.492039, 
            1.153252, 
            -1.268234, 
            0.718384, 
            -0.751311, 
            0.436473, 
            -0.8456748783889696, 
            0.008982, 
            -0.435295, 
            0.495743, 
            -0.121232, 
            1.171346, 
            -0.602447, 
            -0.220365, 
            0.149022, 
            -0.2839, 
            0.049449, 
            -0.657411, 
            0.9262647462570115, 
            -0.020993, 
            0.22852, 
            0.838694, 
            1.028794, 
            -0.73302, 
            -1.02852, 
            1.198068, 
            0.697583, 
            -0.943483, 
            -0.334268, 
            0.325742, 
            0.1304752868012813, 
            0.521828, 
            0.267462, 
            1.021213, 
            -0.474938, 
            1.011338, 
            0.834241, 
            -0.691677, 
            -0.305885, 
            -0.92009, 
            -0.761067, 
            1.117668, 
            -0.25661687191296245, 
            -0.004902, 
            0.617551, 
            1.147967, 
            -0.96105, 
            1.18098, 
            -0.112416, 
            -0.909133, 
            -0.51277, 
            -0.731251, 
            0.087015, 
            0.309786, 
            -0.3540211483797715, 
            -0.728209, 
            0.237953, 
            1.213674, 
            0.605173, 
            -0.410433, 
            -1.16165, 
            0.53968, 
            0.523578, 
            0.176343, 
            1.114525, 
            -0.052769, 
            -0.5421046529274351, 
            0.219976, 
            0.161286, 
            -0.76622, 
            0.513931, 
            -0.950135, 
            -0.685607, 
            -0.210964, 
            -0.497902, 
            1.247525, 
            0.628432, 
            -0.529866, 
            0.42467610573165127, 
            0.211614, 
            0.530129, 
            -1.242311, 
            -0.282141, 
            1.013244, 
            -0.734408, 
            -0.617273, 
            -0.826923, 
            0.2183, 
            -0.319081, 
            0.555718, 
            0.9945375691670533
        ], 
        [
            -1.138874, 
            -0.383346, 
            -0.086972, 
            -0.224003, 
            -0.295337, 
            0.895733, 
            0.150011, 
            -0.547787, 
            -0.105926, 
            -0.270432, 
            1.011721, 
            -0.4203209784700539, 
            -0.651652, 
            -0.397933, 
            0.884096, 
            1.106533, 
            0.448494, 
            0.481205, 
            -0.8734, 
            0.426517, 
            0.326941, 
            -0.1295, 
            -1.181594, 
            -0.45589139240449783, 
            1.13106, 
            -0.184846, 
            -1.185983, 
            0.156943, 
            0.048249, 
            -0.241649, 
            -1.162623, 
            -0.174356, 
            -0.578051, 
            -0.903946, 
            -0.221168, 
            -0.5990063446712686, 
            -0.399183, 
            0.351981, 
            0.039845, 
            -0.0287, 
            -1.04556, 
            -1.133768, 
            1.021251, 
            -0.853315, 
            -0.418645, 
            -0.439878, 
            0.01034, 
            -0.44568312256395637, 
            -0.102424, 
            0.690313, 
            -1.089636, 
            -0.483466, 
            -0.669061, 
            0.890804, 
            -0.379108, 
            -0.261599, 
            0.517538, 
            0.649108, 
            0.001077, 
            0.23088508952666587, 
            -0.028284, 
            -0.381728, 
            0.638111, 
            1.107364, 
            0.741581, 
            0.197202, 
            0.401917, 
            -1.242547, 
            -0.001249, 
            0.481633, 
            0.836746, 
            0.8025054276625958, 
            -0.896865, 
            1.061835, 
            0.088376, 
            -1.2404, 
            0.574738, 
            0.981462, 
            0.35484, 
            1.223176, 
            -0.642268, 
            -0.781722, 
            -1.099933, 
            0.7979197971453749, 
            -0.380533, 
            -0.305592, 
            1.066244, 
            -1.010472, 
            -0.525591, 
            0.309658, 
            0.511466, 
            1.2255, 
            0.763398, 
            -0.721265, 
            0.12584, 
            0.4256193556646575, 
            0.980083, 
            0.895349, 
            0.001254, 
            0.343948, 
            -0.780432, 
            -0.316189, 
            -0.301702, 
            -1.159915, 
            -0.245883, 
            0.251625, 
            0.644408, 
            0.6258139915860905, 
            -0.900166, 
            0.425071, 
            -1.002573, 
            0.409211, 
            -0.937079, 
            -0.439019, 
            0.45887, 
            -1.084956, 
            -1.169674, 
            0.334994, 
            -0.631501, 
            0.32031233002054393, 
            0.436495, 
            -0.376238, 
            0.625575, 
            0.188068, 
            0.6096, 
            0.614985, 
            1.094836, 
            -0.028447, 
            0.239132, 
            0.873882, 
            0.825892, 
            0.2834413475896638, 
            1.192522, 
            -0.972993, 
            -0.486301, 
            0.904065, 
            -1.034125, 
            0.850059, 
            0.193649, 
            -1.053712, 
            -0.893934, 
            -0.474027, 
            0.562493, 
            -0.8646877909107833
        ], 
        [
            0.486277, 
            0.808711, 
            0.811282, 
            -1.070887, 
            -0.866425, 
            0.968314, 
            -0.389903, 
            0.287782, 
            0.305271, 
            0.675408, 
            0.827519, 
            0.552158
        ]
    ],