{
    "child iterations" : 15, 
    "is fertile" : false, 
    "is classifier" : false, 
    "is child" : false, 
    "weights" : [
        [
            4.024615, 
            -0.560655, 
            -2.190031, 
            -6.190676, 
            -0.731152, 
            -0.9709789949666483, 
            -2.892267, 
            2.229097, 
            -0.030023, 
            -6.658809, 
            -3.134944, 
            -0.6148954976617294, 
            2.873216, 
            -2.9492, 
            1.241342, 
            -6.355075, 
            -2.936155, 
            0.14804638675552972, 
            -2.655153, 
            -2.948611, 
            -2.867903, 
            -1.082528, 
            1.944424, 
            -0.9831238342343209, 
            2.202617, 
            2.210215, 
            3.929523, 
            -1.508535, 
            0.76913, 
            0.17135090942412035
        ], 
        [
            -0.906772, 
            1.075074, 
            -2.109512, 
            1.220532, 
            -0.398064, 
            0.7658453396835603, 
            2.819658, 
            -1.960622, 
            -1.691615, 
            -1.470986, 
            -1.721249, 
            0.1630102494497805, 
            -0.192727, 
            -1.679754, 
            -2.556925, 
            -1.399206, 
            0.544847, 
            -0.8566397563117676, 
            4.615383, 
            -1.413274, 
            4.754435, 
            -3.781841, 
            -0.242526, 
            0.918432609655824, 
            0.608749, 
            -1.674551, 
            0.3373, 
            -2.768432, 
            2.557578, 
            0.48157240588095584, 
            0.149919, 
            -0.274164, 
            -0.299071, 
            3.4305, 
            -2.740013, 
            0.05777542197820895
        ], 
        [
            2.51369, 
            3.441941, 
            2.605875, 
            1.83926, 
            -5.685474, 
            3.357623, 
            4.737365, 
            -0.672821, 
            0.059918, 
            1.053091, 
            -0.415626, 
            1.576469
        ]
    ], 
    "momentum weights" : [
        [
            4.024615, 
            -0.560655, 
            -2.190031, 
            -6.190676, 
            -0.731152, 
            -0.9709789949666483, 
            -2.892267, 
            2.229097, 
            -0.030023, 
            -6.658809, 
            -3.134944, 
            -0.6148954976617294, 
            2.873216, 
            -2.9492, 
            1.241342, 
            -6.355075, 
            -2.936155, 
            0.14804638675552972, 
            -2.655153, 
            -2.948611, 
            -2.867903, 
            -1.082528, 
            1.944424, 
            -0.9831238342343209, 
            2.202617, 
            2.210215, 
            3.929523, 
            -1.508535, 
            0.76913, 
            0.17135090942412035
        ], 
        [
            -0.906772, 
            1.075074, 
            -2.109512, 
            1.220532, 
            -0.398064, 
            0.7658453396835603, 
            2.819658, 
            -1.960622, 
            -1.691615, 
            -1.470986, 
            -1.721249, 
            0.1630102494497805, 
            -0.192727, 
            -1.679754, 
            -2.556925, 
            -1.399206, 
            0.544847, 
            -0.8566397563117676, 
            4.615383, 
            -1.413274, 
            4.754435, 
            -3.781841, 
            -0.242526, 
            0.918432609655824, 
            0.608749, 
            -1.674551, 
            0.3373, 
            -2.768432, 
            2.557578, 
            0.48157240588095584, 
            0.149919, 
            -0.274164, 
            -0.299071, 
            3.4305, 
            -2.740013, 
            0.05777542197820895
        ], 
        [
            2.51369, 
            3.441941, 
            2.605875, 
            1.83926, 
            -5.685474, 
            3.357623, 
            4.737365, 
            -0.672821, 
            0.059918, 
            1.053091, 
            -0.415626, 
            1.576469
        ]
    ], 
    "nodes" : [
        [
            0.7765614520909504, 
            0.041114025601784135, 
            -0.5341090313826006, 
            0.7624957945752293, 
            1.0
        ], 
        [
            0.9288454786254657, 
            0.8316211019717816, 
            -0.5526447205648874, 
            -0.9993567044417009, 
            0.9961334118785248, 
            0.7615941559557649
        ], 
        [
            -0.9794027206301386, 
            -0.16655657004648738, 
            -0.9999962711181642, 
            0.9996448541054306, 
            -0.8851337364337564, 
            0.7615941559557649
        ], 
        [
            0.9999987817506769, 
            -0.9999993089172367
        ]
    ], 
    "pre activation nodes" : [
        [
            0.0, 
            0.0, 
            0.0, 
            0.0, 
            0.0
        ], 
        [
            1.6499115178550312, 
            1.1933699582201118, 
            -0.6221809698590621, 
            -4.02086588258414, 
            3.1232973992149633, 
            1.0
        ], 
        [
            -2.28269571214219, 
            -0.16812287820948413, 
            -6.596273730659282, 
            4.317975737070417, 
            -1.3989927594729532, 
            1.0
        ], 
        [
            7.1556211411348745, 
            -7.439076541066108
        ]
    ], 
    "average nodes" : [
        [
            0.0, 
            0.0, 
            0.0, 
            0.0, 
            0.0
        ], 
        [
            0.0, 
            0.0, 
            0.0, 
            0.0, 
            0.0, 
            0.0
        ], 
        [
            0.0, 
            0.0, 
            0.0, 
            0.0, 
            0.0, 
            0.0
        ], 
        [
            0.0, 
            0.0
        ]
    ], 
    "input width" : 4, 
    "output width" : 2, 
    "hidden width" : 5, 
    "hidden length" : 2, 
    "hidden layer details" : {
        "items" : 3, 
        "0" : "is shallow", 
        "1" : "probabilities", 
        "2" : "width", 
        "is shallow" : true, 
        "probabilities" : {
            "2" : 0.85, 
            "3" : 0.12, 
            "1" : 0.03
        }, 
        "width" : {
            "no change" : 0.6, 
            "decrease" : 0.35, 
            "increase" : 0.05
        }
    }, 
    "weight range" : 1.0, 
    "activation function" : 2, 
    "learning rate" : 0.05, 
    "momentum active" : true, 
    "momentum" : 0.001, 
    "accuracy requirement" : 0.985, 
    "epochs" : 10, 
    "batch size" : 40, 
    "accuracy sample size" : 150, 
    "fitness sample size" : 15, 
    "allow testing" : false, 
    "show output" : true, 
    "use bias" : true, 
    "clear bias" : false, 
    "bias value" : 1.0, 
    "child" : null
}