{
    "child iterations" : 15, 
    "is fertile" : false, 
    "is classifier" : false, 
    "is child" : false, 
    "weights" : [
        [
            -0.111407, 
            -0.932551, 
            1.002409, 
            0.382459, 
            0.020675, 
            -0.134615, 
            0.119556, 
            0.439289, 
            0.389093, 
            0.977238, 
            0.34625, 
            0.4190141073213238, 
            0.949653, 
            0.632274, 
            0.397962, 
            0.35218, 
            1.034172, 
            -0.040672, 
            0.412349, 
            -1.025828, 
            -0.488877, 
            0.479408, 
            -0.269653, 
            0.039953834100084906, 
            -0.703681, 
            0.187153, 
            0.119312, 
            0.931729, 
            -0.76727, 
            1.03122, 
            -1.091435, 
            -0.439192, 
            -0.247869, 
            -0.205173, 
            0.45366, 
            -0.8017173724535822, 
            -0.391491, 
            -0.122296, 
            -0.712, 
            0.946532, 
            -0.23594, 
            -0.521876, 
            -0.559247, 
            -0.246607, 
            -0.9827, 
            0.550996, 
            -0.621131, 
            0.7894898892584481, 
            -0.052357, 
            0.042867, 
            0.853534, 
            -0.144981, 
            -0.717607, 
            0.070647, 
            1.062037, 
            -0.479733, 
            0.603109, 
            -1.076049, 
            -0.628535, 
            0.4712112837451947, 
            -0.461997, 
            -0.227907, 
            -0.461013, 
            -0.221783, 
            0.132525, 
            -0.638874, 
            0.18641, 
            -1.052392, 
            -0.279205, 
            1.028446, 
            0.060663, 
            -0.28618058716600303, 
            0.122809, 
            -0.425579, 
            -0.065238, 
            1.094361, 
            -0.122044, 
            0.526541, 
            -0.257068, 
            0.276849, 
            -0.814504, 
            -0.820352, 
            1.020458, 
            -0.4132421633751897, 
            0.11591, 
            -0.025027, 
            -0.029233, 
            -0.05197, 
            -1.019958, 
            0.762656, 
            0.590083, 
            0.005384, 
            -0.319643, 
            0.245016, 
            0.321698, 
            -0.12349632105337727, 
            -0.029557, 
            -0.543723, 
            0.412236, 
            -0.748562, 
            -0.568016, 
            0.373817, 
            -0.733795, 
            0.77822, 
            -1.022392, 
            0.30769, 
            0.488768, 
            0.4035191502187434, 
            0.831318, 
            -0.324044, 
            0.501714, 
            0.143256, 
            0.162574, 
            -0.84266, 
            -0.191939, 
            0.124971, 
            0.435863, 
            0.436492, 
            -0.028145, 
            0.2568429555131275, 
            0.991008, 
            0.876693, 
            -0.40312, 
            0.593792, 
            -0.833239, 
            -0.473887, 
            -0.167521, 
            0.16374, 
            -0.41773, 
            -0.231793, 
            0.788899, 
            0.5011151320364999
        ], 
        [
            0.134639, 
            0.205868, 
            -0.825261, 
            0.595348, 
            0.339034, 
            0.131703, 
            0.726371, 
            1.006758, 
            -0.880934, 
            -0.853442, 
            0.471194, 
            0.378422
        ]
    ], 
    "momentum weights" : [
        [
            -0.111407, 
            -0.932551, 
            1.002409, 
            0.382459, 
            0.020675, 
            -0.134615, 
            0.119556, 
            0.439289, 
            0.389093, 
            0.977238, 
            0.34625, 
            0.4190141073213238, 
            0.949653, 
            0.632274, 
            0.397962, 
            0.35218, 
            1.034172, 
            -0.040672, 
            0.412349, 
            -1.025828, 
            -0.488877, 
            0.479408, 
            -0.269653, 
            0.039953834100084906, 
            -0.703681, 
            0.187153, 
            0.119312, 
            0.931729, 
            -0.76727, 
            1.03122, 
            -1.091435, 
            -0.439192, 
            -0.247869, 
            -0.205173, 
            0.45366, 
            -0.8017173724535822, 
            -0.391491, 
            -0.122296, 
            -0.712, 
            0.946532, 
            -0.23594, 
            -0.521876, 
            -0.559247, 
            -0.246607, 
            -0.9827, 
            0.550996, 
            -0.621131, 
            0.7894898892584481, 
            -0.052357, 
            0.042867, 
            0.853534, 
            -0.144981, 
            -0.717607, 
            0.070647, 
            1.062037, 
            -0.479733, 
            0.603109, 
            -1.076049, 
            -0.628535, 
            0.4712112837451947, 
            -0.461997, 
            -0.227907, 
            -0.461013, 
            -0.221783, 
            0.132525, 
            -0.638874, 
            0.18641, 
            -1.052392, 
            -0.279205, 
            1.028446, 
            0.060663, 
            -0.28618058716600303, 
            0.122809, 
            -0.425579, 
            -0.065238, 
            1.094361, 
            -0.122044, 
            0.526541, 
            -0.257068, 
            0.276849, 
            -0.814504, 
            -0.820352, 
            1.020458, 
            -0.4132421633751897, 
            0.11591, 
            -0.025027, 
            -0.029233, 
            -0.05197, 
            -1.019958, 
            0.762656, 
            0.590083, 
            0.005384, 
            -0.319643, 
            0.245016, 
            0.321698, 
            -0.12349632105337727, 
            -0.029557, 
            -0.543723, 
            0.412236, 
            -0.748562, 
            -0.568016, 
            0.373817, 
            -0.733795, 
            0.77822, 
            -1.022392, 
            0.30769, 
            0.488768, 
            0.4035191502187434, 
            0.831318, 
            -0.324044, 
            0.501714, 
            0.143256, 
            0.162574, 
            -0.84266, 
            -0.191939, 
            0.124971, 
            0.435863, 
            0.436492, 
            -0.028145, 
            0.2568429555131275, 
            0.991008, 
            0.876693, 
            -0.40312, 
            0.593792, 
            -0.833239, 
            -0.473887, 
            -0.167521, 
            0.16374, 
            -0.41773, 
            -0.231793, 
            0.788899, 
            0.5011151320364999
        ], 
        [
            0.134639, 
            0.205868, 
            -0.825261, 
            0.595348, 
            0.339034, 
            0.131703, 
            0.726371, 
            1.006758, 
            -0.880934, 
            -0.853442, 
            0.471194, 
            0.378422
        ]
    ], 
    "nodes" : [
        [
            -1.0, 
            1.0, 
            -1.0, 
            0.650379015947989, 
            1.0000000000000002, 
            1.0, 
            1.0000000000000069, 
            -1.0, 
            1.0000000000000153, 
            1.0, 
            1.0
        ], 
        [
            0.9925642257779502, 
            0.617817327264723, 
            -0.30903924500093566, 
            0.3983191792452271, 
            0.6052984788976769, 
            -0.9952837727782415, 
            0.31721412626626405, 
            -0.880960676570471, 
            -0.9850529797606576, 
            -0.4891046461521816, 
            -0.0928553098868326, 
            0.7615941559557649
        ], 
        [
            0.9354439770350869
        ]
    ],