{
    "child iterations" : 15, 
    "is fertile" : false, 
    "is classifier" : false, 
    "is child" : false, 
    "weights" : [
        [
            8.743409, 
            3.318147, 
            -2.166847, 
            -6.219172, 
            -0.5675303961739417, 
            4.68106, 
            -7.557375, 
            1.493191, 
            -6.070335, 
            0.994063574275815, 
            8.685642, 
            -2.611181, 
            0.412212, 
            -3.610777, 
            -0.5488910775771731, 
            -0.206418, 
            1.357278, 
            1.700223, 
            -2.147571, 
            0.2903760990151161, 
            2.059203, 
            0.805236, 
            3.809972, 
            -0.830605, 
            0.13175550523019708
        ], 
        [
            3.279596, 
            0.877021, 
            -2.558023, 
            -5.729612, 
            3.980519, 
            -0.6090077460886858, 
            -0.536739, 
            1.357847, 
            2.559713, 
            5.945031, 
            4.396299, 
            0.4004778303840062, 
            4.102067, 
            2.938925, 
            -0.091685, 
            -0.913452, 
            3.113402, 
            0.627915815385109, 
            -4.594612, 
            0.854474, 
            2.22718, 
            3.814256, 
            2.574035, 
            -0.28394327830006616, 
            -1.763133, 
            0.745365, 
            4.009037, 
            -3.841193, 
            0.750168, 
            0.28187999758914595
        ], 
        [
            2.304627, 
            -6.953569, 
            -1.988502, 
            0.139775, 
            -1.669793, 
            -0.786837, 
            -5.608547, 
            4.659093, 
            1.488319, 
            3.306863, 
            2.934981, 
            1.706813
        ]
    ], 
    "momentum weights" : [
        [
            8.743409, 
            3.318147, 
            -2.166847, 
            -6.219172, 
            -0.5675303961739417, 
            4.68106, 
            -7.557375, 
            1.493191, 
            -6.070335, 
            0.994063574275815, 
            8.685642, 
            -2.611181, 
            0.412212, 
            -3.610777, 
            -0.5488910775771731, 
            -0.206418, 
            1.357278, 
            1.700223, 
            -2.147571, 
            0.2903760990151161, 
            2.059203, 
            0.805236, 
            3.809972, 
            -0.830605, 
            0.13175550523019708
        ], 
        [
            3.279596, 
            0.877021, 
            -2.558023, 
            -5.729612, 
            3.980519, 
            -0.6090077460886858, 
            -0.536739, 
            1.357847, 
            2.559713, 
            5.945031, 
            4.396299, 
            0.4004778303840062, 
            4.102067, 
            2.938925, 
            -0.091685, 
            -0.913452, 
            3.113402, 
            0.627915815385109, 
            -4.594612, 
            0.854474, 
            2.22718, 
            3.814256, 
            2.574035, 
            -0.28394327830006616, 
            -1.763133, 
            0.745365, 
            4.009037, 
            -3.841193, 
            0.750168, 
            0.28187999758914595
        ], 
        [
            2.304627, 
            -6.953569, 
            -1.988502, 
            0.139775, 
            -1.669793, 
            -0.786837, 
            -5.608547, 
            4.659093, 
            1.488319, 
            3.306863, 
            2.934981, 
            1.706813
        ]
    ], 
    "nodes" : [
        [
            0.3688279283762052, 
            -0.44204425119832963, 
            0.14151678979903934, 
            0.5920092382952798, 
            1.0
        ], 
        [
            0.9996475198422335, 
            0.9999818049896009, 
            0.9978432238565849, 
            -0.9768402728114645, 
            0.7615941559557649
        ], 
        [
            0.9999999957123815, 
            0.9998891254748473, 
            0.657682089999696, 
            -0.9999991666850946, 
            0.9999999896336612, 
            0.7615941559557649
        ], 
        [
            0.9999999251222657, 
            -0.9999992278631513
        ]
    ], 
    "pre activation nodes" : [
        [
            0.0, 
            0.0, 
            0.0, 
            0.0, 
            0.0
        ], 
        [
            4.321743576134688, 
            5.803750619188392, 
            3.4156044545094773, 
            -2.223420076992527, 
            1.0
        ], 
        [
            9.980340783781978, 
            4.900101570915649, 
            0.7887178537768595, 
            -7.345500496188371, 
            9.538924557329171, 
            1.0
        ], 
        [
            8.550278202553766, 
            -7.383625416000686
        ]
    ], 
    "average nodes" : [
        [
            0.0, 
            0.0, 
            0.0, 
            0.0, 
            0.0
        ], 
        [
            0.0, 
            0.0, 
            0.0, 
            0.0, 
            0.0
        ], 
        [
            0.0, 
            0.0, 
            0.0, 
            0.0, 
            0.0, 
            0.0
        ], 
        [
            0.0, 
            0.0
        ]
    ], 
    "input width" : 4, 
    "output width" : 2, 
    "hidden width" : 4, 
    "hidden length" : 2, 
    "hidden layer details" : {
        "items" : 3, 
        "0" : "is shallow", 
        "1" : "probabilities", 
        "2" : "width", 
        "is shallow" : true, 
        "probabilities" : {
            "2" : 0.85, 
            "3" : 0.12, 
            "1" : 0.03
        }, 
        "width" : {
            "no change" : 0.6, 
            "decrease" : 0.35, 
            "increase" : 0.05
        }
    }, 
    "weight range" : 1.0, 
    "activation function" : 2, 
    "learning rate" : 0.05, 
    "momentum active" : true, 
    "momentum" : 0.001, 
    "accuracy requirement" : 0.985, 
    "epochs" : 10, 
    "batch size" : 40, 
    "accuracy sample size" : 150, 
    "fitness sample size" : 15, 
    "allow testing" : false, 
    "show output" : true, 
    "use bias" : true, 
    "clear bias" : false, 
    "bias value" : 1.0, 
    "child" : null
}