{
    "child iterations" : 15, 
    "is fertile" : false, 
    "is classifier" : false, 
    "is child" : false, 
    "weights" : [
        [
            -0.468486, 
            -0.436537, 
            0.664354, 
            0.006413, 
            0.011235, 
            -0.358791, 
            -0.091244, 
            -0.869481, 
            -0.058372, 
            -0.370207, 
            -0.202057, 
            -0.450219, 
            0.4776380783514995, 
            -1.001055, 
            -0.42881, 
            -0.75399, 
            -0.020056, 
            -0.764215, 
            -0.924903, 
            -0.835918, 
            -0.8518, 
            0.887853, 
            -0.204605, 
            -0.902183, 
            -0.25192, 
            0.9925799360721439, 
            -1.02838, 
            0.315687, 
            -0.23948, 
            1.069591, 
            -0.375794, 
            -0.946061, 
            -0.514301, 
            -0.42881, 
            -0.84697, 
            -0.016677, 
            -0.010322, 
            -0.318763, 
            0.23105531026308412, 
            0.686126, 
            -0.455428, 
            -0.331757, 
            -0.789437, 
            0.266812, 
            0.674248, 
            0.010463, 
            0.974162, 
            -0.876605, 
            -0.514674, 
            -0.907025, 
            0.58343, 
            -0.8271649215390573, 
            0.319478, 
            -0.582965, 
            -1.076427, 
            -0.475121, 
            0.573094, 
            0.997438, 
            -0.286942, 
            0.179176, 
            0.280253, 
            0.767417, 
            -0.686506, 
            -0.564595, 
            -0.40641432762428154, 
            0.116092, 
            0.715166, 
            -0.172088, 
            -0.501686, 
            -0.66959, 
            0.821922, 
            0.944352, 
            -0.810924, 
            0.134563, 
            -0.712492, 
            -0.899533, 
            0.915399, 
            0.22609278066773686, 
            -0.567848, 
            0.402378, 
            -0.243401, 
            -0.165129, 
            -0.494359, 
            -0.339688, 
            0.093314, 
            0.273827, 
            -0.508217, 
            -0.396147, 
            -0.265847, 
            0.093307, 
            0.8865792442582445, 
            0.742438, 
            -0.237786, 
            -0.574079, 
            0.270069, 
            0.050214, 
            0.435054, 
            -0.995322, 
            0.015731, 
            -0.412519, 
            1.03466, 
            0.745413, 
            -0.404126, 
            0.6374333042001261, 
            0.731165, 
            -0.060393, 
            -0.635678, 
            0.774283, 
            0.347086, 
            -0.172327, 
            0.655731, 
            0.648579, 
            -0.761549, 
            0.339979, 
            1.016403, 
            -0.650619, 
            -0.343032665474019, 
            -0.198198, 
            -0.104557, 
            0.80813, 
            0.895906, 
            0.174511, 
            -0.168331, 
            0.425373, 
            0.166452, 
            0.83048, 
            -0.282409, 
            -0.31009, 
            -0.648002, 
            0.9421584117759942, 
            -0.448226, 
            0.01424, 
            -0.285019, 
            -0.165375, 
            -0.496542, 
            0.325454, 
            -0.355216, 
            -0.928658, 
            -0.794527, 
            -0.200668, 
            -0.669022, 
            0.827116, 
            0.9481939811228826
        ], 
        [
            -0.477021, 
            0.641737, 
            0.291668, 
            -0.604595, 
            -0.561564, 
            -0.967195, 
            0.213606, 
            -0.696908, 
            0.838089, 
            -0.400875, 
            0.919774, 
            -0.3387423205605229, 
            0.323974, 
            -0.681679, 
            -0.570293, 
            0.934329, 
            -0.01859, 
            0.308419, 
            -0.40832, 
            0.994718, 
            0.631523, 
            -0.243665, 
            -0.226677, 
            -0.6991471594410954, 
            -0.932977, 
            0.445242, 
            -0.658106, 
            -0.049926, 
            -0.629307, 
            -0.870088, 
            0.067833, 
            0.04616, 
            -0.809797, 
            -0.663637, 
            0.559858, 
            -0.7139015349866293, 
            0.148206, 
            -0.676171, 
            0.702226, 
            -0.808252, 
            -0.795786, 
            -0.00708, 
            -0.84402, 
            -0.657457, 
            0.146557, 
            -0.638617, 
            -0.298083, 
            0.25544447627528655, 
            1.033804, 
            -0.561087, 
            -0.394802, 
            -0.148773, 
            -0.721657, 
            -0.737561, 
            -0.655398, 
            -0.849993, 
            0.673427, 
            -0.199163, 
            0.463611, 
            0.06734136043112549, 
            -0.545075, 
            -0.763329, 
            -0.281669, 
            0.07276, 
            1.036482, 
            -0.681638, 
            0.856065, 
            0.746251, 
            -0.872884, 
            0.186258, 
            0.902023, 
            0.21965668947067218, 
            0.715362, 
            0.299202, 
            -0.904104, 
            -0.169788, 
            -0.128613, 
            0.285993, 
            0.989514, 
            0.19116, 
            0.408335, 
            -1.032212, 
            0.042205, 
            -0.4541742810885385, 
            -0.92388, 
            0.476044, 
            0.012927, 
            -0.646549, 
            -0.03512, 
            -0.391326, 
            -0.875896, 
            0.824696, 
            -0.406487, 
            0.793502, 
            0.958529, 
            0.014781837253325714, 
            0.707727, 
            0.947013, 
            0.890496, 
            0.963496, 
            0.326767, 
            0.980096, 
            -0.925077, 
            -0.10442, 
            -0.157887, 
            0.577997, 
            -0.597848, 
            0.7649946755504611, 
            -0.680925, 
            0.816512, 
            -0.005328, 
            -0.186084, 
            0.529715, 
            0.805779, 
            -0.028091, 
            -0.216551, 
            -0.108458, 
            0.683698, 
            0.019791, 
            0.5275410970936669, 
            0.380856, 
            0.34974, 
            -0.861171, 
            -0.634299, 
            -0.851192, 
            0.60349, 
            0.993029, 
            0.498154, 
            -0.99227, 
            0.228063, 
            -0.549026, 
            -0.3837343684793495, 
            -0.611654, 
            -0.567486, 
            -0.843106, 
            -0.465027, 
            0.327287, 
            0.998675, 
            -0.903196, 
            0.142146, 
            0.184835, 
            0.077726, 
            1.030834, 
            -0.5288335094816705, 
            0.240316, 
            -0.58392, 
            -0.527237, 
            -0.554606, 
            0.094241, 
            -0.687539, 
            -0.469716, 
            -0.448542, 
            -0.070463, 
            0.599493, 
            -0.054212, 
            -0.4257418018276844
        ], 
        [
            -0.385223, 
            0.517781, 
            -0.581292, 
            0.324542, 
            -0.460804, 
            0.613499, 
            -0.190654, 
            0.438911, 
            -0.808564, 
            -0.113975, 
            0.541856, 
            0.175558
        ]
    ],