{
    "child iterations" : 15, 
    "is fertile" : false, 
    "is classifier" : false, 
    "is child" : false, 
    "weights" : [
        [
            492.01497, 
            480.484721, 
            -505.481388, 
            -480.089016, 
            285.690753, 
            341.348746, 
            741.943662, 
            -453.108996, 
            124.450356, 
            -426.655131, 
            927.140309, 
            615.019922, 
            294.266907, 
            244.106796, 
            460.820225, 
            -178.810713, 
            -3.43127, 
            -332.021795, 
            378.870503, 
            321.948175, 
            505.925586, 
            150.468039, 
            81.697473, 
            -59.457112, 
            344.06687
        ], 
        [
            -677.316271, 
            176.665968, 
            128.731026, 
            28.746373, 
            -606.230783, 
            96.817445, 
            341.214899, 
            -426.319694, 
            206.309373, 
            -48.111528, 
            -131.076625, 
            212.333792, 
            -22.786404, 
            -151.230866, 
            -173.471497, 
            497.230329, 
            317.172682, 
            387.901341, 
            524.329021, 
            -485.444687
        ], 
        [
            -489.829462, 
            533.900629, 
            331.036905, 
            -236.720114, 
            452.525538, 
            -85.531462, 
            -465.533946, 
            -26.322698
        ]
    ], 
    "momentum weights" : [
        [
            492.01497, 
            480.484721, 
            -505.481388, 
            -480.089016, 
            285.690753, 
            341.348746, 
            741.943662, 
            -453.108996, 
            124.450356, 
            -426.655131, 
            927.140309, 
            615.019922, 
            294.266907, 
            244.106796, 
            460.820225, 
            -178.810713, 
            -3.43127, 
            -332.021795, 
            378.870503, 
            321.948175, 
            505.925586, 
            150.468039, 
            81.697473, 
            -59.457112, 
            344.06687
        ], 
        [
            -677.316271, 
            176.665968, 
            128.731026, 
            28.746373, 
            -606.230783, 
            96.817445, 
            341.214899, 
            -426.319694, 
            206.309373, 
            -48.111528, 
            -131.076625, 
            212.333792, 
            -22.786404, 
            -151.230866, 
            -173.471497, 
            497.230329, 
            317.172682, 
            387.901341, 
            524.329021, 
            -485.444687
        ], 
        [
            -489.829462, 
            533.900629, 
            331.036905, 
            -236.720114, 
            452.525538, 
            -85.531462, 
            -465.533946, 
            -26.322698
        ]
    ], 
    "nodes" : [
        [
            -0.0019196792361667115, 
            0.6898150400191584, 
            -0.46309173541258314, 
            -0.21410840448457416, 
            1.0
        ], 
        [
            1.0, 
            1.0, 
            -1.0, 
            -1.0, 
            0.7615941559557649
        ], 
        [
            -1.0, 
            1.0, 
            1.0, 
            0.7615941559557649
        ], 
        [
            1.0, 
            -1.0
        ]
    ], 
    "pre activation nodes" : [
        [
            0.0, 
            0.0, 
            0.0, 
            0.0, 
            0.0
        ], 
        [
            349.3824357600979, 
            377.2735801050562, 
            -295.0774809395372, 
            -166.85096646917805, 
            1.0
        ], 
        [
            -1225.513161959984, 
            768.2492013930043, 
            1173.8199651916075, 
            1.0
        ], 
        [
            918.8439723273733, 
            -876.1994179657885
        ]
    ], 
    "average nodes" : [
        [
            0.0, 
            0.0, 
            0.0, 
            0.0, 
            0.0
        ], 
        [
            0.0, 
            0.0, 
            0.0, 
            0.0, 
            0.0
        ], 
        [
            0.0, 
            0.0, 
            0.0, 
            0.0
        ], 
        [
            0.0, 
            0.0
        ]
    ], 
    "input width" : 4, 
    "output width" : 2, 
    "hidden width" : 5, 
    "hidden length" : 2, 
    "hidden layer details" : {
        "items" : 3, 
        "0" : "is shallow", 
        "1" : "probabilities", 
        "2" : "width", 
        "is shallow" : true, 
        "probabilities" : {
            "2" : 0.85, 
            "3" : 0.12, 
            "1" : 0.03
        }, 
        "width" : {
            "no change" : 0.6, 
            "decrease" : 0.35, 
            "increase" : 0.05
        }
    }, 
    "weight range" : 1.0, 
    "activation function" : 2, 
    "learning rate" : 0.05, 
    "momentum active" : true, 
    "momentum" : 0.001, 
    "accuracy requirement" : 0.985, 
    "epochs" : 10, 
    "batch size" : 40, 
    "accuracy sample size" : 150, 
    "fitness sample size" : 15, 
    "allow testing" : false, 
    "show output" : true, 
    "use bias" : true, 
    "clear bias" : false, 
    "bias value" : 1.0, 
    "child" : null
}