{
    "child iterations" : 15, 
    "is fertile" : false, 
    "is classifier" : false, 
    "is child" : false, 
    "weights" : [
        [
            -38.70953, 
            25.698505, 
            -5.063522, 
            -23.071397, 
            -23.176474, 
            4.468267, 
            -50.463101, 
            -20.232264, 
            -7.037249, 
            -24.340036, 
            -13.996941, 
            -23.270559, 
            -38.633742, 
            22.608171, 
            -21.851156, 
            -51.42524, 
            -8.794585, 
            8.01785, 
            -12.465657, 
            22.905131, 
            27.948538, 
            12.813393, 
            14.822125, 
            25.289182, 
            -6.324302, 
            -8.69158, 
            -17.951779, 
            -28.905969, 
            -4.277604, 
            23.81531
        ], 
        [
            -23.851418, 
            -8.849045, 
            46.677962, 
            -12.531, 
            -5.838567, 
            6.944212, 
            -18.228637, 
            -14.40495, 
            21.125072, 
            18.283873, 
            4.768552, 
            -11.241567, 
            0.773818, 
            20.550406, 
            -4.93401, 
            3.050483, 
            -22.357941, 
            38.404867, 
            5.361065, 
            -3.18459, 
            3.535541, 
            -22.027781, 
            -3.390219, 
            -9.762684, 
            -24.360062, 
            -12.961127, 
            -2.752767, 
            16.930391, 
            20.35644, 
            27.14836
        ], 
        [
            -2.100842, 
            -21.927551, 
            21.178827, 
            -13.344358, 
            -30.926159, 
            32.646686, 
            17.698778, 
            4.021154, 
            -16.227386, 
            -9.754961
        ]
    ], 
    "momentum weights" : [
        [
            -38.70953, 
            25.698505, 
            -5.063522, 
            -23.071397, 
            -23.176474, 
            4.468267, 
            -50.463101, 
            -20.232264, 
            -7.037249, 
            -24.340036, 
            -13.996941, 
            -23.270559, 
            -38.633742, 
            22.608171, 
            -21.851156, 
            -51.42524, 
            -8.794585, 
            8.01785, 
            -12.465657, 
            22.905131, 
            27.948538, 
            12.813393, 
            14.822125, 
            25.289182, 
            -6.324302, 
            -8.69158, 
            -17.951779, 
            -28.905969, 
            -4.277604, 
            23.81531
        ], 
        [
            -23.851418, 
            -8.849045, 
            46.677962, 
            -12.531, 
            -5.838567, 
            6.944212, 
            -18.228637, 
            -14.40495, 
            21.125072, 
            18.283873, 
            4.768552, 
            -11.241567, 
            0.773818, 
            20.550406, 
            -4.93401, 
            3.050483, 
            -22.357941, 
            38.404867, 
            5.361065, 
            -3.18459, 
            3.535541, 
            -22.027781, 
            -3.390219, 
            -9.762684, 
            -24.360062, 
            -12.961127, 
            -2.752767, 
            16.930391, 
            20.35644, 
            27.14836
        ], 
        [
            -2.100842, 
            -21.927551, 
            21.178827, 
            -13.344358, 
            -30.926159, 
            32.646686, 
            17.698778, 
            4.021154, 
            -16.227386, 
            -9.754961
        ]
    ], 
    "nodes" : [
        [
            -0.35028016355494024, 
            -0.4900522737392749, 
            0.21407801494819834, 
            0.8325831764823554, 
            1.0
        ], 
        [
            0.999999999994559, 
            0.9999999999999806, 
            0.9999838098282251, 
            -0.9999999810545328, 
            1.0, 
            0.7615941559557649
        ], 
        [
            -1.0, 
            -1.0, 
            0.9994989183405008, 
            1.0, 
            0.7615941559557649
        ], 
        [
            -1.0, 
            1.0
        ]
    ], 
    "pre activation nodes" : [
        [
            0.0, 
            0.0, 
            0.0, 
            0.0, 
            0.0
        ], 
        [
            13.315104785139198, 
            16.131949536589723, 
            5.8621226329178775, 
            -9.237424152681143, 
            21.15781248141663, 
            1.0
        ], 
        [
            -21.524791723554003, 
            -40.08539868054027, 
            4.145819042744179, 
            29.523742127096632, 
            1.0
        ], 
        [
            -44.64855181296473, 
            64.49406905522557
        ]
    ], 
    "average nodes" : [
        [
            0.0, 
            0.0, 
            0.0, 
            0.0, 
            0.0
        ], 
        [
            0.0, 
            0.0, 
            0.0, 
            0.0, 
            0.0, 
            0.0
        ], 
        [
            0.0, 
            0.0, 
            0.0, 
            0.0, 
            0.0
        ], 
        [
            0.0, 
            0.0
        ]
    ], 
    "input width" : 4, 
    "output width" : 2, 
    "hidden width" : 6, 
    "hidden length" : 2, 
    "hidden layer details" : {
        "items" : 3, 
        "0" : "is shallow", 
        "1" : "probabilities", 
        "2" : "width", 
        "is shallow" : true, 
        "probabilities" : {
            "2" : 0.85, 
            "3" : 0.12, 
            "1" : 0.03
        }, 
        "width" : {
            "no change" : 0.6, 
            "decrease" : 0.35, 
            "increase" : 0.05
        }
    }, 
    "weight range" : 1.0, 
    "activation function" : 2, 
    "learning rate" : 0.05, 
    "momentum active" : true, 
    "momentum" : 0.001, 
    "accuracy requirement" : 0.985, 
    "epochs" : 10, 
    "batch size" : 40, 
    "accuracy sample size" : 150, 
    "fitness sample size" : 15, 
    "allow testing" : false, 
    "show output" : true, 
    "use bias" : true, 
    "clear bias" : false, 
    "bias value" : 1.0, 
    "child" : null
}