{
    "child iterations" : 15, 
    "is fertile" : false, 
    "is classifier" : false, 
    "is child" : false, 
    "weights" : [
        [
            -0.398291, 
            -0.609252, 
            0.546881, 
            0.725363, 
            0.504042, 
            -0.496714, 
            -0.378474, 
            -0.799491, 
            -0.866571, 
            0.637118, 
            -0.305019, 
            0.129165, 
            -0.274925, 
            -0.177597, 
            0.203242, 
            0.06392, 
            0.612646, 
            -0.25521222364504004, 
            0.470899, 
            -0.634005, 
            -0.554086, 
            0.009118, 
            -0.115085, 
            -0.674892, 
            0.152481, 
            -1.053203, 
            -0.955143, 
            1.010067, 
            -0.750768, 
            -0.802141, 
            0.295625, 
            -0.203852, 
            -0.84932, 
            0.241358, 
            -0.574661, 
            0.4652031211450347, 
            -0.411645, 
            -0.92616, 
            1.048862, 
            0.232681, 
            0.179304, 
            -0.263702, 
            -0.721665, 
            -1.060287, 
            0.669616, 
            0.463187, 
            1.045721, 
            -0.407041, 
            0.787271, 
            -0.713451, 
            -0.415566, 
            -0.543065, 
            0.473939, 
            0.2403130258055155, 
            -0.831581, 
            0.15508, 
            0.969498, 
            -0.829364, 
            0.630563, 
            -0.718827, 
            1.014779, 
            0.181667, 
            -0.340689, 
            -0.311881, 
            0.568063, 
            0.848193, 
            0.214219, 
            -0.392924, 
            -0.444545, 
            0.751971, 
            0.437858, 
            -0.2602799712830537, 
            -0.793822, 
            0.217953, 
            0.920589, 
            0.304996, 
            1.105873, 
            0.902949, 
            -0.775912, 
            0.91854, 
            -0.130593, 
            -0.646243, 
            -0.855042, 
            0.2803, 
            0.842237, 
            0.023178, 
            0.878968, 
            -0.891268, 
            0.930434, 
            0.2668982035083247, 
            0.91238, 
            -0.030136, 
            0.242158, 
            0.784973, 
            -0.581685, 
            -0.594986, 
            0.878269, 
            0.710285, 
            -0.70008, 
            -0.531073, 
            0.44401, 
            0.498743, 
            0.53948, 
            -0.670148, 
            0.917846, 
            -0.564648, 
            -0.581182, 
            0.2744904076086585, 
            0.294947, 
            -0.162047, 
            0.785539, 
            0.538879, 
            0.702239, 
            0.203954, 
            0.977107, 
            0.505881, 
            -0.048878, 
            -0.639714, 
            0.802304, 
            -0.426262, 
            -1.029342, 
            0.714992, 
            0.603318, 
            0.346667, 
            0.648287, 
            -0.0632949342948268, 
            0.03001, 
            0.580814, 
            -0.597093, 
            0.026076, 
            -0.783585, 
            -0.813374, 
            -0.199043, 
            -0.283362, 
            -0.519413, 
            -0.562356, 
            -0.836756, 
            1.001473, 
            0.23448, 
            0.60699, 
            -0.41825, 
            0.845475, 
            -0.64699, 
            0.2670636635796997, 
            -0.143414, 
            -0.0657, 
            -0.22715, 
            -0.40132, 
            0.810526, 
            -1.064089, 
            -0.777173, 
            0.012744, 
            -0.416692, 
            -0.530048, 
            0.924375, 
            0.501734, 
            -0.451143, 
            -0.940054, 
            -0.16983, 
            0.252027, 
            -0.052733, 
            -0.1212971383442647, 
            -0.154117, 
            -0.124669, 
            0.877025, 
            -0.741437, 
            0.665414, 
            -0.059088, 
            0.197676, 
            -0.769858, 
            0.357157, 
            -0.180349, 
            0.196073, 
            -0.332601, 
            -0.648972, 
            0.816171, 
            0.939799, 
            0.424105, 
            0.612637, 
            0.698834912483552, 
            0.447274, 
            -0.295119, 
            -0.440309, 
            0.388992, 
            0.616271, 
            0.299356, 
            0.743148, 
            0.151808, 
            0.846579, 
            0.045534, 
            -0.879918, 
            -0.100135, 
            0.819103, 
            0.300134, 
            -0.878949, 
            -0.014658, 
            -0.295364, 
            -0.44160763378553636
        ], 
        [
            -0.15532, 
            -0.193512, 
            0.77697, 
            0.714197, 
            0.334208, 
            0.236905, 
            0.370171, 
            0.435126, 
            -0.056101, 
            -0.912414, 
            -0.287687, 
            -0.509217, 
            -0.310269, 
            -0.274514, 
            1.106718, 
            0.633078, 
            0.347507, 
            0.411008
        ]
    ],