{
    "child iterations" : 15, 
    "is fertile" : false, 
    "is classifier" : false, 
    "is child" : false, 
    "weights" : [
        [
            0.861031, 
            -0.049542, 
            -0.935404, 
            0.849543, 
            0.000401, 
            -0.635908, 
            -0.830432, 
            -0.029301, 
            -0.155417, 
            0.745049, 
            0.11558, 
            -0.079416, 
            -0.018206532590541835, 
            -0.663317, 
            0.990124, 
            -0.079605, 
            0.075359, 
            -0.777222, 
            -0.078303, 
            0.71855, 
            1.086904, 
            -0.765964, 
            0.692504, 
            -0.351104, 
            -0.798473, 
            0.48184841490162267, 
            0.341101, 
            0.897721, 
            0.755308, 
            -0.072314, 
            0.022219, 
            -0.386868, 
            -0.981298, 
            -0.964394, 
            -0.869368, 
            -0.61133, 
            -0.824268, 
            -0.131282, 
            -0.4852451262360731, 
            -0.372892, 
            0.054159, 
            -0.50688, 
            0.446349, 
            0.228961, 
            -0.799001, 
            -0.552482, 
            -0.227142, 
            0.297965, 
            0.582547, 
            -0.966297, 
            0.33725, 
            -0.972833243456934, 
            -0.744479, 
            -0.982426, 
            -0.31364, 
            0.42152, 
            -0.025147, 
            0.399683, 
            0.552403, 
            -0.723646, 
            0.376429, 
            -0.9152, 
            0.393658, 
            -0.801353, 
            0.1614184318554155, 
            -0.654228, 
            0.828929, 
            0.929187, 
            0.01235, 
            0.058394, 
            -0.902201, 
            0.493975, 
            0.875993, 
            -0.482902, 
            -0.066653, 
            -0.548708, 
            -0.313992, 
            0.46310093819731546, 
            0.42755, 
            0.65058, 
            -0.193637, 
            -0.657774, 
            -0.519908, 
            -0.928219, 
            0.246309, 
            0.273638, 
            0.006115, 
            0.922565, 
            0.382515, 
            0.068224, 
            0.16886679258950532, 
            1.004807, 
            0.187907, 
            -0.119483, 
            0.533075, 
            -0.170865, 
            -0.565318, 
            -0.425706, 
            -0.114426, 
            -0.084977, 
            -0.571319, 
            -0.815047, 
            -0.038925, 
            0.4002780769721379, 
            0.280043, 
            0.344603, 
            -0.192397, 
            -0.206698, 
            -0.292087, 
            0.360153, 
            0.155567, 
            0.168165, 
            0.280339, 
            -0.834348, 
            -0.531784, 
            -0.757411, 
            0.1726621935567414, 
            0.221634, 
            -0.810055, 
            -0.031118, 
            0.80465, 
            -1.010795, 
            0.890981, 
            0.688662, 
            0.547114, 
            -0.639691, 
            0.146889, 
            -0.545131, 
            -0.928319, 
            -0.739808902523839, 
            -0.458434, 
            -0.911642, 
            -1.055532, 
            -0.82675, 
            0.037092, 
            0.451387, 
            0.605885, 
            0.897211, 
            1.008313, 
            -0.998782, 
            -0.535881, 
            0.553665, 
            0.6920111856056759
        ], 
        [
            0.975515, 
            0.548487, 
            0.844903, 
            0.670477, 
            0.776064, 
            -0.467702, 
            -0.079273, 
            0.367283, 
            -0.744037, 
            0.327485, 
            -0.266724, 
            -0.15848354943471543, 
            0.784014, 
            0.156572, 
            0.073678, 
            0.667442, 
            -0.637588, 
            0.677538, 
            0.223816, 
            -0.164849, 
            -0.303329, 
            -0.833494, 
            -0.942572, 
            -0.40888647251803745, 
            0.953937, 
            -0.859118, 
            0.395958, 
            0.563623, 
            0.484173, 
            -0.602508, 
            -0.437431, 
            -0.565289, 
            -0.047099, 
            0.070086, 
            -0.873523, 
            -0.07511899996803506, 
            0.18428, 
            -0.854507, 
            -1.0653, 
            0.20867, 
            -0.68541, 
            -0.678118, 
            0.039611, 
            0.790955, 
            -0.288208, 
            -0.936577, 
            -0.396137, 
            0.10019531133185167, 
            -0.796637, 
            0.571609, 
            0.517221, 
            -0.755085, 
            -0.622254, 
            -0.078268, 
            0.40008, 
            -0.753209, 
            -0.085405, 
            0.640365, 
            0.659494, 
            0.8672405685600206, 
            -0.283047, 
            -0.05899, 
            0.745328, 
            0.320109, 
            0.160337, 
            -0.024838, 
            -0.256728, 
            -0.538731, 
            -0.880331, 
            0.717553, 
            -0.918483, 
            0.23892660122950038, 
            -0.473824, 
            -0.095084, 
            0.609074, 
            -0.770867, 
            0.473615, 
            0.207157, 
            -0.117953, 
            -0.434905, 
            -0.88742, 
            -1.034852, 
            -0.313371, 
            0.062122896139009676, 
            -0.943349, 
            0.437757, 
            -0.718691, 
            0.399797, 
            0.352819, 
            -0.925203, 
            0.082411, 
            0.983701, 
            -0.625127, 
            -0.937364, 
            0.534864, 
            0.35061884889859374, 
            -0.132179, 
            0.950124, 
            -0.221829, 
            0.019048, 
            -0.036991, 
            0.623008, 
            0.349662, 
            0.763345, 
            -0.00247, 
            0.196397, 
            0.879815, 
            -0.3810270494360626, 
            0.129989, 
            0.891347, 
            -0.164752, 
            0.361943, 
            -0.601802, 
            -0.298309, 
            0.860066, 
            0.439178, 
            0.724861, 
            -0.826836, 
            0.50838, 
            0.5152303305966397, 
            -0.608243, 
            -0.338671, 
            -0.500242, 
            -0.72274, 
            0.209831, 
            0.331906, 
            0.01131, 
            0.222365, 
            -0.339894, 
            0.532773, 
            0.529431, 
            0.5040648213582093, 
            0.009371, 
            0.22514, 
            0.918959, 
            0.263133, 
            -0.196756, 
            -0.603839, 
            -0.53159, 
            -0.397748, 
            -0.492253, 
            0.808275, 
            0.404215, 
            -0.424567655923656, 
            -0.3159, 
            -0.224628, 
            0.156511, 
            -0.740772, 
            0.092124, 
            0.855353, 
            -0.829797, 
            -0.278056, 
            -0.983474, 
            -0.645168, 
            0.645325, 
            0.25287735994806737
        ], 
        [
            0.876095, 
            -0.790547, 
            0.74081, 
            -0.996367, 
            0.247097, 
            1.077726, 
            0.395604, 
            -0.403861, 
            -0.441883, 
            -0.576699, 
            0.612263, 
            -0.35664
        ]
    ],