{
    "child iterations" : 15, 
    "is fertile" : false, 
    "is classifier" : false, 
    "is child" : false, 
    "weights" : [
        [
            3.069873, 
            -2.463791, 
            -3.318999, 
            4.2567, 
            -1.401576, 
            4.442803, 
            0.40466390679780373, 
            3.317806, 
            -2.881728, 
            -2.224283, 
            0.673721, 
            -2.198412, 
            5.575904, 
            -0.03594066703638599, 
            3.076862, 
            -6.41546, 
            -3.312762, 
            -2.367892, 
            -1.937092, 
            5.043244, 
            -0.7078239835518851, 
            -2.325062, 
            0.843425, 
            -0.138846, 
            3.092882, 
            -0.997859, 
            -0.645819, 
            0.1618992056046371, 
            -0.10459, 
            -3.603925, 
            0.536642, 
            0.141857, 
            0.709553, 
            2.555313, 
            -0.8796257538893413
        ], 
        [
            1.780096, 
            2.835889, 
            -1.231759, 
            -2.476103, 
            2.396389, 
            -1.775506, 
            -0.5000865475335154, 
            2.63416, 
            0.322064, 
            -0.51112, 
            -2.029258, 
            -3.132641, 
            -2.938395, 
            -0.8329320190865037, 
            3.474936, 
            -3.000071, 
            -3.676037, 
            -2.561585, 
            -1.5954, 
            1.321056, 
            -0.5092606339732137, 
            -0.925236, 
            2.440749, 
            -0.914183, 
            -3.139156, 
            1.543152, 
            -3.026704, 
            0.798224110852626, 
            2.945963, 
            -0.344595, 
            0.509189, 
            -0.353905, 
            -1.245232, 
            -1.913891, 
            -0.9724131741048625, 
            -1.345558, 
            -2.134782, 
            1.662928, 
            -0.010323, 
            3.482766, 
            -2.493119, 
            -0.37508233339617547, 
            -2.975964, 
            -2.06158, 
            0.241314, 
            -3.388328, 
            0.846452, 
            -1.959084, 
            0.005393810482193784
        ], 
        [
            -1.829991, 
            1.302184, 
            2.637377, 
            1.917334, 
            -1.077145, 
            -3.341916, 
            -3.921043, 
            2.21063, 
            5.587328, 
            -3.09367, 
            0.995115, 
            1.748883, 
            -0.135337, 
            3.50527
        ]
    ], 
    "momentum weights" : [
        [
            3.069873, 
            -2.463791, 
            -3.318999, 
            4.2567, 
            -1.401576, 
            4.442803, 
            0.40466390679780373, 
            3.317806, 
            -2.881728, 
            -2.224283, 
            0.673721, 
            -2.198412, 
            5.575904, 
            -0.03594066703638599, 
            3.076862, 
            -6.41546, 
            -3.312762, 
            -2.367892, 
            -1.937092, 
            5.043244, 
            -0.7078239835518851, 
            -2.325062, 
            0.843425, 
            -0.138846, 
            3.092882, 
            -0.997859, 
            -0.645819, 
            0.1618992056046371, 
            -0.10459, 
            -3.603925, 
            0.536642, 
            0.141857, 
            0.709553, 
            2.555313, 
            -0.8796257538893413
        ], 
        [
            1.780096, 
            2.835889, 
            -1.231759, 
            -2.476103, 
            2.396389, 
            -1.775506, 
            -0.5000865475335154, 
            2.63416, 
            0.322064, 
            -0.51112, 
            -2.029258, 
            -3.132641, 
            -2.938395, 
            -0.8329320190865037, 
            3.474936, 
            -3.000071, 
            -3.676037, 
            -2.561585, 
            -1.5954, 
            1.321056, 
            -0.5092606339732137, 
            -0.925236, 
            2.440749, 
            -0.914183, 
            -3.139156, 
            1.543152, 
            -3.026704, 
            0.798224110852626, 
            2.945963, 
            -0.344595, 
            0.509189, 
            -0.353905, 
            -1.245232, 
            -1.913891, 
            -0.9724131741048625, 
            -1.345558, 
            -2.134782, 
            1.662928, 
            -0.010323, 
            3.482766, 
            -2.493119, 
            -0.37508233339617547, 
            -2.975964, 
            -2.06158, 
            0.241314, 
            -3.388328, 
            0.846452, 
            -1.959084, 
            0.005393810482193784
        ], 
        [
            -1.829991, 
            1.302184, 
            2.637377, 
            1.917334, 
            -1.077145, 
            -3.341916, 
            -3.921043, 
            2.21063, 
            5.587328, 
            -3.09367, 
            0.995115, 
            1.748883, 
            -0.135337, 
            3.50527
        ]
    ], 
    "nodes" : [
        [
            0.727321896025788, 
            0.2111492364741232, 
            -0.5597251599284898, 
            0.8499686298044136, 
            1.0
        ], 
        [
            -0.7012108919492824, 
            -0.9349813795239844, 
            -0.5446708686966126, 
            0.9999991478503097, 
            -0.4914320815036312, 
            0.9984846599873467, 
            0.7615941559557649
        ], 
        [
            -0.9999999998274641, 
            -0.9410527305489284, 
            0.9993602346596029, 
            -0.48328510095874255, 
            0.9999998978108644, 
            -0.9925534982050657, 
            0.7615941559557649
        ], 
        [
            0.9998219159890144, 
            -0.9999999920968432
        ]
    ], 
    "pre activation nodes" : [
        [
            0.0, 
            0.0, 
            0.0, 
            0.0, 
            0.0
        ], 
        [
            -0.8696787827905641, 
            -1.6965896423497573, 
            -0.6107728068588661, 
            7.334325193639681, 
            -0.537946646471594, 
            3.5922523288920156, 
            1.0
        ], 
        [
            -11.586781417928488, 
            -1.7471712216628104, 
            4.0236181755955, 
            -0.5272616499423903, 
            8.394793800045512, 
            -2.7947139478526877, 
            1.0
        ], 
        [
            4.663156640888335, 
            -9.674575372969576
        ]
    ], 
    "average nodes" : [
        [
            0.0, 
            0.0, 
            0.0, 
            0.0, 
            0.0
        ], 
        [
            0.0, 
            0.0, 
            0.0, 
            0.0, 
            0.0, 
            0.0, 
            0.0
        ], 
        [
            0.0, 
            0.0, 
            0.0, 
            0.0, 
            0.0, 
            0.0, 
            0.0
        ], 
        [
            0.0, 
            0.0
        ]
    ], 
    "input width" : 4, 
    "output width" : 2, 
    "hidden width" : 7, 
    "hidden length" : 2, 
    "hidden layer details" : {
        "items" : 3, 
        "0" : "is shallow", 
        "1" : "probabilities", 
        "2" : "width", 
        "is shallow" : true, 
        "probabilities" : {
            "2" : 0.85, 
            "3" : 0.12, 
            "1" : 0.03
        }, 
        "width" : {
            "no change" : 0.6, 
            "decrease" : 0.35, 
            "increase" : 0.05
        }
    }, 
    "weight range" : 1.0, 
    "activation function" : 2, 
    "learning rate" : 0.05, 
    "momentum active" : true, 
    "momentum" : 0.001, 
    "accuracy requirement" : 0.985, 
    "epochs" : 10, 
    "batch size" : 40, 
    "accuracy sample size" : 150, 
    "fitness sample size" : 15, 
    "allow testing" : false, 
    "show output" : true,