{
    "child iterations" : 15, 
    "is fertile" : false, 
    "is classifier" : false, 
    "is child" : false, 
    "weights" : [
        [
            1.549056, 
            4.214738, 
            1.811008, 
            4.170967, 
            0.24879, 
            -1.990846, 
            -0.8283247563197411, 
            1.513304, 
            3.676269, 
            0.954796, 
            5.351784, 
            -2.774489, 
            1.266785, 
            -0.7047522919159941, 
            -2.313168, 
            0.833587, 
            -2.579382, 
            5.356431, 
            -2.791743, 
            -3.728059, 
            0.9329736202007264, 
            -1.042051, 
            0.482287, 
            -0.839679, 
            -0.926147, 
            -0.232398, 
            -0.160812, 
            0.27312700940181633, 
            -1.236137, 
            0.908854, 
            -1.882042, 
            1.998909, 
            -0.737087, 
            -1.709335, 
            0.8281274194145416
        ], 
        [
            2.908946, 
            -0.937437, 
            1.289404, 
            -0.552576, 
            2.110744, 
            -0.271268, 
            0.9717292182693005, 
            2.508414, 
            -1.708791, 
            -1.975827, 
            2.565579, 
            2.090631, 
            1.192303, 
            -0.3568992451459361, 
            -2.092717, 
            0.229914, 
            0.094854, 
            1.162323, 
            -1.151222, 
            -2.458705, 
            0.6400612094218958, 
            2.315998, 
            -1.5166, 
            -4.202121, 
            1.96783, 
            -0.006736, 
            3.531034, 
            0.4753715350069123, 
            0.322655, 
            -0.87553, 
            1.076585, 
            -1.925854, 
            0.336366, 
            -1.439301, 
            -0.5344413361241103, 
            -2.141693, 
            -0.093252, 
            1.469353, 
            -0.718648, 
            -0.781389, 
            -1.416181, 
            0.845261277324219, 
            -0.685381, 
            1.349239, 
            0.449256, 
            -1.471027, 
            -0.57987, 
            1.789982, 
            0.8804990458328581
        ], 
        [
            1.132735, 
            -2.601453, 
            -2.43293, 
            -1.919656, 
            -2.579874, 
            3.331984, 
            0.146657, 
            -2.735801, 
            -0.417028, 
            -0.259975, 
            3.367348, 
            -0.082524, 
            -0.395, 
            -1.696985
        ]
    ], 
    "momentum weights" : [
        [
            1.549056, 
            4.214738, 
            1.811008, 
            4.170967, 
            0.24879, 
            -1.990846, 
            -0.8283247563197411, 
            1.513304, 
            3.676269, 
            0.954796, 
            5.351784, 
            -2.774489, 
            1.266785, 
            -0.7047522919159941, 
            -2.313168, 
            0.833587, 
            -2.579382, 
            5.356431, 
            -2.791743, 
            -3.728059, 
            0.9329736202007264, 
            -1.042051, 
            0.482287, 
            -0.839679, 
            -0.926147, 
            -0.232398, 
            -0.160812, 
            0.27312700940181633, 
            -1.236137, 
            0.908854, 
            -1.882042, 
            1.998909, 
            -0.737087, 
            -1.709335, 
            0.8281274194145416
        ], 
        [
            2.908946, 
            -0.937437, 
            1.289404, 
            -0.552576, 
            2.110744, 
            -0.271268, 
            0.9717292182693005, 
            2.508414, 
            -1.708791, 
            -1.975827, 
            2.565579, 
            2.090631, 
            1.192303, 
            -0.3568992451459361, 
            -2.092717, 
            0.229914, 
            0.094854, 
            1.162323, 
            -1.151222, 
            -2.458705, 
            0.6400612094218958, 
            2.315998, 
            -1.5166, 
            -4.202121, 
            1.96783, 
            -0.006736, 
            3.531034, 
            0.4753715350069123, 
            0.322655, 
            -0.87553, 
            1.076585, 
            -1.925854, 
            0.336366, 
            -1.439301, 
            -0.5344413361241103, 
            -2.141693, 
            -0.093252, 
            1.469353, 
            -0.718648, 
            -0.781389, 
            -1.416181, 
            0.845261277324219, 
            -0.685381, 
            1.349239, 
            0.449256, 
            -1.471027, 
            -0.57987, 
            1.789982, 
            0.8804990458328581
        ], 
        [
            1.132735, 
            -2.601453, 
            -2.43293, 
            -1.919656, 
            -2.579874, 
            3.331984, 
            0.146657, 
            -2.735801, 
            -0.417028, 
            -0.259975, 
            3.367348, 
            -0.082524, 
            -0.395, 
            -1.696985
        ]
    ], 
    "nodes" : [
        [
            -0.05540675998240416, 
            0.2597784072412413, 
            -0.7027160919292653, 
            0.03916273402620538, 
            1.0
        ], 
        [
            0.5755945350842955, 
            0.7869833782294945, 
            0.04530936779198547, 
            -0.5664184335441272, 
            0.44710605572782575, 
            0.8725160555496082, 
            0.7615941559557649
        ], 
        [
            -0.004572755793201949, 
            -0.4302246861076781, 
            0.9987213267703355, 
            -0.9617977623841861, 
            0.9506865629409937, 
            -0.9512902911016875, 
            0.7615941559557649
        ], 
        [
            -0.9999713486141963, 
            0.9999536053924687
        ]
    ], 
    "pre activation nodes" : [
        [
            0.0, 
            0.0, 
            0.0, 
            0.0, 
            0.0
        ], 
        [
            0.6558493395815899, 
            1.0634570072378888, 
            0.045340411826396254, 
            -0.6422335516833038, 
            0.48107740842429436, 
            1.3435239294785284, 
            1.0
        ], 
        [
            -0.004572787665855338, 
            -0.46017236855031785, 
            3.6772199587179935, 
            -1.9693612336545594, 
            1.838870036130425, 
            -1.8451838744515363, 
            1.0
        ], 
        [
            -5.576720800313098, 
            5.335725652734859
        ]
    ], 
    "average nodes" : [
        [
            0.0, 
            0.0, 
            0.0, 
            0.0, 
            0.0
        ], 
        [
            0.0, 
            0.0, 
            0.0, 
            0.0, 
            0.0, 
            0.0, 
            0.0
        ], 
        [
            0.0, 
            0.0, 
            0.0, 
            0.0, 
            0.0, 
            0.0, 
            0.0
        ], 
        [
            0.0, 
            0.0
        ]
    ], 
    "input width" : 4, 
    "output width" : 2, 
    "hidden width" : 7, 
    "hidden length" : 2, 
    "hidden layer details" : {
        "items" : 3, 
        "0" : "is shallow", 
        "1" : "probabilities", 
        "2" : "width", 
        "is shallow" : true, 
        "probabilities" : {
            "2" : 0.85, 
            "3" : 0.12, 
            "1" : 0.03
        }, 
        "width" : {
            "no change" : 0.6, 
            "decrease" : 0.35, 
            "increase" : 0.05
        }
    }, 
    "weight range" : 1.0, 
    "activation function" : 2, 
    "learning rate" : 0.05, 
    "momentum active" : true, 
    "momentum" : 0.001, 
    "accuracy requirement" : 0.985, 
    "epochs" : 10, 
    "batch size" : 40, 
    "accuracy sample size" : 150, 
    "fitness sample size" : 15, 
    "allow testing" : false, 
    "show output" : true,