{
    "child iterations" : 15, 
    "is fertile" : false, 
    "is classifier" : false, 
    "is child" : false, 
    "weights" : [
        [
            0.144813, 
            -0.827115, 
            0.949016, 
            0.73874, 
            1.000725, 
            -0.793628, 
            -0.082485, 
            -0.164484, 
            0.232944, 
            0.177053, 
            -1.112292, 
            -0.219405, 
            -0.149754, 
            -0.6161387764476893, 
            -0.268147, 
            0.862136, 
            -0.804446, 
            0.038769, 
            -0.94621, 
            -0.691166, 
            -0.561627, 
            1.013202, 
            -0.131715, 
            0.657631, 
            -0.543549, 
            -0.685802, 
            0.971809, 
            0.03680737706680515, 
            -0.889539, 
            0.980127, 
            0.824379, 
            -0.486245, 
            0.207579, 
            -0.268965, 
            0.970076, 
            -0.827162, 
            1.023885, 
            -0.258646, 
            0.973208, 
            -0.447014, 
            -0.592406, 
            -0.36841164659159054, 
            0.653577, 
            0.120206, 
            0.196448, 
            -0.672983, 
            0.051354, 
            -0.81973, 
            0.602048, 
            1.038276, 
            -0.79427, 
            -0.264894, 
            0.989389, 
            0.027425, 
            0.592352, 
            -0.7253154302379607, 
            0.127627, 
            -0.189504, 
            -1.11328, 
            -0.048912, 
            0.885027, 
            -0.650593, 
            0.121974, 
            -1.081172, 
            0.709749, 
            0.827358, 
            0.162832, 
            0.719873, 
            -0.893661, 
            -0.48002620432375687, 
            0.630766, 
            -0.265176, 
            -0.078214, 
            -0.532809, 
            0.014748, 
            -0.854109, 
            -0.109558, 
            0.903203, 
            -0.359499, 
            -1.0898, 
            -0.944058, 
            0.748805, 
            -0.861472, 
            0.817452437174605, 
            -0.397928, 
            -0.688267, 
            -0.513754, 
            0.870139, 
            0.206173, 
            -0.289783, 
            1.059716, 
            0.719703, 
            0.598105, 
            0.504787, 
            0.146903, 
            0.815971, 
            -0.417757, 
            0.02528122248721454, 
            -0.792585, 
            0.17375, 
            -0.925872, 
            0.104324, 
            -0.586126, 
            -0.447175, 
            0.045309, 
            -0.883475, 
            0.152969, 
            -1.061518, 
            0.408241, 
            0.19773, 
            -0.161375, 
            -0.8955760885426425, 
            0.083278, 
            -0.949528, 
            0.187751, 
            -0.153376, 
            0.47377, 
            -0.876725, 
            -0.390356, 
            0.091854, 
            0.960561, 
            0.774752, 
            -0.676427, 
            0.462177, 
            0.991496, 
            -0.7161851316467898, 
            -0.779086, 
            0.281706, 
            -0.24698, 
            -0.967661, 
            -0.534074, 
            -1.048551, 
            1.025226, 
            -0.890409, 
            -0.912068, 
            1.031179, 
            0.011323, 
            -0.615777, 
            -0.991735, 
            -0.8347288302115643, 
            -0.276886, 
            -0.830259, 
            0.65538, 
            0.690305, 
            0.390097, 
            -0.842807, 
            -0.675668, 
            -0.73623, 
            -0.008521, 
            -0.901774, 
            -0.334359, 
            0.115131, 
            -0.357781, 
            0.33020499316356156
        ], 
        [
            0.956528, 
            -0.000981, 
            -0.332483, 
            0.852945, 
            0.766569, 
            -0.084682, 
            -0.982281, 
            -0.858221, 
            -0.368861, 
            -0.86085, 
            0.511948, 
            0.95217, 
            0.278383, 
            -0.241752
        ]
    ],