{
    "child iterations" : 15, 
    "is fertile" : false, 
    "is classifier" : false, 
    "is child" : false, 
    "weights" : [
        [
            3.486194, 
            -2.736136, 
            -0.706522, 
            -6.264988, 
            -1.879229, 
            -0.036998582851972106, 
            -2.163224, 
            -0.719043, 
            0.995936, 
            -6.644305, 
            2.361614, 
            -0.966570304187065, 
            2.086297, 
            -3.242098, 
            -3.974273, 
            -6.357483, 
            2.829513, 
            0.6650609556117757, 
            2.615946, 
            -2.403552, 
            1.398868, 
            0.550113, 
            -2.081626, 
            -0.48070611104372407, 
            -1.391184, 
            -1.850601, 
            -3.382172, 
            -2.235201, 
            2.365223, 
            0.9987076332344815
        ], 
        [
            1.661019, 
            0.657348, 
            -1.125124, 
            -1.255352, 
            1.124927, 
            3.289788, 
            0.2586895552148847, 
            -2.432079, 
            0.164099, 
            -3.493739, 
            1.486779, 
            -1.194932, 
            0.19976, 
            -0.9393199554638307, 
            -1.016181, 
            -4.671029, 
            2.102118, 
            -1.86359, 
            0.352841, 
            0.773457, 
            -0.8522785584066046, 
            -2.111269, 
            -4.125768, 
            -4.322239, 
            1.796692, 
            1.912048, 
            -3.137572, 
            -0.6743710288953673, 
            3.318502, 
            -2.183237, 
            -0.853338, 
            0.432046, 
            0.11196, 
            1.598073, 
            0.4530634770762325, 
            0.402465, 
            -2.175607, 
            1.51962, 
            1.345291, 
            -2.588751, 
            2.794879, 
            -0.9804409553184925
        ], 
        [
            3.336785, 
            -1.566607, 
            3.082631, 
            -2.137673, 
            4.471396, 
            -1.624999, 
            1.360018, 
            2.246584, 
            -0.221486, 
            1.639689, 
            0.942736, 
            -2.254867, 
            -3.085493, 
            -1.544233
        ]
    ], 
    "momentum weights" : [
        [
            3.486194, 
            -2.736136, 
            -0.706522, 
            -6.264988, 
            -1.879229, 
            -0.036998582851972106, 
            -2.163224, 
            -0.719043, 
            0.995936, 
            -6.644305, 
            2.361614, 
            -0.966570304187065, 
            2.086297, 
            -3.242098, 
            -3.974273, 
            -6.357483, 
            2.829513, 
            0.6650609556117757, 
            2.615946, 
            -2.403552, 
            1.398868, 
            0.550113, 
            -2.081626, 
            -0.48070611104372407, 
            -1.391184, 
            -1.850601, 
            -3.382172, 
            -2.235201, 
            2.365223, 
            0.9987076332344815
        ], 
        [
            1.661019, 
            0.657348, 
            -1.125124, 
            -1.255352, 
            1.124927, 
            3.289788, 
            0.2586895552148847, 
            -2.432079, 
            0.164099, 
            -3.493739, 
            1.486779, 
            -1.194932, 
            0.19976, 
            -0.9393199554638307, 
            -1.016181, 
            -4.671029, 
            2.102118, 
            -1.86359, 
            0.352841, 
            0.773457, 
            -0.8522785584066046, 
            -2.111269, 
            -4.125768, 
            -4.322239, 
            1.796692, 
            1.912048, 
            -3.137572, 
            -0.6743710288953673, 
            3.318502, 
            -2.183237, 
            -0.853338, 
            0.432046, 
            0.11196, 
            1.598073, 
            0.4530634770762325, 
            0.402465, 
            -2.175607, 
            1.51962, 
            1.345291, 
            -2.588751, 
            2.794879, 
            -0.9804409553184925
        ], 
        [
            3.336785, 
            -1.566607, 
            3.082631, 
            -2.137673, 
            4.471396, 
            -1.624999, 
            1.360018, 
            2.246584, 
            -0.221486, 
            1.639689, 
            0.942736, 
            -2.254867, 
            -3.085493, 
            -1.544233
        ]
    ], 
    "nodes" : [
        [
            0.3863084034643648, 
            -0.29911280575647253, 
            -0.0288668231847847, 
            0.5687283704774634, 
            1.0
        ], 
        [
            0.9660967941340171, 
            -0.9992819755256147, 
            -0.995458664535808, 
            -0.9743454987758187, 
            -0.3209328792144917, 
            0.7615941559557649
        ], 
        [
            0.9999938390034395, 
            0.9999998444003698, 
            0.9999865337490648, 
            -0.9364099450589682, 
            -0.9596037967596786, 
            0.9999978920108467, 
            0.7615941559557649
        ], 
        [
            0.9999999033340261, 
            -0.9999999999685172
        ]
    ], 
    "pre activation nodes" : [
        [
            0.0, 
            0.0, 
            0.0, 
            0.0, 
            0.0
        ], 
        [
            2.030147977653879, 
            -3.965897503235926, 
            -3.0427040430141963, 
            -2.1716365934219013, 
            -0.33268675878127096, 
            1.0
        ], 
        [
            6.345208057129327, 
            8.184563352231129, 
            5.954232190350891, 
            -1.708066952317179, 
            -1.9408808929647108, 
            6.881461099657285, 
            1.0
        ], 
        [
            8.422575751032504, 
            -12.437363597788526
        ]
    ], 
    "average nodes" : [
        [
            0.0, 
            0.0, 
            0.0, 
            0.0, 
            0.0
        ], 
        [
            0.0, 
            0.0, 
            0.0, 
            0.0, 
            0.0, 
            0.0
        ], 
        [
            0.0, 
            0.0, 
            0.0, 
            0.0, 
            0.0, 
            0.0, 
            0.0
        ], 
        [
            0.0, 
            0.0
        ]
    ], 
    "input width" : 4, 
    "output width" : 2, 
    "hidden width" : 6, 
    "hidden length" : 2, 
    "hidden layer details" : {
        "items" : 3, 
        "0" : "is shallow", 
        "1" : "probabilities", 
        "2" : "width", 
        "is shallow" : true, 
        "probabilities" : {
            "2" : 0.85, 
            "3" : 0.12, 
            "1" : 0.03
        }, 
        "width" : {
            "no change" : 0.6, 
            "decrease" : 0.35, 
            "increase" : 0.05
        }
    }, 
    "weight range" : 1.0, 
    "activation function" : 2, 
    "learning rate" : 0.05, 
    "momentum active" : true, 
    "momentum" : 0.001, 
    "accuracy requirement" : 0.985, 
    "epochs" : 10, 
    "batch size" : 40, 
    "accuracy sample size" : 150, 
    "fitness sample size" : 15, 
    "allow testing" : false, 
    "show output" : true, 
    "use bias" : true, 
    "clear bias" : false, 
    "bias value" : 1.0, 
    "child" : null
}