{
    "child iterations" : 15, 
    "is fertile" : false, 
    "is classifier" : false, 
    "is child" : false, 
    "weights" : [
        [
            -0.356684, 
            0.543147, 
            0.202642, 
            0.93104, 
            -0.384105, 
            0.109821, 
            0.083267, 
            0.744046, 
            0.459002, 
            0.20499881490386973, 
            0.594371, 
            -0.905681, 
            0.15172, 
            0.503698, 
            0.21847, 
            0.517803, 
            0.961238, 
            0.055938, 
            0.992534, 
            -0.26255313987489726, 
            0.673047, 
            0.079828, 
            0.23734, 
            0.09145, 
            0.387661, 
            0.300196, 
            0.190849, 
            0.536788, 
            0.089282, 
            -0.3868411192694934, 
            0.392271, 
            0.855944, 
            0.002, 
            -0.960872, 
            -0.703024, 
            -0.544545, 
            0.891505, 
            0.788713, 
            -0.758811, 
            0.6594347345082174, 
            -0.182472, 
            0.371958, 
            1.033015, 
            0.596612, 
            0.992635, 
            0.787815, 
            0.037738, 
            0.891452, 
            0.722523, 
            -0.09097868427034883, 
            1.00014, 
            0.196479, 
            0.41196, 
            0.056963, 
            0.97744, 
            0.782245, 
            -0.514792, 
            0.615833, 
            0.860191, 
            0.024927456082175725, 
            0.89488, 
            -0.795363, 
            -0.571043, 
            -0.472715, 
            0.645843, 
            -1.049187, 
            0.315833, 
            -1.021586, 
            0.189701, 
            0.30871923991785555, 
            -0.729646, 
            -0.612382, 
            -0.199029, 
            0.092286, 
            -0.656525, 
            -0.355251, 
            -0.994014, 
            -0.442818, 
            -0.862086, 
            0.5351092395252741, 
            0.399443, 
            0.239184, 
            0.094471, 
            0.25517, 
            -0.510781, 
            -0.4555, 
            -0.12452, 
            1.077159, 
            -0.771505, 
            -0.7134679793008434, 
            0.042493, 
            -0.22791, 
            0.524963, 
            -0.493058, 
            0.7234, 
            0.507195, 
            -0.370603, 
            -0.83761, 
            -0.215973, 
            0.5782753404320855, 
            1.072637, 
            -0.461285, 
            0.657218, 
            0.033928, 
            0.66945, 
            0.517544, 
            -0.518296, 
            0.770707, 
            0.945217, 
            -0.8409537038492039
        ], 
        [
            -0.984849, 
            0.894755, 
            -0.506999, 
            0.644691, 
            -0.754296, 
            0.739927, 
            -0.165316, 
            -0.32973, 
            -0.134518, 
            -0.8640430736115958, 
            -0.873517, 
            -0.926242, 
            -0.320262, 
            0.275277, 
            -0.633119, 
            -0.55974, 
            -0.499537, 
            0.445279, 
            -0.17265, 
            0.4253860560726599, 
            -0.935015, 
            0.823111, 
            -0.140682, 
            1.032955, 
            -0.956409, 
            0.186754, 
            0.108799, 
            0.056637, 
            -0.229004, 
            0.06488489950269649, 
            0.159099, 
            -0.164531, 
            0.325299, 
            0.770511, 
            -0.17637, 
            0.966268, 
            0.864878, 
            0.252813, 
            0.891734, 
            -0.680113205785442, 
            -0.728756, 
            0.410209, 
            -0.845173, 
            -0.472984, 
            -0.626138, 
            0.975275, 
            0.620868, 
            0.860749, 
            0.969119, 
            -0.8902143155464679, 
            0.751566, 
            -0.776671, 
            -0.964285, 
            0.367425, 
            -1.041193, 
            -0.645796, 
            -0.991751, 
            0.072765, 
            -0.420621, 
            -0.3295994273880447, 
            -0.761056, 
            0.539407, 
            0.377411, 
            0.383602, 
            -0.457982, 
            -1.063143, 
            0.917467, 
            0.542505, 
            0.384034, 
            -0.9136412048675919, 
            -0.452748, 
            1.029064, 
            -0.024398, 
            -0.921429, 
            -0.07578, 
            0.199112, 
            -0.749632, 
            -0.713198, 
            0.058791, 
            0.8936751358398429, 
            -0.109013, 
            -0.744379, 
            0.884361, 
            0.627098, 
            0.998717, 
            -0.019879, 
            0.403828, 
            -0.725131, 
            -0.276688, 
            0.4312909041001116, 
            -0.127936, 
            -0.429556, 
            -0.643568, 
            -0.512275, 
            -0.40073, 
            1.030837, 
            0.787028, 
            0.499811, 
            1.151757, 
            -0.920705770530631
        ], 
        [
            -1.086492, 
            0.636944, 
            0.84868, 
            -0.86105, 
            0.033829, 
            1.213993, 
            0.118552, 
            -0.844267, 
            1.075762, 
            -0.580888
        ]
    ],