{
    "child iterations" : 15, 
    "is fertile" : false, 
    "is classifier" : false, 
    "is child" : false, 
    "weights" : [
        [
            -0.681615, 
            -1.10603, 
            -0.002282, 
            -0.96239, 
            0.204972, 
            0.258286, 
            0.584185, 
            0.758501, 
            -0.830608, 
            -0.96384, 
            -0.393285, 
            -0.086968, 
            0.8964575654314741, 
            -1.016736, 
            1.310762, 
            -0.701523, 
            0.438454, 
            -0.053178, 
            0.715499, 
            -1.339159, 
            0.826077, 
            0.211129, 
            -0.574909, 
            0.08161, 
            1.202013, 
            0.9863543814358511, 
            0.715396, 
            0.071504, 
            -0.025332, 
            0.2966, 
            1.211334, 
            -0.711896, 
            -1.199511, 
            0.192351, 
            1.143572, 
            -1.159525, 
            0.497197, 
            -0.596932, 
            0.02759110570422818, 
            -0.038751, 
            -1.054515, 
            0.186895, 
            0.879115, 
            0.355752, 
            -1.100088, 
            -0.448831, 
            1.016394, 
            0.156733, 
            -1.017334, 
            1.070981, 
            0.663293, 
            -0.592776301143007, 
            -0.474578, 
            0.720779, 
            -0.832508, 
            -0.763585, 
            0.464379, 
            -1.141818, 
            -0.240849, 
            0.571712, 
            1.308294, 
            0.348121, 
            -1.178944, 
            -0.168569, 
            -0.7909523386054276, 
            -1.116651, 
            0.647828, 
            0.70295, 
            -0.847499, 
            -1.116515, 
            -0.032584, 
            0.552367, 
            -0.109647, 
            0.698594, 
            0.758013, 
            0.862267, 
            1.259399, 
            -0.1278200041688835, 
            1.14949, 
            0.67673, 
            1.106239, 
            1.39476, 
            -0.845451, 
            0.523872, 
            0.913119, 
            1.186732, 
            -0.968257, 
            1.074282, 
            1.015324, 
            1.184474, 
            -0.4083357560158727, 
            0.269337, 
            -0.765548, 
            0.653163, 
            -0.625057, 
            0.486429, 
            0.435668, 
            -1.023929, 
            -0.877373, 
            0.093962, 
            -1.036802, 
            -1.293544, 
            -0.914544, 
            -0.15568903804612422, 
            -0.024804, 
            0.222647, 
            1.219304, 
            0.376593, 
            0.592774, 
            -0.995691, 
            0.551731, 
            0.037406, 
            -0.985627, 
            -1.289734, 
            -0.531911, 
            -0.544578, 
            -0.854248424521787, 
            0.154717, 
            -0.405847, 
            -0.095869, 
            -1.24993, 
            0.353281, 
            -0.745538, 
            0.91936, 
            0.054007, 
            -0.967282, 
            -1.05057, 
            -0.658299, 
            1.274627, 
            0.3435568316139668, 
            -1.292065, 
            -0.537766, 
            -0.745262, 
            -0.431908, 
            -1.271069, 
            -1.29136, 
            -0.207207, 
            1.023482, 
            0.620153, 
            1.106781, 
            0.24473, 
            0.4742, 
            -0.5977232837191373
        ], 
        [
            -0.701804, 
            -0.457246, 
            0.212539, 
            -0.757342, 
            0.420426, 
            1.131436, 
            0.063836, 
            -1.137506, 
            -0.148113, 
            0.491559, 
            0.622101, 
            0.6387656963247317, 
            0.107156, 
            0.997842, 
            -0.958223, 
            -0.574757, 
            0.097828, 
            -0.245926, 
            -0.796374, 
            -1.152761, 
            0.933411, 
            0.098671, 
            0.76209, 
            -0.6423575893050393, 
            0.341174, 
            0.654089, 
            -0.469532, 
            0.555013, 
            0.845849, 
            -0.322948, 
            0.387355, 
            -1.019507, 
            -0.08381, 
            0.55946, 
            -0.054475, 
            0.23843899910937338, 
            0.26485, 
            -0.285692, 
            0.810225, 
            -0.124926, 
            -1.385567, 
            0.706308, 
            0.700258, 
            -1.186166, 
            0.01224, 
            -1.177474, 
            0.068097, 
            -0.08797213280093352, 
            -0.772159, 
            0.273108, 
            0.294073, 
            1.21847, 
            -1.029174, 
            -1.27703, 
            0.123183, 
            0.105594, 
            -0.800947, 
            -0.898983, 
            -0.649155, 
            0.35508287567100494, 
            -0.895813, 
            0.08696, 
            0.925702, 
            0.307903, 
            -0.997677, 
            0.14093, 
            -1.109936, 
            0.276946, 
            -0.952908, 
            -0.765936, 
            -0.048559, 
            0.9927114908270096, 
            0.925974, 
            0.009472, 
            -0.332254, 
            -0.864781, 
            0.991468, 
            1.281152, 
            -1.287864, 
            1.283428, 
            0.585802, 
            -0.838922, 
            -0.019344, 
            0.8030908623989577, 
            0.529714, 
            0.614682, 
            0.69537, 
            0.57006, 
            -0.484277, 
            -1.193373, 
            0.361873, 
            -1.270854, 
            -0.643832, 
            -0.352705, 
            1.325935, 
            0.4692906042816496, 
            -0.90223, 
            -0.036919, 
            1.269784, 
            0.584856, 
            -0.412813, 
            -0.577481, 
            0.340154, 
            0.495716, 
            -0.885013, 
            -0.133855, 
            0.495985, 
            -0.5035294059260118, 
            0.569547, 
            0.61343, 
            -1.253409, 
            -0.404038, 
            0.979685, 
            -0.454104, 
            -0.735545, 
            0.598505, 
            0.978492, 
            0.609268, 
            0.621913, 
            0.15195015861527916, 
            1.164671, 
            0.357453, 
            0.626696, 
            0.543313, 
            0.443469, 
            -0.556492, 
            -0.028488, 
            1.127309, 
            -0.527963, 
            0.594129, 
            -0.101719, 
            -0.30574651359882354, 
            -0.844637, 
            1.443086, 
            1.095777, 
            0.783087, 
            -0.630369, 
            -1.194721, 
            0.421391, 
            -0.056007, 
            -0.720867, 
            -0.491778, 
            0.811026, 
            -0.2032797289396866, 
            -0.961674, 
            0.882762, 
            1.313499, 
            0.34736, 
            -0.661866, 
            -0.472776, 
            -0.916323, 
            0.118778, 
            0.817388, 
            0.514063, 
            0.342127, 
            0.09434344903721437
        ], 
        [
            0.535384, 
            -0.934667, 
            0.377608, 
            0.696829, 
            -0.98873, 
            -0.680106, 
            -0.324742, 
            -0.741134, 
            0.263045, 
            -0.293971, 
            -0.600407, 
            0.54277
        ]
    ],