{
    "child iterations" : 15, 
    "is fertile" : false, 
    "is classifier" : false, 
    "is child" : false, 
    "weights" : [
        [
            -2.988661, 
            -3.413807, 
            -0.076221, 
            3.288063, 
            2.924636, 
            2.813415, 
            0.11982433732844244, 
            -2.938427, 
            -3.58904, 
            3.542269, 
            0.803472, 
            0.601391, 
            -1.294687, 
            -0.515706840709222, 
            -2.469142, 
            -3.623722, 
            1.8723, 
            0.783395, 
            0.377454, 
            3.651804, 
            -0.3325483028365308, 
            0.718833, 
            0.015836, 
            1.29568, 
            1.158528, 
            -0.791857, 
            -0.122979, 
            0.2724013785925361, 
            -0.949832, 
            -1.598514, 
            -0.601429, 
            -0.530824, 
            0.729776, 
            1.563739, 
            0.7772961982042572
        ], 
        [
            2.843748, 
            -1.740479, 
            -1.522374, 
            2.011867, 
            2.182216, 
            -1.568389, 
            0.17944671925976152, 
            -2.218958, 
            -0.081978, 
            -1.95114, 
            1.252686, 
            2.453038, 
            -1.920799, 
            -0.4627798761162569, 
            -1.563409, 
            1.30112, 
            0.816577, 
            1.08235, 
            -2.370721, 
            1.988349, 
            0.12479463301679572, 
            0.247399, 
            -2.923453, 
            0.680832, 
            -1.125607, 
            0.994534, 
            1.94156, 
            -0.8138782678876593, 
            -1.504786, 
            -2.35536, 
            -1.022671, 
            -0.472696, 
            -1.070815, 
            0.139917, 
            -0.9797643023266078, 
            -1.287188, 
            -0.806577, 
            0.638296, 
            0.405624, 
            -3.265231, 
            1.019998, 
            0.9344059929230368, 
            3.342344, 
            0.98571, 
            -0.591726, 
            -0.427919, 
            -1.880983, 
            1.318006, 
            0.05420149945338437
        ], 
        [
            -1.850288, 
            -1.711327, 
            -1.797411, 
            1.14146, 
            -0.058714, 
            -2.952204, 
            -0.308181, 
            2.5627, 
            -3.745221, 
            3.007513, 
            2.034561, 
            0.360885, 
            0.667642, 
            0.559013
        ]
    ], 
    "momentum weights" : [
        [
            -2.988661, 
            -3.413807, 
            -0.076221, 
            3.288063, 
            2.924636, 
            2.813415, 
            0.11982433732844244, 
            -2.938427, 
            -3.58904, 
            3.542269, 
            0.803472, 
            0.601391, 
            -1.294687, 
            -0.515706840709222, 
            -2.469142, 
            -3.623722, 
            1.8723, 
            0.783395, 
            0.377454, 
            3.651804, 
            -0.3325483028365308, 
            0.718833, 
            0.015836, 
            1.29568, 
            1.158528, 
            -0.791857, 
            -0.122979, 
            0.2724013785925361, 
            -0.949832, 
            -1.598514, 
            -0.601429, 
            -0.530824, 
            0.729776, 
            1.563739, 
            0.7772961982042572
        ], 
        [
            2.843748, 
            -1.740479, 
            -1.522374, 
            2.011867, 
            2.182216, 
            -1.568389, 
            0.17944671925976152, 
            -2.218958, 
            -0.081978, 
            -1.95114, 
            1.252686, 
            2.453038, 
            -1.920799, 
            -0.4627798761162569, 
            -1.563409, 
            1.30112, 
            0.816577, 
            1.08235, 
            -2.370721, 
            1.988349, 
            0.12479463301679572, 
            0.247399, 
            -2.923453, 
            0.680832, 
            -1.125607, 
            0.994534, 
            1.94156, 
            -0.8138782678876593, 
            -1.504786, 
            -2.35536, 
            -1.022671, 
            -0.472696, 
            -1.070815, 
            0.139917, 
            -0.9797643023266078, 
            -1.287188, 
            -0.806577, 
            0.638296, 
            0.405624, 
            -3.265231, 
            1.019998, 
            0.9344059929230368, 
            3.342344, 
            0.98571, 
            -0.591726, 
            -0.427919, 
            -1.880983, 
            1.318006, 
            0.05420149945338437
        ], 
        [
            -1.850288, 
            -1.711327, 
            -1.797411, 
            1.14146, 
            -0.058714, 
            -2.952204, 
            -0.308181, 
            2.5627, 
            -3.745221, 
            3.007513, 
            2.034561, 
            0.360885, 
            0.667642, 
            0.559013
        ]
    ], 
    "nodes" : [
        [
            0.8245606444122334, 
            0.8016292044438292, 
            -0.9581450449092124, 
            -0.23714958582249018, 
            1.0
        ], 
        [
            -0.9984295203489479, 
            -0.9990430010251674, 
            0.07396815562905479, 
            0.9467147529658425, 
            0.9979846118032085, 
            -0.553963836344517, 
            0.7615941559557649
        ], 
        [
            0.8491055317092979, 
            -0.964370532416029, 
            0.9819502507832591, 
            -0.9999468874401853, 
            -0.9997792153747637, 
            0.9999888463649842, 
            0.7615941559557649
        ], 
        [
            0.9999969709009575, 
            -0.9999999974266176
        ]
    ], 
    "pre activation nodes" : [
        [
            0.0, 
            0.0, 
            0.0, 
            0.0, 
            0.0
        ], 
        [
            -3.5743679141642932, 
            -3.822188402148659, 
            0.07410350057629156, 
            1.7991194934805037, 
            3.449541213520373, 
            -0.6240821130795013, 
            1.0
        ], 
        [
            1.2529382988941928, 
            -2.0048770483271148, 
            2.3493524115944617, 
            -5.268108875131378, 
            -4.5556798301106625, 
            6.048443353262513, 
            1.0
        ], 
        [
            6.700195497183705, 
            -10.235595935447057
        ]
    ], 
    "average nodes" : [
        [
            0.0, 
            0.0, 
            0.0, 
            0.0, 
            0.0
        ], 
        [
            0.0, 
            0.0, 
            0.0, 
            0.0, 
            0.0, 
            0.0, 
            0.0
        ], 
        [
            0.0, 
            0.0, 
            0.0, 
            0.0, 
            0.0, 
            0.0, 
            0.0
        ], 
        [
            0.0, 
            0.0
        ]
    ], 
    "input width" : 4, 
    "output width" : 2, 
    "hidden width" : 6, 
    "hidden length" : 2, 
    "hidden layer details" : {
        "items" : 3, 
        "0" : "is shallow", 
        "1" : "probabilities", 
        "2" : "width", 
        "is shallow" : true, 
        "probabilities" : {
            "2" : 0.85, 
            "3" : 0.12, 
            "1" : 0.03
        }, 
        "width" : {
            "no change" : 0.6, 
            "decrease" : 0.35, 
            "increase" : 0.05
        }
    }, 
    "weight range" : 1.0, 
    "activation function" : 2, 
    "learning rate" : 0.05, 
    "momentum active" : true, 
    "momentum" : 0.001, 
    "accuracy requirement" : 0.985, 
    "epochs" : 10, 
    "batch size" : 40, 
    "accuracy sample size" : 150, 
    "fitness sample size" : 15, 
    "allow testing" : false, 
    "show output" : true, 
    "use bias" : true,