{
    "child iterations" : 15, 
    "is fertile" : false, 
    "is classifier" : false, 
    "is child" : false, 
    "weights" : [
        [
            -1.031147, 
            1.025725, 
            -0.490629, 
            -0.309012, 
            -0.319088, 
            -0.350781, 
            0.747441, 
            -0.060479, 
            -0.331081, 
            0.445516, 
            0.48139141471636737, 
            -0.257679, 
            -1.026847, 
            0.942386, 
            -0.455112, 
            1.0126, 
            0.241632, 
            -0.662058, 
            -0.886158, 
            -1.031811, 
            -0.738462, 
            -0.7567685689382757, 
            -0.002757, 
            -0.878955, 
            -0.319676, 
            0.181262, 
            -0.030607, 
            -0.436101, 
            -0.427166, 
            0.148697, 
            -0.527103, 
            0.511218, 
            -0.07957812900224925, 
            -0.526546, 
            0.179494, 
            0.469913, 
            0.839337, 
            -0.46428, 
            0.575953, 
            0.142095, 
            -0.944882, 
            0.328693, 
            -0.968701, 
            0.4467558678415031, 
            -0.974083, 
            -0.091388, 
            -0.107779, 
            0.999646, 
            0.831466, 
            -0.199165, 
            0.964564, 
            0.848984, 
            0.741882, 
            -0.374248, 
            0.18222781918579356, 
            0.936758, 
            -0.937688, 
            0.1203, 
            -0.616005, 
            1.010446, 
            0.787601, 
            -0.109154, 
            0.682053, 
            -0.450859, 
            -0.83339, 
            -0.4172730046875728, 
            0.968305, 
            -0.574929, 
            -0.811436, 
            1.003451, 
            -0.954094, 
            0.057501, 
            0.079329, 
            0.361953, 
            -0.009234, 
            0.778121, 
            0.387529834148318, 
            0.186439, 
            0.368889, 
            0.853062, 
            -0.932744, 
            -0.777088, 
            0.892353, 
            0.272126, 
            0.746049, 
            -0.943074, 
            -0.593252, 
            -0.3877478246918913, 
            -0.920203, 
            0.314036, 
            -0.98824, 
            -0.841282, 
            0.385516, 
            0.872104, 
            0.486551, 
            -0.816838, 
            0.991431, 
            0.33245, 
            0.5081005612418688, 
            -0.614604, 
            -0.015215, 
            -0.7528, 
            0.388595, 
            0.689115, 
            -0.267807, 
            -0.190688, 
            -0.881937, 
            0.96405, 
            0.214544, 
            0.02840717990960462, 
            -0.399509, 
            -0.570828, 
            0.056172, 
            -0.796741, 
            -1.0365, 
            0.200047, 
            -0.166802, 
            -0.795341, 
            -0.744712, 
            0.313636, 
            0.9958257793907703
        ], 
        [
            0.64283, 
            0.313808, 
            -0.454509, 
            0.640823, 
            0.933106, 
            0.395636, 
            -0.574331, 
            -0.53592, 
            0.936771, 
            -0.419773, 
            0.875299495403915, 
            -0.592201, 
            0.473949, 
            0.762989, 
            -0.604482, 
            0.467721, 
            -0.657338, 
            -0.684815, 
            -0.004342, 
            -0.583585, 
            -1.033042, 
            -0.8250416827728584, 
            0.236688, 
            -0.113988, 
            -0.716858, 
            -0.556892, 
            1.012332, 
            0.091705, 
            0.078878, 
            -0.55817, 
            0.923784, 
            0.968215, 
            0.28973714243432935, 
            0.242541, 
            0.363674, 
            0.792762, 
            -0.463931, 
            0.163777, 
            -0.801138, 
            -0.584351, 
            0.800864, 
            -0.158235, 
            -0.332587, 
            0.8430059758291961, 
            -0.508263, 
            0.640751, 
            0.226088, 
            0.30015, 
            0.560859, 
            -0.798664, 
            0.131865, 
            0.17113, 
            -0.395298, 
            -0.359965, 
            0.9815931017599404, 
            0.807279, 
            0.35404, 
            0.627009, 
            0.282849, 
            0.808843, 
            0.209718, 
            0.355686, 
            -0.362766, 
            -0.10077, 
            0.555291, 
            -0.46670059250885787, 
            -0.851591, 
            -0.08224, 
            -0.210126, 
            -0.746927, 
            -0.329716, 
            0.729719, 
            0.143305, 
            -0.054959, 
            -0.470447, 
            -0.890163, 
            -0.5214657473707447, 
            1.027918, 
            0.615938, 
            -0.477515, 
            -0.767709, 
            0.964948, 
            -0.196253, 
            0.344775, 
            0.26271, 
            -0.012944, 
            -0.961579, 
            -0.6252462887683736, 
            0.347734, 
            -0.9271, 
            0.370237, 
            0.503179, 
            -0.095935, 
            -1.031291, 
            -0.733134, 
            -0.080629, 
            0.336633, 
            -0.215346, 
            -0.8614637711445736, 
            -0.170465, 
            -0.895315, 
            -0.314306, 
            0.733481, 
            -1.014603, 
            -0.51694, 
            -0.038406, 
            0.717818, 
            -0.572964, 
            0.292614, 
            0.5522131584632475, 
            -0.032052, 
            -0.601114, 
            0.284925, 
            -0.99817, 
            -0.272993, 
            0.847921, 
            -0.525154, 
            0.484987, 
            0.435289, 
            0.095529, 
            -0.22358021893665536
        ], 
        [
            0.309615, 
            -0.572389, 
            -0.321158, 
            0.956583, 
            -0.434791, 
            0.966354, 
            -0.899521, 
            -0.822083, 
            -0.936829, 
            0.750063, 
            -0.117621
        ]
    ],