{
    "child iterations" : 15, 
    "is fertile" : false, 
    "is classifier" : false, 
    "is child" : false, 
    "weights" : [
        [
            3.776069, 
            8.163068, 
            -1.944557, 
            -0.983947, 
            -5.070884, 
            -0.05288997062891054, 
            1.748284, 
            6.317636, 
            -5.948975, 
            -4.135369, 
            1.579856, 
            -0.12547001022836124, 
            5.573709, 
            7.108773, 
            1.149992, 
            0.412765, 
            2.229739, 
            -0.004784724984207012, 
            -2.351154, 
            0.042286, 
            -2.537425, 
            -1.675849, 
            -3.523815, 
            -0.1779329658400719, 
            2.520271, 
            1.417754, 
            4.052091, 
            4.006228, 
            1.603386, 
            -0.7164533900495562
        ], 
        [
            2.956171, 
            2.071788, 
            2.084976, 
            -3.047603, 
            -0.6118402677162968, 
            0.019689, 
            4.870409, 
            2.188149, 
            -4.850907, 
            -0.83644415589409, 
            1.978258, 
            -3.680743, 
            0.936865, 
            -1.625054, 
            -0.6356632541902274, 
            -5.086383, 
            -2.325567, 
            -1.134353, 
            0.802657, 
            0.5719716181604815, 
            -1.860796, 
            2.59848, 
            -1.286793, 
            1.533832, 
            0.1517591189478258, 
            -1.990093, 
            1.792993, 
            -1.979719, 
            -1.24316, 
            0.040429643772852186
        ], 
        [
            -1.182821, 
            4.645716, 
            4.702178, 
            -4.229354, 
            -0.226465, 
            0.640783, 
            -5.177649, 
            7.331218, 
            2.776954, 
            -0.724873
        ]
    ], 
    "momentum weights" : [
        [
            3.776069, 
            8.163068, 
            -1.944557, 
            -0.983947, 
            -5.070884, 
            -0.05288997062891054, 
            1.748284, 
            6.317636, 
            -5.948975, 
            -4.135369, 
            1.579856, 
            -0.12547001022836124, 
            5.573709, 
            7.108773, 
            1.149992, 
            0.412765, 
            2.229739, 
            -0.004784724984207012, 
            -2.351154, 
            0.042286, 
            -2.537425, 
            -1.675849, 
            -3.523815, 
            -0.1779329658400719, 
            2.520271, 
            1.417754, 
            4.052091, 
            4.006228, 
            1.603386, 
            -0.7164533900495562
        ], 
        [
            2.956171, 
            2.071788, 
            2.084976, 
            -3.047603, 
            -0.6118402677162968, 
            0.019689, 
            4.870409, 
            2.188149, 
            -4.850907, 
            -0.83644415589409, 
            1.978258, 
            -3.680743, 
            0.936865, 
            -1.625054, 
            -0.6356632541902274, 
            -5.086383, 
            -2.325567, 
            -1.134353, 
            0.802657, 
            0.5719716181604815, 
            -1.860796, 
            2.59848, 
            -1.286793, 
            1.533832, 
            0.1517591189478258, 
            -1.990093, 
            1.792993, 
            -1.979719, 
            -1.24316, 
            0.040429643772852186
        ], 
        [
            -1.182821, 
            4.645716, 
            4.702178, 
            -4.229354, 
            -0.226465, 
            0.640783, 
            -5.177649, 
            7.331218, 
            2.776954, 
            -0.724873
        ]
    ], 
    "nodes" : [
        [
            -0.10421363102063189, 
            0.033680976774294956, 
            -0.5399409826178733, 
            0.5125253462087527, 
            1.0
        ], 
        [
            -0.9660110270181813, 
            -0.9954049381736545, 
            0.9723103236683472, 
            0.9938133043102779, 
            -0.6777386560953939, 
            0.7615941559557649
        ], 
        [
            -0.9999927123510174, 
            -0.999999999992199, 
            -0.9999168938570054, 
            0.9999099184534261, 
            0.7615941559557649
        ], 
        [
            -0.999993960781993, 
            0.9999785491195635
        ]
    ], 
    "pre activation nodes" : [
        [
            0.0, 
            0.0, 
            0.0, 
            0.0, 
            0.0
        ], 
        [
            -2.0288628808017526, 
            -3.036810037201502, 
            2.132950619804288, 
            2.88770159375086, 
            -0.8249196421248333, 
            1.0
        ], 
        [
            -6.261236549817983, 
            -13.134960418125464, 
            -5.044248781270365, 
            5.003948681799992, 
            1.0
        ], 
        [
            -6.355190092192727, 
            5.721440661252281
        ]
    ], 
    "average nodes" : [
        [
            0.0, 
            0.0, 
            0.0, 
            0.0, 
            0.0
        ], 
        [
            0.0, 
            0.0, 
            0.0, 
            0.0, 
            0.0, 
            0.0
        ], 
        [
            0.0, 
            0.0, 
            0.0, 
            0.0, 
            0.0
        ], 
        [
            0.0, 
            0.0
        ]
    ], 
    "input width" : 4, 
    "output width" : 2, 
    "hidden width" : 5, 
    "hidden length" : 2, 
    "hidden layer details" : {
        "items" : 3, 
        "0" : "is shallow", 
        "1" : "probabilities", 
        "2" : "width", 
        "is shallow" : true, 
        "probabilities" : {
            "2" : 0.85, 
            "3" : 0.12, 
            "1" : 0.03
        }, 
        "width" : {
            "no change" : 0.6, 
            "decrease" : 0.35, 
            "increase" : 0.05
        }
    }, 
    "weight range" : 1.0, 
    "activation function" : 2, 
    "learning rate" : 0.05, 
    "momentum active" : true, 
    "momentum" : 0.001, 
    "accuracy requirement" : 0.985, 
    "epochs" : 10, 
    "batch size" : 40, 
    "accuracy sample size" : 150, 
    "fitness sample size" : 15, 
    "allow testing" : false, 
    "show output" : true, 
    "use bias" : true, 
    "clear bias" : false, 
    "bias value" : 1.0, 
    "child" : null
}