{
    "child iterations" : 15, 
    "is fertile" : false, 
    "is classifier" : false, 
    "is child" : false, 
    "weights" : [
        [
            -0.326357, 
            -1.025613, 
            -0.126813, 
            -0.951259, 
            0.200277, 
            -0.289005, 
            -0.384808, 
            0.980346, 
            -0.146644, 
            -0.158552, 
            0.942973, 
            0.65473010776178, 
            -0.19945, 
            0.111135, 
            0.70175, 
            0.898184, 
            0.003927, 
            -0.171476, 
            -0.785433, 
            -1.008909, 
            0.880593, 
            0.378683, 
            0.593587, 
            -0.2612494456783574, 
            0.066111, 
            -0.954177, 
            -0.423898, 
            0.594907, 
            -0.33126, 
            -0.788209, 
            -0.6984, 
            -0.085092, 
            -0.643086, 
            -0.405696, 
            -0.344334, 
            -0.051598223438766855, 
            -0.259008, 
            0.42805, 
            0.218453, 
            -0.089525, 
            0.556175, 
            -0.468482, 
            0.323134, 
            -0.328665, 
            -0.478635, 
            0.226904, 
            -0.251061, 
            -0.3655263458831097, 
            -0.708801, 
            -0.743953, 
            -0.457849, 
            -0.046582, 
            -0.230189, 
            0.102359, 
            0.620507, 
            -1.038838, 
            0.263277, 
            0.576058, 
            -0.841102, 
            -0.227196635412948, 
            0.876564, 
            -0.357003, 
            0.233993, 
            -0.483434, 
            0.591827, 
            -0.850692, 
            0.077898, 
            -1.012508, 
            -0.6526, 
            0.43067, 
            -0.206041, 
            -0.33493134986207296, 
            0.173568, 
            -0.078744, 
            -0.48881, 
            0.728916, 
            0.758172, 
            -0.681181, 
            0.7782, 
            0.587389, 
            -0.352342, 
            -0.809581, 
            0.149059, 
            0.3690740436142852, 
            -0.925631, 
            0.575228, 
            0.948251, 
            0.640918, 
            -0.397246, 
            -0.589661, 
            -0.62, 
            0.976125, 
            -0.330282, 
            -0.903043, 
            -0.877069, 
            -0.619562412048829, 
            -0.781841, 
            0.366103, 
            0.033523, 
            0.848906, 
            -0.195497, 
            0.209344, 
            0.213326, 
            0.162311, 
            0.057557, 
            -0.974915, 
            0.066262, 
            0.7339991727149773, 
            0.819858, 
            -0.176683, 
            -0.296687, 
            0.418136, 
            0.11003, 
            -0.702444, 
            -0.904201, 
            -0.802459, 
            0.479833, 
            -0.156836, 
            -0.319731, 
            -0.576985114388818, 
            0.13017, 
            -0.533813, 
            -0.68714, 
            0.687236, 
            0.881421, 
            0.800576, 
            0.827515, 
            0.181326, 
            -0.724637, 
            -0.797225, 
            -0.019, 
            0.4618243397518331
        ], 
        [
            0.922724, 
            -0.225543, 
            0.913674, 
            0.871474, 
            -0.521011, 
            0.852868, 
            -0.069856, 
            0.753046, 
            -1.102699, 
            -0.810814, 
            0.057754, 
            0.20030466372393962, 
            0.352186, 
            -0.372608, 
            0.449869, 
            -0.612753, 
            -0.757179, 
            -0.557254, 
            0.595264, 
            -0.490936, 
            -0.588785, 
            -0.80976, 
            -0.903357, 
            0.04237118168741305, 
            0.930585, 
            0.215524, 
            -0.037789, 
            0.838758, 
            -1.017988, 
            -0.579876, 
            0.275968, 
            0.467327, 
            0.401365, 
            0.012582, 
            0.19429, 
            0.8212063062739892, 
            -0.174272, 
            1.018498, 
            -0.713627, 
            -0.035256, 
            0.817589, 
            0.638677, 
            0.333491, 
            -0.04107, 
            -0.970815, 
            0.312563, 
            1.009776, 
            -0.4325493190017984, 
            -0.178606, 
            -0.40272, 
            0.65289, 
            -0.174357, 
            0.596868, 
            0.538289, 
            1.031209, 
            0.322352, 
            0.840479, 
            0.337436, 
            0.083534, 
            0.42798811471602405, 
            0.439372, 
            -0.695419, 
            -0.579608, 
            0.633854, 
            0.618644, 
            0.918074, 
            -0.803948, 
            -0.862746, 
            0.333868, 
            -0.39331, 
            -0.290533, 
            0.9809845324026583, 
            0.266902, 
            0.310801, 
            0.216433, 
            0.999019, 
            -0.351211, 
            0.97265, 
            -0.508438, 
            -0.097235, 
            -0.939063, 
            0.69521, 
            0.769195, 
            0.24632173077178532, 
            -0.846223, 
            -0.592029, 
            0.562591, 
            -0.752833, 
            0.840938, 
            -0.986376, 
            -0.224218, 
            0.268774, 
            -0.668497, 
            -0.218387, 
            -0.51209, 
            0.1881379160221559, 
            -0.660556, 
            0.622803, 
            -0.884696, 
            -0.435019, 
            -0.00696, 
            1.006899, 
            -0.728534, 
            -0.45836, 
            0.331461, 
            0.563991, 
            -0.192284, 
            0.19680580633094413, 
            -1.020951, 
            0.965039, 
            0.708362, 
            -0.517852, 
            -0.698939, 
            0.561763, 
            -0.335134, 
            0.274596, 
            0.042529, 
            0.790216, 
            0.836015, 
            -0.10832123879080591, 
            -0.856448, 
            -0.42475, 
            -1.005683, 
            -0.354601, 
            -0.522796, 
            0.078422, 
            0.022737, 
            0.394135, 
            0.186596, 
            -0.036678, 
            0.081092, 
            -0.055420870645606746, 
            -0.815725, 
            0.018396, 
            0.386862, 
            -0.759574, 
            -0.048051, 
            -0.030136, 
            0.609107, 
            -0.158658, 
            -0.179753, 
            0.063119, 
            -0.193185, 
            -0.039945710262021095
        ], 
        [
            -0.730222, 
            -0.05678, 
            -0.435619, 
            0.977338, 
            0.537122, 
            0.103023, 
            1.016674, 
            0.19524, 
            -1.033633, 
            -0.039672, 
            -0.774251, 
            -0.870368
        ]
    ],