{
    "child iterations" : 15, 
    "is fertile" : false, 
    "is classifier" : false, 
    "is child" : false, 
    "weights" : [
        [
            -1.024037, 
            2.4599, 
            -0.465986, 
            -3.959617, 
            5.68404, 
            3.454641, 
            1.630869, 
            -0.8720480208445904, 
            -0.419746, 
            -2.51579, 
            0.430169, 
            -3.203405, 
            3.372304, 
            3.209649, 
            1.169254, 
            0.04946534761586707, 
            1.007022, 
            -4.080218, 
            -1.351859, 
            -1.038303, 
            4.441784, 
            4.367924, 
            -0.683374, 
            -0.012781939412371823, 
            -2.239365, 
            0.671096, 
            1.286367, 
            -1.117602, 
            0.949626, 
            -0.71048, 
            -2.462597, 
            0.10833277506987282, 
            -1.740196, 
            -2.273958, 
            -0.281031, 
            -1.429685, 
            0.143065, 
            1.856306, 
            0.49829, 
            -0.25054147443960506
        ], 
        [
            2.90889, 
            -1.363176, 
            0.37306, 
            0.388278, 
            -1.545911, 
            0.784281, 
            -0.056884, 
            -0.031208469082663948, 
            2.223297, 
            -2.997498, 
            -0.269501, 
            1.844983, 
            -1.504686, 
            -1.889765, 
            0.819525, 
            -0.5499584289311985, 
            -1.577194, 
            0.666672, 
            0.535713, 
            -1.176734, 
            -2.489169, 
            -1.189669, 
            -2.331743, 
            -0.7607335796613872, 
            0.218067, 
            0.233161, 
            1.66908, 
            2.040755, 
            -2.193971, 
            2.385429, 
            0.863148, 
            0.9420974007416787, 
            2.311666, 
            1.122956, 
            -1.559987, 
            -1.750109, 
            2.740501, 
            2.822552, 
            -0.741571, 
            0.18134854626499375, 
            0.083205, 
            0.563217, 
            -1.900419, 
            -3.173589, 
            -0.969518, 
            -1.111689, 
            -1.162834, 
            -0.6606020685757572, 
            -1.764576, 
            2.251993, 
            -2.285838, 
            0.895888, 
            1.38995, 
            1.964292, 
            0.541512, 
            -0.7495558100558888, 
            1.216229, 
            -3.265365, 
            -1.829198, 
            0.744868, 
            0.799243, 
            -0.172837, 
            -1.819534, 
            0.8383393294694965
        ], 
        [
            -0.196888, 
            -0.293221, 
            1.775865, 
            -0.564158, 
            -0.321325, 
            2.192131, 
            -0.502341315201952, 
            1.04279, 
            1.524016, 
            2.412928, 
            -0.171305, 
            1.403183, 
            1.148893, 
            -0.10560768345123717, 
            1.56432, 
            -1.223072, 
            -0.311506, 
            -0.615222, 
            -2.175634, 
            -1.876887, 
            0.9293111921460582, 
            2.125908, 
            -0.826646, 
            -1.801869, 
            -0.07812, 
            -1.8419, 
            -2.097723, 
            -0.6432981065170575, 
            -0.921421, 
            -0.778512, 
            -0.936393, 
            0.245797, 
            0.252662, 
            1.413508, 
            -0.32360036121944247, 
            -1.476371, 
            1.711746, 
            -2.15344, 
            -1.145747, 
            1.871951, 
            0.664195, 
            0.95960007847679, 
            2.551989, 
            1.986019, 
            2.50046, 
            2.201169, 
            -1.543523, 
            -0.981627, 
            0.8566465170991533, 
            1.485032, 
            0.266686, 
            1.176692, 
            2.961043, 
            -2.459629, 
            -0.10031, 
            0.6251426907190609
        ], 
        [
            -2.415674, 
            4.157854, 
            2.019347, 
            -0.846889, 
            0.874573, 
            -1.869328, 
            1.430634, 
            0.19249, 
            -1.657433, 
            -1.141262, 
            3.654313, 
            0.107696, 
            -0.348261, 
            0.450778
        ]
    ],