{
    "child iterations" : 15, 
    "is fertile" : false, 
    "is classifier" : false, 
    "is child" : false, 
    "weights" : [
        [
            -4.087003, 
            2.767058, 
            -2.820884, 
            -0.854299, 
            4.245107, 
            0.800701, 
            0.1976249538134074, 
            -5.875781, 
            1.578387, 
            0.222656, 
            2.418594, 
            5.372661, 
            -2.446058, 
            -0.49193590071350046, 
            -4.748749, 
            4.890986, 
            -1.496704, 
            -0.889227, 
            3.306485, 
            2.92332, 
            -0.5646526451021929, 
            -0.90868, 
            -1.928541, 
            2.222752, 
            -1.112492, 
            0.684859, 
            0.523052, 
            -0.8601759466543029, 
            -1.350033, 
            5.562419, 
            0.861286, 
            1.485255, 
            0.755513, 
            1.749609, 
            0.9104730623878401
        ], 
        [
            4.6252, 
            0.830666, 
            2.135834, 
            -1.549957, 
            1.398867, 
            -1.201889, 
            -0.5842689528808873, 
            -3.644942, 
            -3.310848, 
            -1.649795, 
            -2.312363, 
            2.191505, 
            -2.158339, 
            -0.0924456251230188, 
            -0.543383, 
            -2.968917, 
            2.575432, 
            -1.083045, 
            -1.091519, 
            -0.810149, 
            -0.948576708097125, 
            -1.501191, 
            2.463081, 
            1.438085, 
            -0.179568, 
            2.69856, 
            -3.237619, 
            0.3887327855181879, 
            -1.637762, 
            1.687523, 
            -4.017184, 
            2.004585, 
            0.82096, 
            -2.49618, 
            0.48888555891731533, 
            -0.988606, 
            2.379841, 
            -0.300701, 
            -2.282645, 
            -2.50798, 
            -0.556542, 
            0.8106021461328325, 
            -1.277881, 
            4.057667, 
            -1.161082, 
            -0.736553, 
            1.160339, 
            1.105298, 
            -0.8345879548028208
        ], 
        [
            -2.818444, 
            3.943579, 
            1.555757, 
            -1.312035, 
            -5.37756, 
            2.850295, 
            -0.829197, 
            -1.163011, 
            -0.904155, 
            0.097075, 
            -4.13059, 
            -1.011919, 
            -3.857413, 
            0.364864
        ]
    ], 
    "momentum weights" : [
        [
            -4.087003, 
            2.767058, 
            -2.820884, 
            -0.854299, 
            4.245107, 
            0.800701, 
            0.1976249538134074, 
            -5.875781, 
            1.578387, 
            0.222656, 
            2.418594, 
            5.372661, 
            -2.446058, 
            -0.49193590071350046, 
            -4.748749, 
            4.890986, 
            -1.496704, 
            -0.889227, 
            3.306485, 
            2.92332, 
            -0.5646526451021929, 
            -0.90868, 
            -1.928541, 
            2.222752, 
            -1.112492, 
            0.684859, 
            0.523052, 
            -0.8601759466543029, 
            -1.350033, 
            5.562419, 
            0.861286, 
            1.485255, 
            0.755513, 
            1.749609, 
            0.9104730623878401
        ], 
        [
            4.6252, 
            0.830666, 
            2.135834, 
            -1.549957, 
            1.398867, 
            -1.201889, 
            -0.5842689528808873, 
            -3.644942, 
            -3.310848, 
            -1.649795, 
            -2.312363, 
            2.191505, 
            -2.158339, 
            -0.0924456251230188, 
            -0.543383, 
            -2.968917, 
            2.575432, 
            -1.083045, 
            -1.091519, 
            -0.810149, 
            -0.948576708097125, 
            -1.501191, 
            2.463081, 
            1.438085, 
            -0.179568, 
            2.69856, 
            -3.237619, 
            0.3887327855181879, 
            -1.637762, 
            1.687523, 
            -4.017184, 
            2.004585, 
            0.82096, 
            -2.49618, 
            0.48888555891731533, 
            -0.988606, 
            2.379841, 
            -0.300701, 
            -2.282645, 
            -2.50798, 
            -0.556542, 
            0.8106021461328325, 
            -1.277881, 
            4.057667, 
            -1.161082, 
            -0.736553, 
            1.160339, 
            1.105298, 
            -0.8345879548028208
        ], 
        [
            -2.818444, 
            3.943579, 
            1.555757, 
            -1.312035, 
            -5.37756, 
            2.850295, 
            -0.829197, 
            -1.163011, 
            -0.904155, 
            0.097075, 
            -4.13059, 
            -1.011919, 
            -3.857413, 
            0.364864
        ]
    ], 
    "nodes" : [
        [
            0.5025276016990099, 
            -0.2757262008553885, 
            -0.16832015852844248, 
            0.7490929921710903, 
            1.0
        ], 
        [
            -0.9309053764779149, 
            0.9995930087618344, 
            0.8615416196786858, 
            -0.2863711161091928, 
            0.877291772059111, 
            0.9914643421639573, 
            0.7615941559557649
        ], 
        [
            -0.999999999737795, 
            -0.3933015448620486, 
            -0.9999958019445655, 
            -0.9928589590406505, 
            -0.9363305178364667, 
            -0.9911726729286722, 
            0.7615941559557649
        ], 
        [
            0.9999999981855239, 
            -0.9992334087034673
        ]
    ], 
    "pre activation nodes" : [
        [
            0.0, 
            0.0, 
            0.0, 
            0.0, 
            0.0
        ], 
        [
            -1.6651336791726266, 
            4.249831282417506, 
            1.2992952369156618, 
            -0.29460869407412926, 
            1.3638880318051498, 
            2.726186534531635, 
            1.0
        ], 
        [
            -11.377520841838141, 
            -0.41569976664455455, 
            -6.537017106598116, 
            -2.815733495594788, 
            -1.7074223072117678, 
            -2.7093133840886123, 
            1.0
        ], 
        [
            10.410308115214772, 
            -3.933160284926678
        ]
    ], 
    "average nodes" : [
        [
            0.0, 
            0.0, 
            0.0, 
            0.0, 
            0.0
        ], 
        [
            0.0, 
            0.0, 
            0.0, 
            0.0, 
            0.0, 
            0.0, 
            0.0
        ], 
        [
            0.0, 
            0.0, 
            0.0, 
            0.0, 
            0.0, 
            0.0, 
            0.0
        ], 
        [
            0.0, 
            0.0
        ]
    ], 
    "input width" : 4, 
    "output width" : 2, 
    "hidden width" : 6, 
    "hidden length" : 2, 
    "hidden layer details" : {
        "items" : 3, 
        "0" : "is shallow", 
        "1" : "probabilities", 
        "2" : "width", 
        "is shallow" : true, 
        "probabilities" : {
            "2" : 0.85, 
            "3" : 0.12, 
            "1" : 0.03
        }, 
        "width" : {
            "no change" : 0.6, 
            "decrease" : 0.35, 
            "increase" : 0.05
        }
    }, 
    "weight range" : 1.0, 
    "activation function" : 2, 
    "learning rate" : 0.05, 
    "momentum active" : true, 
    "momentum" : 0.001, 
    "accuracy requirement" : 0.985, 
    "epochs" : 10, 
    "batch size" : 40, 
    "accuracy sample size" : 150, 
    "fitness sample size" : 15, 
    "allow testing" : false, 
    "show output" : true,