{
    "child iterations" : 15, 
    "is fertile" : false, 
    "is classifier" : false, 
    "is child" : false, 
    "weights" : [
        [
            0.773865, 
            -1.130319, 
            -0.750023, 
            -1.240431, 
            -0.220722, 
            0.538558, 
            -1.315793, 
            -0.065204, 
            0.462136, 
            -0.994815081125584, 
            1.27554, 
            1.027159, 
            -0.534296, 
            0.803286, 
            0.038784, 
            -1.418027, 
            1.165727, 
            0.937149, 
            -0.290658, 
            -0.24052934953076055, 
            0.013846, 
            -0.286737, 
            -0.074962, 
            -1.08837, 
            0.964019, 
            -0.887933, 
            0.66517, 
            1.245232, 
            -0.429427, 
            0.8887126703989388, 
            -0.864847, 
            -0.661368, 
            0.982997, 
            -1.248433, 
            -0.644241, 
            -0.927082, 
            1.196395, 
            1.09157, 
            1.083139, 
            0.14390670220205903, 
            -0.459546, 
            0.678589, 
            0.482677, 
            1.122095, 
            1.21477, 
            -1.090938, 
            -1.278227, 
            0.473216, 
            1.338958, 
            -0.28057392396392444, 
            -0.585388, 
            -0.7799, 
            0.64754, 
            -0.667496, 
            0.953981, 
            1.108493, 
            -1.214648, 
            -0.808451, 
            0.58725, 
            -0.48453235651154425, 
            0.082587, 
            1.108352, 
            0.179933, 
            -0.005096, 
            1.276088, 
            0.507611, 
            -0.890859, 
            -0.964725, 
            -0.425324, 
            -0.9396912456343651, 
            -0.718144, 
            0.342678, 
            -0.023548, 
            -0.405786, 
            1.249416, 
            -0.625631, 
            -0.11504, 
            0.854907, 
            -0.46184, 
            -0.9779272744686116, 
            1.125377, 
            0.651895, 
            -0.769693, 
            0.644196, 
            0.330199, 
            -1.015276, 
            1.231158, 
            -0.92687, 
            -0.488049, 
            -0.7625936653555849, 
            0.952368, 
            -0.322331, 
            -0.654483, 
            1.284789, 
            -0.883384, 
            -1.036181, 
            -0.42787, 
            0.950201, 
            1.15505, 
            -0.971561935702403, 
            -1.237136, 
            -1.21023, 
            0.851774, 
            -0.935452, 
            0.243668, 
            0.060665, 
            -1.33556, 
            0.716724, 
            -0.839126, 
            -0.3252355874686419
        ], 
        [
            0.144708, 
            -0.40617, 
            0.56489, 
            -0.021041, 
            -0.445356, 
            0.910212, 
            1.189097, 
            0.476749, 
            0.287291, 
            -0.4252418310128434, 
            0.769796, 
            0.345435, 
            -0.429956, 
            -1.102265, 
            -1.026422, 
            1.118334, 
            -0.496661, 
            0.762857, 
            1.205595, 
            -0.04865673854158303, 
            -0.678902, 
            1.168322, 
            0.81147, 
            -0.704611, 
            0.642784, 
            0.515244, 
            -0.760025, 
            0.182094, 
            -0.362366, 
            0.7830696865859121, 
            0.766213, 
            0.388537, 
            -1.149621, 
            0.282142, 
            -0.222547, 
            0.275526, 
            -0.412501, 
            -0.9359, 
            -1.010464, 
            0.30095136550520385, 
            0.509686, 
            0.3603, 
            0.055654, 
            -0.240825, 
            -1.258884, 
            -1.070154, 
            0.202664, 
            1.109427, 
            0.291137, 
            -0.8808531205130516, 
            0.685555, 
            0.445708, 
            -0.753582, 
            -0.699139, 
            -0.174785, 
            0.259591, 
            -1.132643, 
            -0.098374, 
            -1.16281, 
            0.7298567113264527, 
            -1.224574, 
            1.29465, 
            0.760612, 
            -0.040806, 
            1.01218, 
            -0.851211, 
            0.513249, 
            0.201176, 
            0.018937, 
            -0.6489748938626749, 
            0.459243, 
            -1.335022, 
            -0.18643, 
            0.072775, 
            0.052476, 
            0.846399, 
            -0.656935, 
            0.105038, 
            -0.534202, 
            -0.7603330629583329, 
            0.514572, 
            1.00177, 
            0.025872, 
            -0.542505, 
            1.300251, 
            0.090233, 
            -0.816798, 
            0.210054, 
            -1.160608, 
            0.6133156005594189, 
            0.762697, 
            -0.019821, 
            0.031695, 
            1.101537, 
            0.395572, 
            0.941964, 
            -1.258855, 
            0.120125, 
            0.314466, 
            0.5838093474135175
        ], 
        [
            -0.020152, 
            -0.655709, 
            1.182324, 
            1.194765, 
            -0.60508, 
            -0.070826, 
            0.935418, 
            0.08084, 
            -0.369523, 
            -0.506176
        ]
    ],