{
    "child iterations" : 15, 
    "is fertile" : false, 
    "is classifier" : false, 
    "is child" : false, 
    "weights" : [
        [
            -0.32522, 
            0.065234, 
            -0.070221, 
            -0.166767, 
            -0.843492, 
            -0.871539, 
            0.613241, 
            0.15873, 
            -0.675452, 
            -0.985223, 
            0.249056, 
            0.514681, 
            -0.6243608300074532, 
            -0.9418, 
            -0.097317, 
            0.468465, 
            -0.178237, 
            -0.028223, 
            -0.059377, 
            -0.611045, 
            -0.069469, 
            0.82781, 
            -0.040557, 
            -0.450405, 
            -0.591198, 
            0.40861295482183446, 
            -0.370101, 
            0.895687, 
            -1.065762, 
            0.780073, 
            -0.081756, 
            -0.619338, 
            -0.961491, 
            -0.529155, 
            -0.517126, 
            -0.601688, 
            -0.150516, 
            -1.021377, 
            0.34891195062401126, 
            -0.705643, 
            0.410628, 
            0.626222, 
            0.848138, 
            0.259165, 
            -0.773245, 
            0.288514, 
            0.334987, 
            -0.695169, 
            1.034448, 
            0.004527, 
            0.230973, 
            -0.337116579901394, 
            -0.105191, 
            -0.465836, 
            -0.232816, 
            -0.415926, 
            0.468276, 
            0.491154, 
            -0.188126, 
            -0.437278, 
            0.700039, 
            -0.48506, 
            -0.322861, 
            -0.715767, 
            -0.8957364493661084, 
            0.443933, 
            0.383934, 
            0.060715, 
            0.159152, 
            1.010246, 
            0.914368, 
            0.514412, 
            0.47548, 
            0.902598, 
            0.980697, 
            -0.942265, 
            -0.037395, 
            0.8587714988505162, 
            0.83921, 
            -0.502681, 
            0.623812, 
            -0.088674, 
            0.977888, 
            0.874885, 
            -0.07043, 
            -0.107771, 
            0.575318, 
            0.912718, 
            0.290466, 
            0.831034, 
            0.3901949949122827, 
            0.754892, 
            0.277326, 
            0.570785, 
            -0.672819, 
            0.060045, 
            0.634487, 
            -0.259579, 
            0.386302, 
            0.105189, 
            0.419033, 
            0.086354, 
            -0.147551, 
            -0.8688945770630787, 
            0.275509, 
            0.614233, 
            -0.86479, 
            -0.264723, 
            0.788475, 
            0.973484, 
            -0.60807, 
            0.133891, 
            0.637973, 
            -0.487137, 
            0.209928, 
            -0.447176, 
            -0.9383824600395085, 
            -1.027187, 
            0.47451, 
            0.105706, 
            0.020386, 
            -0.747824, 
            0.94253, 
            0.082225, 
            0.116141, 
            -0.388277, 
            0.889737, 
            0.425827, 
            0.57733, 
            -0.820474405697249, 
            -0.629435, 
            0.400689, 
            0.128193, 
            -0.815255, 
            -0.438328, 
            0.594513, 
            1.022381, 
            -0.960196, 
            0.249934, 
            -0.618809, 
            0.073075, 
            -0.073441, 
            -0.4372056340464858
        ], 
        [
            -0.506005, 
            -0.060914, 
            -1.034275, 
            0.749987, 
            1.004418, 
            0.642581, 
            -0.609138, 
            0.637396, 
            0.038216, 
            0.572963, 
            0.821256, 
            0.9392376425090523, 
            0.388136, 
            0.682236, 
            -0.910327, 
            -0.751491, 
            -0.919958, 
            -0.545826, 
            -1.008524, 
            0.204524, 
            0.439546, 
            -0.967565, 
            -0.96117, 
            -0.40841595197388747, 
            -0.213339, 
            0.925688, 
            0.572253, 
            -0.290997, 
            -0.540898, 
            -0.221319, 
            -0.381734, 
            0.984634, 
            0.311616, 
            0.862034, 
            -0.231774, 
            0.4441683343366376, 
            -0.799726, 
            -0.974948, 
            -0.355885, 
            -0.283048, 
            0.467121, 
            0.951127, 
            0.188442, 
            0.276968, 
            -0.939783, 
            0.669477, 
            -0.363837, 
            -0.07187697799288029, 
            -0.313223, 
            -0.578397, 
            0.102433, 
            -0.403104, 
            -0.724863, 
            0.195669, 
            -0.692893, 
            -0.430531, 
            -0.466061, 
            0.166206, 
            0.226086, 
            -0.4007709442519314, 
            0.678202, 
            -0.678138, 
            -0.81318, 
            0.741747, 
            0.48079, 
            -0.886139, 
            -0.078099, 
            -0.865952, 
            -0.680794, 
            0.405026, 
            -0.249562, 
            -0.06934188555763399, 
            0.000338, 
            -0.210074, 
            1.002816, 
            -0.687146, 
            0.787421, 
            -0.251932, 
            0.239483, 
            -0.283609, 
            -0.587214, 
            0.906341, 
            -0.919571, 
            -0.9754742371333298, 
            -0.425119, 
            0.147925, 
            0.416573, 
            -0.412318, 
            -0.017279, 
            -0.966367, 
            -0.328805, 
            0.844376, 
            0.88214, 
            -0.222753, 
            0.437678, 
            0.8122718066791892, 
            0.69155, 
            -0.137627, 
            0.729711, 
            -0.318386, 
            0.464562, 
            -0.635122, 
            0.203803, 
            -0.291603, 
            0.658134, 
            -0.018547, 
            -0.780302, 
            0.7668526755322596, 
            0.199328, 
            -0.77959, 
            -0.763616, 
            0.597275, 
            0.870925, 
            0.014781, 
            -0.059518, 
            -0.613467, 
            -0.263357, 
            0.392059, 
            -0.424238, 
            0.0773242000695098, 
            -0.859341, 
            -0.951852, 
            0.28241, 
            0.865016, 
            -0.735485, 
            0.390285, 
            0.91359, 
            -0.320172, 
            0.023466, 
            0.924712, 
            -0.227023, 
            -0.0018009869997912542, 
            -0.647829, 
            -0.462817, 
            0.349779, 
            -0.084379, 
            0.806464, 
            1.012592, 
            -0.533516, 
            0.157202, 
            0.660406, 
            -0.943698, 
            0.347985, 
            -0.12829517692687364, 
            0.059664, 
            -0.49362, 
            0.251393, 
            -0.342349, 
            -0.50814, 
            -0.398915, 
            0.441808, 
            -0.681274, 
            0.457646, 
            -0.165255, 
            1.031385, 
            -0.3224858417373433
        ], 
        [
            0.228926, 
            -0.990388, 
            0.42362, 
            0.724101, 
            0.220931, 
            -0.038183, 
            0.560885, 
            -0.756843, 
            -0.04177, 
            0.157165, 
            -0.013226, 
            -0.690608
        ]
    ],