{
    "child iterations" : 15, 
    "is fertile" : false, 
    "is classifier" : false, 
    "is child" : false, 
    "weights" : [
        [
            -1.454449, 
            2.328271, 
            0.82761, 
            4.112583, 
            -2.800251, 
            0.493287, 
            2.489782, 
            0.593821, 
            -0.5287187507067677, 
            2.187638, 
            3.2032, 
            -0.478159, 
            4.894488, 
            -2.20739, 
            2.087875, 
            -1.361274, 
            -1.251637, 
            0.09952547095863973, 
            -3.012071, 
            2.449979, 
            -1.554599, 
            5.364574, 
            1.323999, 
            -1.413123, 
            -0.305557, 
            -0.644907, 
            0.9320765988353541, 
            -0.14752, 
            0.159413, 
            -0.785162, 
            -1.121351, 
            -1.039311, 
            -1.797891, 
            -0.953281, 
            -1.822201, 
            -0.6775567372228979, 
            -1.576234, 
            0.145374, 
            2.357022, 
            2.636628, 
            -1.480129, 
            -0.622209, 
            -1.692756, 
            -0.237486, 
            -0.36780625165495917
        ], 
        [
            -0.067478, 
            1.551613, 
            -2.216385, 
            -1.879799, 
            -0.290874, 
            2.041869, 
            0.329746, 
            -1.02217, 
            0.18469822394570734, 
            -2.006289, 
            -1.290118, 
            -0.687221, 
            2.41833, 
            -2.213034, 
            0.882331, 
            0.945, 
            -1.407257, 
            -0.88822373258837, 
            0.885899, 
            -0.16673, 
            1.847494, 
            -1.46726, 
            0.151192, 
            -1.183548, 
            -0.335977, 
            -0.24936, 
            -0.6083780937736798, 
            0.188483, 
            -3.677614, 
            -2.075762, 
            2.986126, 
            -1.91138, 
            -1.008212, 
            -0.29152, 
            -0.626736, 
            -0.3593558734821565, 
            -1.502009, 
            1.134587, 
            -1.424755, 
            -2.416964, 
            3.084999, 
            -0.71489, 
            2.408566, 
            -2.612905, 
            0.6968139509062556, 
            -0.809336, 
            1.554781, 
            -1.238109, 
            0.749892, 
            0.193604, 
            2.039349, 
            -3.18702, 
            -0.564395, 
            0.7474309629323881, 
            -1.062758, 
            -1.32476, 
            -1.82692, 
            -1.298502, 
            -1.655858, 
            -1.025379, 
            0.66643, 
            1.089127, 
            -0.5786475134613065, 
            1.611866, 
            -0.557459, 
            2.750848, 
            0.847754, 
            -0.441055, 
            2.121721, 
            -0.647686, 
            1.486135, 
            -0.25692922866190404, 
            0.135109, 
            -1.45398, 
            -1.203381, 
            -1.321215, 
            -1.19279, 
            1.807763, 
            0.354154, 
            2.244662, 
            -0.5456231198417643
        ], 
        [
            1.159156, 
            2.784362, 
            -2.119834, 
            2.471653, 
            -3.031806, 
            1.06318, 
            0.441771, 
            -3.865833, 
            -2.53036, 
            -0.826821, 
            -1.813223, 
            0.065489, 
            -2.440345, 
            1.115031, 
            -1.889463, 
            -1.43459, 
            1.982075, 
            -1.490678
        ]
    ], 
    "momentum weights" : [
        [
            -1.454449, 
            2.328271, 
            0.82761, 
            4.112583, 
            -2.800251, 
            0.493287, 
            2.489782, 
            0.593821, 
            -0.5287187507067677, 
            2.187638, 
            3.2032, 
            -0.478159, 
            4.894488, 
            -2.20739, 
            2.087875, 
            -1.361274, 
            -1.251637, 
            0.09952547095863973, 
            -3.012071, 
            2.449979, 
            -1.554599, 
            5.364574, 
            1.323999, 
            -1.413123, 
            -0.305557, 
            -0.644907, 
            0.9320765988353541, 
            -0.14752, 
            0.159413, 
            -0.785162, 
            -1.121351, 
            -1.039311, 
            -1.797891, 
            -0.953281, 
            -1.822201, 
            -0.6775567372228979, 
            -1.576234, 
            0.145374, 
            2.357022, 
            2.636628, 
            -1.480129, 
            -0.622209, 
            -1.692756, 
            -0.237486, 
            -0.36780625165495917
        ], 
        [
            -0.067478, 
            1.551613, 
            -2.216385, 
            -1.879799, 
            -0.290874, 
            2.041869, 
            0.329746, 
            -1.02217, 
            0.18469822394570734, 
            -2.006289, 
            -1.290118, 
            -0.687221, 
            2.41833, 
            -2.213034, 
            0.882331, 
            0.945, 
            -1.407257, 
            -0.88822373258837, 
            0.885899, 
            -0.16673, 
            1.847494, 
            -1.46726, 
            0.151192, 
            -1.183548, 
            -0.335977, 
            -0.24936, 
            -0.6083780937736798, 
            0.188483, 
            -3.677614, 
            -2.075762, 
            2.986126, 
            -1.91138, 
            -1.008212, 
            -0.29152, 
            -0.626736, 
            -0.3593558734821565, 
            -1.502009, 
            1.134587, 
            -1.424755, 
            -2.416964, 
            3.084999, 
            -0.71489, 
            2.408566, 
            -2.612905, 
            0.6968139509062556, 
            -0.809336, 
            1.554781, 
            -1.238109, 
            0.749892, 
            0.193604, 
            2.039349, 
            -3.18702, 
            -0.564395, 
            0.7474309629323881, 
            -1.062758, 
            -1.32476, 
            -1.82692, 
            -1.298502, 
            -1.655858, 
            -1.025379, 
            0.66643, 
            1.089127, 
            -0.5786475134613065, 
            1.611866, 
            -0.557459, 
            2.750848, 
            0.847754, 
            -0.441055, 
            2.121721, 
            -0.647686, 
            1.486135, 
            -0.25692922866190404, 
            0.135109, 
            -1.45398, 
            -1.203381, 
            -1.321215, 
            -1.19279, 
            1.807763, 
            0.354154, 
            2.244662, 
            -0.5456231198417643
        ], 
        [
            1.159156, 
            2.784362, 
            -2.119834, 
            2.471653, 
            -3.031806, 
            1.06318, 
            0.441771, 
            -3.865833, 
            -2.53036, 
            -0.826821, 
            -1.813223, 
            0.065489, 
            -2.440345, 
            1.115031, 
            -1.889463, 
            -1.43459, 
            1.982075, 
            -1.490678
        ]
    ],