{
    "child iterations" : 15, 
    "is fertile" : false, 
    "is classifier" : false, 
    "is child" : false, 
    "weights" : [
        [
            0.337894, 
            -0.711697, 
            -3.43119, 
            6.935533, 
            -0.0875850070834654, 
            -0.79291, 
            -2.020369, 
            -2.553039, 
            7.410655, 
            0.9444675695829796, 
            -3.316031, 
            2.034278, 
            -1.424015, 
            7.849535, 
            -0.9378390002755115, 
            -3.541235, 
            -1.928107, 
            3.406747, 
            -0.357692, 
            0.26427835334568317, 
            -0.894222, 
            -1.529928, 
            -1.878219, 
            3.079087, 
            0.5433292138704413
        ], 
        [
            -4.544667, 
            0.643462, 
            -1.11558, 
            4.001224, 
            -4.083165, 
            -0.843631, 
            5.863946, 
            -8.587365, 
            -1.124142, 
            1.609925
        ]
    ], 
    "momentum weights" : [
        [
            0.337894, 
            -0.711697, 
            -3.43119, 
            6.935533, 
            -0.0875850070834654, 
            -0.79291, 
            -2.020369, 
            -2.553039, 
            7.410655, 
            0.9444675695829796, 
            -3.316031, 
            2.034278, 
            -1.424015, 
            7.849535, 
            -0.9378390002755115, 
            -3.541235, 
            -1.928107, 
            3.406747, 
            -0.357692, 
            0.26427835334568317, 
            -0.894222, 
            -1.529928, 
            -1.878219, 
            3.079087, 
            0.5433292138704413
        ], 
        [
            -4.544667, 
            0.643462, 
            -1.11558, 
            4.001224, 
            -4.083165, 
            -0.843631, 
            5.863946, 
            -8.587365, 
            -1.124142, 
            1.609925
        ]
    ], 
    "nodes" : [
        [
            -0.20384512760602588, 
            -0.46605200432558647, 
            -0.0492428974519137, 
            0.5351009756585466, 
            1.0
        ], 
        [
            -0.9810650443232887, 
            -0.9178427667303563, 
            0.9565902776282633, 
            -0.9825490883206867, 
            0.7615941559557649
        ], 
        [
            -0.9999163738369888, 
            0.9997779558907067
        ]
    ], 
    "pre activation nodes" : [
        [
            0.0, 
            0.0, 
            0.0, 
            0.0, 
            0.0
        ], 
        [
            -2.3251900798533365, 
            -1.5751606921076509, 
            1.9041375745987246, 
            -2.3663734107516974, 
            1.0
        ], 
        [
            -5.041129749379533, 
            4.552835328829994
        ]
    ], 
    "average nodes" : [
        [
            0.0, 
            0.0, 
            0.0, 
            0.0, 
            0.0
        ], 
        [
            0.0, 
            0.0, 
            0.0, 
            0.0, 
            0.0
        ], 
        [
            0.0, 
            0.0
        ]
    ], 
    "input width" : 4, 
    "output width" : 2, 
    "hidden width" : 5, 
    "hidden length" : 1, 
    "hidden layer details" : {
        "items" : 3, 
        "0" : "is shallow", 
        "1" : "probabilities", 
        "2" : "width", 
        "is shallow" : true, 
        "probabilities" : {
            "2" : 0.85, 
            "3" : 0.12, 
            "1" : 0.03
        }, 
        "width" : {
            "no change" : 0.6, 
            "decrease" : 0.35, 
            "increase" : 0.05
        }
    }, 
    "weight range" : 1.0, 
    "activation function" : 2, 
    "learning rate" : 0.05, 
    "momentum active" : true, 
    "momentum" : 0.001, 
    "accuracy requirement" : 0.985, 
    "epochs" : 10, 
    "batch size" : 40, 
    "accuracy sample size" : 150, 
    "fitness sample size" : 15, 
    "allow testing" : false, 
    "show output" : true, 
    "use bias" : true, 
    "clear bias" : false, 
    "bias value" : 1.0, 
    "child" : null
}