{
    "child iterations" : 15, 
    "is fertile" : false, 
    "is classifier" : false, 
    "is child" : false, 
    "weights" : [
        [
            2.902973, 
            5.604406, 
            2.964204, 
            -1.245379, 
            0.6593298502258029, 
            1.95004, 
            0.631358, 
            5.782058, 
            -2.78714, 
            0.8103827559245338, 
            0.836194, 
            8.055195, 
            3.441389, 
            1.12088, 
            0.35214224724171994, 
            -2.564386, 
            -2.624103, 
            1.766388, 
            0.167027, 
            0.5809560647914127, 
            2.200519, 
            4.907877, 
            -0.079106, 
            0.154136, 
            -0.23194441560942036
        ], 
        [
            -2.905278, 
            1.287696, 
            1.844326, 
            0.13307489507778358, 
            2.768394, 
            3.841413, 
            2.4702, 
            -0.8929906121428304, 
            -1.96743, 
            2.512467, 
            3.563056, 
            -0.11346244115427995, 
            0.485292, 
            -1.821444, 
            0.576516, 
            0.9138458354147909, 
            3.468135, 
            0.279833, 
            -1.035457, 
            0.8683383031494751
        ], 
        [
            0.544741, 
            -1.019098, 
            7.143871, 
            -1.036295, 
            0.9118, 
            -5.239872, 
            -4.155398, 
            -0.258541
        ]
    ], 
    "momentum weights" : [
        [
            2.902973, 
            5.604406, 
            2.964204, 
            -1.245379, 
            0.6593298502258029, 
            1.95004, 
            0.631358, 
            5.782058, 
            -2.78714, 
            0.8103827559245338, 
            0.836194, 
            8.055195, 
            3.441389, 
            1.12088, 
            0.35214224724171994, 
            -2.564386, 
            -2.624103, 
            1.766388, 
            0.167027, 
            0.5809560647914127, 
            2.200519, 
            4.907877, 
            -0.079106, 
            0.154136, 
            -0.23194441560942036
        ], 
        [
            -2.905278, 
            1.287696, 
            1.844326, 
            0.13307489507778358, 
            2.768394, 
            3.841413, 
            2.4702, 
            -0.8929906121428304, 
            -1.96743, 
            2.512467, 
            3.563056, 
            -0.11346244115427995, 
            0.485292, 
            -1.821444, 
            0.576516, 
            0.9138458354147909, 
            3.468135, 
            0.279833, 
            -1.035457, 
            0.8683383031494751
        ], 
        [
            0.544741, 
            -1.019098, 
            7.143871, 
            -1.036295, 
            0.9118, 
            -5.239872, 
            -4.155398, 
            -0.258541
        ]
    ], 
    "nodes" : [
        [
            -0.17779748898456035, 
            -0.12474227961399004, 
            -0.30252654705236176, 
            0.664908117151768, 
            1.0
        ], 
        [
            -0.47532454734417484, 
            -0.33551241269458837, 
            -0.8318236073591594, 
            0.4583315609224233, 
            0.7615941559557649
        ], 
        [
            0.9999001381639855, 
            -0.9998029499476326, 
            -0.9999383568990391, 
            0.7615941559557649
        ], 
        [
            -0.999999998929722, 
            0.999919429147586
        ]
    ], 
    "pre activation nodes" : [
        [
            0.0, 
            0.0, 
            0.0, 
            0.0, 
            0.0
        ], 
        [
            -0.5169266953246976, 
            -0.3490270643482889, 
            -1.1940269358128004, 
            0.495197108260896, 
            1.0
        ], 
        [
            4.95241010778521, 
            -4.612550719623319, 
            -5.193632799852699, 
            1.0
        ], 
        [
            -10.674247324972573, 
            5.0597402503796625
        ]
    ], 
    "average nodes" : [
        [
            0.0, 
            0.0, 
            0.0, 
            0.0, 
            0.0
        ], 
        [
            0.0, 
            0.0, 
            0.0, 
            0.0, 
            0.0
        ], 
        [
            0.0, 
            0.0, 
            0.0, 
            0.0
        ], 
        [
            0.0, 
            0.0
        ]
    ], 
    "input width" : 4, 
    "output width" : 2, 
    "hidden width" : 4, 
    "hidden length" : 2, 
    "hidden layer details" : {
        "items" : 3, 
        "0" : "is shallow", 
        "1" : "probabilities", 
        "2" : "width", 
        "is shallow" : true, 
        "probabilities" : {
            "2" : 0.85, 
            "3" : 0.12, 
            "1" : 0.03
        }, 
        "width" : {
            "no change" : 0.6, 
            "decrease" : 0.35, 
            "increase" : 0.05
        }
    }, 
    "weight range" : 1.0, 
    "activation function" : 2, 
    "learning rate" : 0.05, 
    "momentum active" : true, 
    "momentum" : 0.001, 
    "accuracy requirement" : 0.985, 
    "epochs" : 10, 
    "batch size" : 40, 
    "accuracy sample size" : 150, 
    "fitness sample size" : 15, 
    "allow testing" : false, 
    "show output" : true, 
    "use bias" : true, 
    "clear bias" : false, 
    "bias value" : 1.0, 
    "child" : null
}