{
    "child iterations" : 15, 
    "is fertile" : false, 
    "is classifier" : false, 
    "is child" : false, 
    "weights" : [
        [
            6.201918, 
            -0.381154, 
            2.392936, 
            -1.885435, 
            4.331459, 
            0.04603763158054197, 
            5.692609, 
            -3.989729, 
            0.193704, 
            -4.014125, 
            3.64527, 
            -0.3075074967644018, 
            5.037715, 
            -1.427526, 
            0.792635, 
            1.403462, 
            7.75715, 
            0.25662624926353406, 
            -0.025256, 
            -2.128867, 
            -1.998243, 
            -2.310345, 
            -1.118959, 
            0.2827921929588686, 
            2.287794, 
            2.606232, 
            -1.544127, 
            2.961787, 
            3.957661, 
            -0.6228893823684019
        ], 
        [
            1.071593, 
            3.960267, 
            3.904869, 
            0.891335, 
            0.5477794268292309, 
            -2.910201, 
            2.675916, 
            -2.615472, 
            3.170106, 
            0.8848112798830752, 
            -0.727039, 
            -0.96108, 
            2.113533, 
            -3.396679, 
            0.8776442799900479, 
            0.37334, 
            -1.809116, 
            0.476736, 
            -0.006719, 
            -0.6386013243763526, 
            -2.378046, 
            4.238637, 
            3.583183, 
            1.149165, 
            0.07356350871956696, 
            -0.115966, 
            1.720936, 
            1.641649, 
            -0.421445, 
            -0.9866802788370082
        ], 
        [
            -1.34894, 
            -0.58736, 
            2.212943, 
            -3.292385, 
            6.466397, 
            -5.582498, 
            -2.048433, 
            -2.730344, 
            4.171859, 
            2.584958
        ]
    ], 
    "momentum weights" : [
        [
            6.201918, 
            -0.381154, 
            2.392936, 
            -1.885435, 
            4.331459, 
            0.04603763158054197, 
            5.692609, 
            -3.989729, 
            0.193704, 
            -4.014125, 
            3.64527, 
            -0.3075074967644018, 
            5.037715, 
            -1.427526, 
            0.792635, 
            1.403462, 
            7.75715, 
            0.25662624926353406, 
            -0.025256, 
            -2.128867, 
            -1.998243, 
            -2.310345, 
            -1.118959, 
            0.2827921929588686, 
            2.287794, 
            2.606232, 
            -1.544127, 
            2.961787, 
            3.957661, 
            -0.6228893823684019
        ], 
        [
            1.071593, 
            3.960267, 
            3.904869, 
            0.891335, 
            0.5477794268292309, 
            -2.910201, 
            2.675916, 
            -2.615472, 
            3.170106, 
            0.8848112798830752, 
            -0.727039, 
            -0.96108, 
            2.113533, 
            -3.396679, 
            0.8776442799900479, 
            0.37334, 
            -1.809116, 
            0.476736, 
            -0.006719, 
            -0.6386013243763526, 
            -2.378046, 
            4.238637, 
            3.583183, 
            1.149165, 
            0.07356350871956696, 
            -0.115966, 
            1.720936, 
            1.641649, 
            -0.421445, 
            -0.9866802788370082
        ], 
        [
            -1.34894, 
            -0.58736, 
            2.212943, 
            -3.292385, 
            6.466397, 
            -5.582498, 
            -2.048433, 
            -2.730344, 
            4.171859, 
            2.584958
        ]
    ], 
    "nodes" : [
        [
            0.40218794395286617, 
            0.26534629013609135, 
            -0.5152105455876969, 
            0.6609090991752821, 
            1.0
        ], 
        [
            0.9987295997241233, 
            0.6186194232542497, 
            -0.978428785208493, 
            -0.8046455213566415, 
            0.9588048628895521, 
            0.7615941559557649
        ], 
        [
            -0.9907813472479531, 
            0.999999999995234, 
            0.9997610896882864, 
            0.999998201894647, 
            0.7615941559557649
        ], 
        [
            0.9999999995809875, 
            -0.9999999726174833
        ]
    ], 
    "pre activation nodes" : [
        [
            0.0, 
            0.0, 
            0.0, 
            0.0, 
            0.0
        ], 
        [
            3.6804675144555006, 
            0.7227655456788491, 
            -2.2593492442299, 
            -1.1116518584650263, 
            1.93088479216085, 
            1.0
        ], 
        [
            -2.687526786455473, 
            13.381335480207767, 
            4.516225029763757, 
            6.960961655321826, 
            1.0
        ], 
        [
            11.143133818792977, 
            -9.053254135890167
        ]
    ], 
    "average nodes" : [
        [
            0.0, 
            0.0, 
            0.0, 
            0.0, 
            0.0
        ], 
        [
            0.0, 
            0.0, 
            0.0, 
            0.0, 
            0.0, 
            0.0
        ], 
        [
            0.0, 
            0.0, 
            0.0, 
            0.0, 
            0.0
        ], 
        [
            0.0, 
            0.0
        ]
    ], 
    "input width" : 4, 
    "output width" : 2, 
    "hidden width" : 6, 
    "hidden length" : 2, 
    "hidden layer details" : {
        "items" : 3, 
        "0" : "is shallow", 
        "1" : "probabilities", 
        "2" : "width", 
        "is shallow" : true, 
        "probabilities" : {
            "2" : 0.85, 
            "3" : 0.12, 
            "1" : 0.03
        }, 
        "width" : {
            "no change" : 0.6, 
            "decrease" : 0.35, 
            "increase" : 0.05
        }
    }, 
    "weight range" : 1.0, 
    "activation function" : 2, 
    "learning rate" : 0.05, 
    "momentum active" : true, 
    "momentum" : 0.001, 
    "accuracy requirement" : 0.985, 
    "epochs" : 10, 
    "batch size" : 40, 
    "accuracy sample size" : 150, 
    "fitness sample size" : 15, 
    "allow testing" : false, 
    "show output" : true, 
    "use bias" : true, 
    "clear bias" : false, 
    "bias value" : 1.0, 
    "child" : null
}