{
    "child iterations" : 15, 
    "is fertile" : false, 
    "is classifier" : false, 
    "is child" : false, 
    "weights" : [
        [
            1.127255, 
            1.73602, 
            4.488952, 
            5.688363, 
            2.202236, 
            -2.808595, 
            0.119793, 
            4.304059, 
            -4.701981, 
            0.518376, 
            3.983162, 
            1.102791, 
            -0.858958, 
            -0.503176, 
            -3.408448, 
            -4.461811, 
            4.38262, 
            1.893031, 
            3.940405, 
            -4.750612, 
            -0.395228, 
            3.148383, 
            -0.191809, 
            -1.323856, 
            -0.832657, 
            -2.306292, 
            -2.469127, 
            -3.655402, 
            0.673935, 
            -1.462757, 
            1.537066, 
            0.900169, 
            2.513821, 
            -3.10538, 
            0.695715
        ], 
        [
            -1.685501, 
            3.793759, 
            -2.98653, 
            2.287267, 
            0.077213, 
            2.413254, 
            -3.88408, 
            0.188341, 
            0.958934, 
            3.57214, 
            -3.455155, 
            1.235103, 
            -1.486054, 
            2.282309, 
            -3.612181, 
            0.776291, 
            1.043399, 
            1.988928, 
            0.58304, 
            3.431645, 
            -4.406502, 
            -3.268878, 
            0.502235, 
            1.206213, 
            3.566041, 
            -1.279777, 
            -2.889733, 
            -0.560434, 
            -0.765977, 
            2.025769, 
            -2.52294, 
            0.706868, 
            1.145723, 
            -1.172849, 
            -2.128836, 
            2.187258, 
            1.014474, 
            -1.609935, 
            3.200582, 
            3.135098, 
            2.230685, 
            1.287075
        ], 
        [
            2.779157, 
            -0.998909, 
            3.120251, 
            -0.568062, 
            -3.410096, 
            3.886095, 
            0.063835, 
            1.938257, 
            3.142492, 
            -2.413072, 
            -3.997537, 
            0.882393
        ]
    ], 
    "momentum weights" : [
        [
            1.127255, 
            1.73602, 
            4.488952, 
            5.688363, 
            2.202236, 
            -2.808595, 
            0.119793, 
            4.304059, 
            -4.701981, 
            0.518376, 
            3.983162, 
            1.102791, 
            -0.858958, 
            -0.503176, 
            -3.408448, 
            -4.461811, 
            4.38262, 
            1.893031, 
            3.940405, 
            -4.750612, 
            -0.395228, 
            3.148383, 
            -0.191809, 
            -1.323856, 
            -0.832657, 
            -2.306292, 
            -2.469127, 
            -3.655402, 
            0.673935, 
            -1.462757, 
            1.537066, 
            0.900169, 
            2.513821, 
            -3.10538, 
            0.695715
        ], 
        [
            -1.685501, 
            3.793759, 
            -2.98653, 
            2.287267, 
            0.077213, 
            2.413254, 
            -3.88408, 
            0.188341, 
            0.958934, 
            3.57214, 
            -3.455155, 
            1.235103, 
            -1.486054, 
            2.282309, 
            -3.612181, 
            0.776291, 
            1.043399, 
            1.988928, 
            0.58304, 
            3.431645, 
            -4.406502, 
            -3.268878, 
            0.502235, 
            1.206213, 
            3.566041, 
            -1.279777, 
            -2.889733, 
            -0.560434, 
            -0.765977, 
            2.025769, 
            -2.52294, 
            0.706868, 
            1.145723, 
            -1.172849, 
            -2.128836, 
            2.187258, 
            1.014474, 
            -1.609935, 
            3.200582, 
            3.135098, 
            2.230685, 
            1.287075
        ], 
        [
            2.779157, 
            -0.998909, 
            3.120251, 
            -0.568062, 
            -3.410096, 
            3.886095, 
            0.063835, 
            1.938257, 
            3.142492, 
            -2.413072, 
            -3.997537, 
            0.882393
        ]
    ], 
    "nodes" : [
        [
            -0.5262387411750283, 
            -0.5897802407510656, 
            0.34312361341460795, 
            0.6237558762286659, 
            1.0
        ], 
        [
            -0.9306758187655464, 
            -0.8493394341720409, 
            -0.4242839237759096, 
            -0.9996407927413683, 
            0.5497322842702974, 
            -0.9996251496270683, 
            0.7615941559557649
        ], 
        [
            0.9999999970671266, 
            -0.9999999990344581, 
            0.9999995052813447, 
            0.7729703822628726, 
            0.9999524873964649, 
            0.7615941559557649
        ], 
        [
            -0.9985198338511856, 
            0.996764366751592
        ]
    ], 
    "pre activation nodes" : [
        [
            0.0, 
            0.0, 
            0.0, 
            0.0, 
            0.0
        ], 
        [
            -1.6634158024374057, 
            -1.2537771968243259, 
            -0.4529049204121476, 
            -4.312289287384168, 
            0.6179975727293876, 
            -4.290971677470122, 
            1.0
        ], 
        [
            10.170215196447767, 
            -10.725739399193403, 
            7.60621177114453, 
            1.0276655587399885, 
            5.323819484257198, 
            1.0
        ], 
        [
            -3.604003879141773, 
            3.212529337460695
        ]
    ], 
    "average nodes" : [
        [
            0.0, 
            0.0, 
            0.0, 
            0.0, 
            0.0
        ], 
        [
            0.0, 
            0.0, 
            0.0, 
            0.0, 
            0.0, 
            0.0, 
            0.0
        ], 
        [
            0.0, 
            0.0, 
            0.0, 
            0.0, 
            0.0, 
            0.0
        ], 
        [
            0.0, 
            0.0
        ]
    ], 
    "input width" : 4, 
    "output width" : 2, 
    "hidden width" : 6, 
    "hidden length" : 2, 
    "hidden layer details" : {
        "items" : 3, 
        "0" : "is shallow", 
        "1" : "probabilities", 
        "2" : "width", 
        "is shallow" : true, 
        "probabilities" : {
            "2" : 0.85, 
            "3" : 0.12, 
            "1" : 0.03
        }, 
        "width" : {
            "no change" : 0.6, 
            "decrease" : 0.35, 
            "increase" : 0.05
        }
    }, 
    "weight range" : 1.0, 
    "activation function" : 2, 
    "learning rate" : 0.05, 
    "momentum active" : true, 
    "momentum" : 0.001, 
    "accuracy requirement" : 0.985, 
    "epochs" : 10, 
    "batch size" : 40, 
    "accuracy sample size" : 150, 
    "fitness sample size" : 15, 
    "allow testing" : false, 
    "show output" : true, 
    "use bias" : true, 
    "clear bias" : false, 
    "bias value" : 1.0, 
    "child" : null
}