{
    "child iterations" : 15, 
    "is fertile" : false, 
    "is classifier" : false, 
    "is child" : false, 
    "weights" : [
        [
            -5.131298, 
            -1.266164, 
            -3.650856, 
            2.411459, 
            -0.751569, 
            3.427427, 
            -0.33852009561274277, 
            -1.747617, 
            -3.898479, 
            -4.222985, 
            -1.376389, 
            -1.146677, 
            2.26773, 
            -0.6674166690945427, 
            -4.944148, 
            -3.166565, 
            -2.462186, 
            -3.643569, 
            2.197225, 
            3.847766, 
            0.39521980487347297, 
            0.799512, 
            -0.18803, 
            -1.28859, 
            -0.45126, 
            -0.369635, 
            -1.988504, 
            -0.8026466354117618, 
            -1.801902, 
            -0.233272, 
            -1.234214, 
            -2.028747, 
            -2.116522, 
            2.580855, 
            -0.851487237829232
        ], 
        [
            -3.961229, 
            1.188696, 
            1.207462, 
            2.433642, 
            -0.213022, 
            1.445556, 
            -0.6161049059629673, 
            -0.79982, 
            2.349716, 
            2.518427, 
            2.865954, 
            2.694085, 
            -1.329452, 
            -0.8630945636839504, 
            0.654071, 
            -3.960434, 
            1.37224, 
            2.726239, 
            -2.080234, 
            1.687384, 
            -0.9192770850492118, 
            -3.101773, 
            -0.128135, 
            -1.14572, 
            1.552706, 
            0.3731, 
            0.212009, 
            0.2726201019622272, 
            1.295062, 
            -0.010512, 
            1.711846, 
            -0.752861, 
            3.101831, 
            2.086105, 
            -0.6105273055737261, 
            -1.579083, 
            3.109033, 
            -1.333903, 
            -2.516517, 
            0.20385, 
            -0.046839, 
            -0.9066853744393084, 
            2.955884, 
            -3.037725, 
            -2.035271, 
            -0.913908, 
            2.665623, 
            2.123247, 
            -0.5727865987643799
        ], 
        [
            2.534911, 
            -0.308559, 
            3.683177, 
            0.954962, 
            -2.854261, 
            1.749387, 
            -1.710095, 
            4.087928, 
            -1.819022, 
            0.906789, 
            1.147973, 
            2.757767, 
            -2.428616, 
            0.217362
        ]
    ], 
    "momentum weights" : [
        [
            -5.131298, 
            -1.266164, 
            -3.650856, 
            2.411459, 
            -0.751569, 
            3.427427, 
            -0.33852009561274277, 
            -1.747617, 
            -3.898479, 
            -4.222985, 
            -1.376389, 
            -1.146677, 
            2.26773, 
            -0.6674166690945427, 
            -4.944148, 
            -3.166565, 
            -2.462186, 
            -3.643569, 
            2.197225, 
            3.847766, 
            0.39521980487347297, 
            0.799512, 
            -0.18803, 
            -1.28859, 
            -0.45126, 
            -0.369635, 
            -1.988504, 
            -0.8026466354117618, 
            -1.801902, 
            -0.233272, 
            -1.234214, 
            -2.028747, 
            -2.116522, 
            2.580855, 
            -0.851487237829232
        ], 
        [
            -3.961229, 
            1.188696, 
            1.207462, 
            2.433642, 
            -0.213022, 
            1.445556, 
            -0.6161049059629673, 
            -0.79982, 
            2.349716, 
            2.518427, 
            2.865954, 
            2.694085, 
            -1.329452, 
            -0.8630945636839504, 
            0.654071, 
            -3.960434, 
            1.37224, 
            2.726239, 
            -2.080234, 
            1.687384, 
            -0.9192770850492118, 
            -3.101773, 
            -0.128135, 
            -1.14572, 
            1.552706, 
            0.3731, 
            0.212009, 
            0.2726201019622272, 
            1.295062, 
            -0.010512, 
            1.711846, 
            -0.752861, 
            3.101831, 
            2.086105, 
            -0.6105273055737261, 
            -1.579083, 
            3.109033, 
            -1.333903, 
            -2.516517, 
            0.20385, 
            -0.046839, 
            -0.9066853744393084, 
            2.955884, 
            -3.037725, 
            -2.035271, 
            -0.913908, 
            2.665623, 
            2.123247, 
            -0.5727865987643799
        ], 
        [
            2.534911, 
            -0.308559, 
            3.683177, 
            0.954962, 
            -2.854261, 
            1.749387, 
            -1.710095, 
            4.087928, 
            -1.819022, 
            0.906789, 
            1.147973, 
            2.757767, 
            -2.428616, 
            0.217362
        ]
    ], 
    "nodes" : [
        [
            -0.015185802161982863, 
            -0.02036468136218553, 
            -0.5362498546104637, 
            0.7721341735090063, 
            1.0
        ], 
        [
            0.9186393223074664, 
            0.8892296467115668, 
            -0.6454095503679536, 
            -0.40691389757382435, 
            -0.9983360120596603, 
            -0.8062188288523273, 
            0.7615941559557649
        ], 
        [
            -0.8561622271727657, 
            0.7531013186539443, 
            0.6325192272851616, 
            0.9997417069049653, 
            0.9737420455259619, 
            -0.8971436095179001, 
            0.7615941559557649
        ], 
        [
            -0.9999994598602743, 
            0.9998506543719882
        ]
    ], 
    "pre activation nodes" : [
        [
            0.0, 
            0.0, 
            0.0, 
            0.0, 
            0.0
        ], 
        [
            1.580239723113465, 
            1.4182326308604811, 
            -0.7673905692578737, 
            -0.43190713650479773, 
            -3.5454265121460513, 
            -1.1161306778465456, 
            1.0
        ], 
        [
            -1.2787901147432295, 
            0.9800818125244968, 
            0.7456043203783298, 
            4.477216808119746, 
            2.159858782356385, 
            -1.4573854611937953, 
            1.0
        ], 
        [
            -7.562292445015168, 
            4.751159896063865
        ]
    ], 
    "average nodes" : [
        [
            0.0, 
            0.0, 
            0.0, 
            0.0, 
            0.0
        ], 
        [
            0.0, 
            0.0, 
            0.0, 
            0.0, 
            0.0, 
            0.0, 
            0.0
        ], 
        [
            0.0, 
            0.0, 
            0.0, 
            0.0, 
            0.0, 
            0.0, 
            0.0
        ], 
        [
            0.0, 
            0.0
        ]
    ], 
    "input width" : 4, 
    "output width" : 2, 
    "hidden width" : 7, 
    "hidden length" : 2, 
    "hidden layer details" : {
        "items" : 3, 
        "0" : "is shallow", 
        "1" : "probabilities", 
        "2" : "width", 
        "is shallow" : true, 
        "probabilities" : {
            "2" : 0.85, 
            "3" : 0.12, 
            "1" : 0.03
        }, 
        "width" : {
            "no change" : 0.6, 
            "decrease" : 0.35, 
            "increase" : 0.05
        }
    }, 
    "weight range" : 1.0, 
    "activation function" : 2, 
    "learning rate" : 0.05, 
    "momentum active" : true, 
    "momentum" : 0.001, 
    "accuracy requirement" : 0.985, 
    "epochs" : 10, 
    "batch size" : 40, 
    "accuracy sample size" : 150, 
    "fitness sample size" : 15, 
    "allow testing" : false, 
    "show output" : true,