{
    "child iterations" : 15, 
    "is fertile" : false, 
    "is classifier" : false, 
    "is child" : false, 
    "weights" : [
        [
            -0.989917, 
            -0.54552, 
            -0.848386, 
            0.235552, 
            -0.411152, 
            -0.937945, 
            -0.275132, 
            0.00411, 
            0.525817, 
            -0.278927, 
            0.581642, 
            -0.9181550074004483, 
            0.662055, 
            -0.027298, 
            -0.892613, 
            -0.700581, 
            -1.031439, 
            0.927451, 
            0.75464, 
            -0.277269, 
            0.359637, 
            0.130821, 
            -1.131946, 
            0.6463651877511698, 
            -0.493102, 
            -0.785619, 
            -0.649579, 
            -0.119429, 
            -0.014057, 
            -0.668832, 
            0.924819, 
            -0.082458, 
            0.680229, 
            -0.400351, 
            -0.337724, 
            0.9776538195623536, 
            -0.053725, 
            -1.029755, 
            -0.951736, 
            -0.426344, 
            -0.774219, 
            0.426555, 
            -1.004259, 
            0.439633, 
            -0.469846, 
            0.433364, 
            0.931401, 
            0.8617899745225703, 
            0.410595, 
            1.028329, 
            0.485872, 
            -0.233311, 
            0.635232, 
            -0.55657, 
            0.984674, 
            0.621515, 
            -0.287093, 
            1.008326, 
            -0.155957, 
            0.0431395942483912, 
            0.86034, 
            -0.338355, 
            -0.703008, 
            -0.376368, 
            0.142226, 
            -0.270592, 
            -0.622673, 
            -0.821621, 
            -1.086607, 
            0.248689, 
            0.234982, 
            0.3843286979918845, 
            -0.54709, 
            0.402067, 
            -0.13803, 
            1.034098, 
            0.167481, 
            0.152906, 
            -0.105031, 
            0.593821, 
            0.32396, 
            -0.54331, 
            -0.566571, 
            -0.9143401453895426, 
            0.529849, 
            -0.29143, 
            0.288276, 
            -0.56679, 
            -0.400704, 
            1.139382, 
            -0.973541, 
            -0.096438, 
            1.139176, 
            -0.199532, 
            -0.6049, 
            -0.23002795128899312, 
            0.663991, 
            -0.614482, 
            -0.876934, 
            -0.022435, 
            0.078336, 
            0.106679, 
            1.071952, 
            0.133432, 
            -0.322535, 
            -0.46033, 
            0.06665, 
            0.7296811745908871, 
            0.251932, 
            0.761616, 
            0.022514, 
            0.681377, 
            -0.460973, 
            -0.936994, 
            -0.827771, 
            -0.178111, 
            0.312964, 
            -0.450815, 
            0.358017, 
            0.3797568816686583, 
            1.020144, 
            -1.013895, 
            0.371152, 
            1.128536, 
            0.036802, 
            0.638675, 
            0.118965, 
            0.813686, 
            -0.500388, 
            -1.094961, 
            0.060374, 
            0.8958467468190852
        ], 
        [
            -1.099389, 
            0.402707, 
            -0.598648, 
            0.463262, 
            -0.707925, 
            -0.009946, 
            -0.865156, 
            0.268604, 
            -1.093159, 
            0.432408, 
            -0.65871, 
            -0.32046863184293817, 
            -0.931837, 
            1.111931, 
            0.55414, 
            -1.073709, 
            0.844582, 
            -0.783013, 
            0.269754, 
            0.675791, 
            0.485271, 
            0.282247, 
            0.043454, 
            0.5576410319205993, 
            0.799431, 
            -0.538058, 
            -0.364021, 
            -0.039597, 
            0.59391, 
            -1.053448, 
            1.139644, 
            -0.708345, 
            -0.274758, 
            0.01503, 
            0.956392, 
            0.29089525072749556, 
            0.42202, 
            0.838541, 
            0.053501, 
            0.721269, 
            0.664688, 
            -0.105024, 
            -0.536228, 
            -1.060985, 
            0.036062, 
            0.974309, 
            -0.718083, 
            0.12900302971760258, 
            0.594138, 
            -0.519531, 
            -0.013229, 
            0.02091, 
            1.015986, 
            0.658307, 
            0.010794, 
            -0.643761, 
            -0.73379, 
            0.951268, 
            0.454123, 
            0.11236943684810319, 
            1.180711, 
            -0.043061, 
            -0.2008, 
            -1.096213, 
            -1.078417, 
            -0.985409, 
            0.354165, 
            -0.93326, 
            -0.976134, 
            -1.188991, 
            -0.174542, 
            0.3999470998081962, 
            0.982994, 
            -0.357775, 
            -0.002379, 
            -0.841927, 
            0.911339, 
            -0.882371, 
            0.264272, 
            -0.867949, 
            0.766067, 
            0.014929, 
            0.375971, 
            0.919947020471257, 
            -0.846533, 
            -0.749961, 
            -0.654705, 
            0.823799, 
            0.959215, 
            -0.876278, 
            -0.720755, 
            -0.802243, 
            -0.722786, 
            0.476644, 
            0.149478, 
            0.29028777177881904, 
            -0.68212, 
            1.154008, 
            -0.384109, 
            -0.042874, 
            0.79398, 
            -1.100301, 
            -0.723891, 
            0.708724, 
            0.340082, 
            -0.061601, 
            1.123538, 
            -0.7795858047020257, 
            -1.000786, 
            0.500031, 
            -1.035023, 
            1.032, 
            0.994457, 
            -0.891802, 
            -0.929702, 
            0.502962, 
            0.003391, 
            0.570161, 
            -0.66219, 
            -0.36571776911967, 
            -0.524132, 
            -0.353842, 
            -1.022196, 
            -0.61536, 
            -1.035859, 
            0.080005, 
            0.479857, 
            0.630419, 
            -0.101367, 
            0.175576, 
            -0.994152, 
            -0.2263246396817249, 
            -0.664998, 
            1.116779, 
            0.475157, 
            -0.833478, 
            -0.9864, 
            -0.151754, 
            -0.498152, 
            0.29997, 
            0.46687, 
            0.596544, 
            -0.687665, 
            0.5001195016113746
        ], 
        [
            -0.009648, 
            -0.079817, 
            1.128662, 
            -0.132518, 
            -0.720956, 
            -0.846318, 
            -0.008431, 
            0.795958, 
            -0.185185, 
            0.729152, 
            -0.814049, 
            -0.086942
        ]
    ],