{
    "child iterations" : 15, 
    "is fertile" : false, 
    "is classifier" : false, 
    "is child" : false, 
    "weights" : [
        [
            -6.6421, 
            -1.23678, 
            1.861005, 
            -4.458805, 
            2.525701, 
            -0.046824549064455434, 
            2.443643, 
            1.414051, 
            -1.04741, 
            -3.942781, 
            6.139597, 
            -0.8027079088550433, 
            -3.812934, 
            2.791153, 
            2.195316, 
            -2.618833, 
            4.437579, 
            -0.06930233566205035, 
            0.851831, 
            -1.765796, 
            -1.777544, 
            1.342186, 
            1.388682, 
            0.2348764268231991, 
            -0.623392, 
            1.644388, 
            1.760184, 
            -1.874485, 
            0.282928, 
            -0.5926816931698768
        ], 
        [
            -0.995556, 
            -2.949835, 
            -4.45481, 
            0.692365, 
            -2.634047, 
            -0.8170581874135499, 
            1.732473, 
            -1.091485, 
            3.018419, 
            3.250428, 
            0.158113, 
            -0.2013342752928402, 
            -0.074246, 
            -1.082926, 
            -0.207771, 
            0.959052, 
            1.245806, 
            -0.4172716838800965, 
            -2.360038, 
            -2.642611, 
            3.034069, 
            2.428062, 
            -3.194686, 
            -0.021304377781216965, 
            2.954022, 
            -1.546203, 
            -1.359166, 
            -0.20856, 
            3.364314, 
            0.8320371176793468, 
            0.228113, 
            -2.579093, 
            2.873485, 
            -3.350686, 
            2.652, 
            0.7392142297412521
        ], 
        [
            4.781786, 
            -1.952305, 
            -2.223757, 
            -1.603324, 
            3.351876, 
            -0.825307, 
            -2.726214, 
            0.843511, 
            3.489252, 
            -3.499007, 
            -2.035905, 
            -1.306559
        ]
    ], 
    "momentum weights" : [
        [
            -6.6421, 
            -1.23678, 
            1.861005, 
            -4.458805, 
            2.525701, 
            -0.046824549064455434, 
            2.443643, 
            1.414051, 
            -1.04741, 
            -3.942781, 
            6.139597, 
            -0.8027079088550433, 
            -3.812934, 
            2.791153, 
            2.195316, 
            -2.618833, 
            4.437579, 
            -0.06930233566205035, 
            0.851831, 
            -1.765796, 
            -1.777544, 
            1.342186, 
            1.388682, 
            0.2348764268231991, 
            -0.623392, 
            1.644388, 
            1.760184, 
            -1.874485, 
            0.282928, 
            -0.5926816931698768
        ], 
        [
            -0.995556, 
            -2.949835, 
            -4.45481, 
            0.692365, 
            -2.634047, 
            -0.8170581874135499, 
            1.732473, 
            -1.091485, 
            3.018419, 
            3.250428, 
            0.158113, 
            -0.2013342752928402, 
            -0.074246, 
            -1.082926, 
            -0.207771, 
            0.959052, 
            1.245806, 
            -0.4172716838800965, 
            -2.360038, 
            -2.642611, 
            3.034069, 
            2.428062, 
            -3.194686, 
            -0.021304377781216965, 
            2.954022, 
            -1.546203, 
            -1.359166, 
            -0.20856, 
            3.364314, 
            0.8320371176793468, 
            0.228113, 
            -2.579093, 
            2.873485, 
            -3.350686, 
            2.652, 
            0.7392142297412521
        ], 
        [
            4.781786, 
            -1.952305, 
            -2.223757, 
            -1.603324, 
            3.351876, 
            -0.825307, 
            -2.726214, 
            0.843511, 
            3.489252, 
            -3.499007, 
            -2.035905, 
            -1.306559
        ]
    ], 
    "nodes" : [
        [
            0.0325249334746771, 
            0.310256055259741, 
            -0.9269218342774679, 
            -0.24091400929285228, 
            1.0
        ], 
        [
            0.9969844336011405, 
            -0.11833886874350388, 
            -0.11045085196286232, 
            -0.8139680992981294, 
            -0.9746617384431594, 
            0.7615941559557649
        ], 
        [
            -0.9621304393973796, 
            -0.760904780188283, 
            -0.9988541765742491, 
            -0.999477886046195, 
            -0.8939717797227134, 
            0.7615941559557649
        ], 
        [
            -0.9999998496445646, 
            0.9999406497105311
        ]
    ], 
    "pre activation nodes" : [
        [
            0.0, 
            0.0, 
            0.0, 
            0.0, 
            0.0
        ], 
        [
            3.24780293281991, 
            -0.1188959665824949, 
            -0.11090331282278365, 
            -1.1386769382649866, 
            -2.177918411577523, 
            1.0
        ], 
        [
            -1.9738192408624893, 
            -0.9983605768746462, 
            -3.7321029279914093, 
            -4.125255390549751, 
            -1.441363043047497, 
            1.0
        ], 
        [
            -8.201705440758687, 
            5.212585532288375
        ]
    ], 
    "average nodes" : [
        [
            0.0, 
            0.0, 
            0.0, 
            0.0, 
            0.0
        ], 
        [
            0.0, 
            0.0, 
            0.0, 
            0.0, 
            0.0, 
            0.0
        ], 
        [
            0.0, 
            0.0, 
            0.0, 
            0.0, 
            0.0, 
            0.0
        ], 
        [
            0.0, 
            0.0
        ]
    ], 
    "input width" : 4, 
    "output width" : 2, 
    "hidden width" : 5, 
    "hidden length" : 2, 
    "hidden layer details" : {
        "items" : 3, 
        "0" : "is shallow", 
        "1" : "probabilities", 
        "2" : "width", 
        "is shallow" : true, 
        "probabilities" : {
            "2" : 0.85, 
            "3" : 0.12, 
            "1" : 0.03
        }, 
        "width" : {
            "no change" : 0.6, 
            "decrease" : 0.35, 
            "increase" : 0.05
        }
    }, 
    "weight range" : 1.0, 
    "activation function" : 2, 
    "learning rate" : 0.05, 
    "momentum active" : true, 
    "momentum" : 0.001, 
    "accuracy requirement" : 0.985, 
    "epochs" : 10, 
    "batch size" : 40, 
    "accuracy sample size" : 150, 
    "fitness sample size" : 15, 
    "allow testing" : false, 
    "show output" : true, 
    "use bias" : true, 
    "clear bias" : false, 
    "bias value" : 1.0, 
    "child" : null
}