{
    "child iterations" : 15, 
    "is fertile" : false, 
    "is classifier" : false, 
    "is child" : false, 
    "weights" : [
        [
            2.027463, 
            -0.538115, 
            0.026412, 
            -2.238798, 
            2.000769, 
            0.473145, 
            3.497417, 
            0.5212139106063183, 
            3.472138, 
            2.116168, 
            -0.890606, 
            -2.277247, 
            1.199213, 
            -2.058412, 
            0.673597, 
            0.6651238603221823, 
            2.023907, 
            -1.674187, 
            -2.180253, 
            -1.064128, 
            0.25687, 
            -3.661047, 
            2.038029, 
            -0.2767907753370853, 
            1.598809, 
            0.341088, 
            0.296862, 
            -0.414708, 
            -1.605105, 
            2.253972, 
            0.242738, 
            -0.47084859771899445, 
            -0.49609, 
            -1.26952, 
            -0.782107, 
            0.670361, 
            1.521949, 
            -2.721152, 
            1.004232, 
            -0.014792227797336466
        ], 
        [
            -1.340519, 
            1.738318, 
            -0.35445, 
            -0.301193, 
            0.730275, 
            2.680203, 
            -1.898877, 
            -0.786157000236084, 
            -2.061001, 
            -2.607278, 
            1.971789, 
            0.993217, 
            0.947887, 
            -2.385279, 
            -0.21285, 
            -0.23595441092320568, 
            -0.966066, 
            1.657531, 
            1.297979, 
            0.976073, 
            -0.595778, 
            0.637486, 
            2.080338, 
            0.47069454052506976, 
            1.765133, 
            0.660174, 
            -1.839876, 
            -0.036654, 
            1.98152, 
            -1.891956, 
            0.113303, 
            -0.7304250538242045, 
            2.146073, 
            -1.75793, 
            -0.196618, 
            0.444388, 
            -0.557863, 
            2.005022, 
            -3.068055, 
            -0.8157973717740898, 
            2.217703, 
            -0.904394, 
            -1.453047, 
            2.353899, 
            -0.920626, 
            -2.171097, 
            -0.317232, 
            -0.647194831761527, 
            1.91853, 
            1.771849, 
            2.419335, 
            -3.461995, 
            1.100293, 
            -1.890327, 
            -1.220245, 
            0.9560397784377401, 
            1.806269, 
            -2.032303, 
            1.539867, 
            0.281511, 
            -0.154472, 
            1.077409, 
            -0.500895, 
            0.2045913283035352
        ], 
        [
            -1.153403, 
            2.279042, 
            1.207105, 
            -0.236453, 
            2.898671, 
            0.433164, 
            -1.935002, 
            2.346242, 
            1.100344, 
            1.832471, 
            0.874531, 
            -1.323164, 
            -1.921139, 
            2.8756, 
            -1.284037, 
            -1.414255
        ]
    ], 
    "momentum weights" : [
        [
            2.027463, 
            -0.538115, 
            0.026412, 
            -2.238798, 
            2.000769, 
            0.473145, 
            3.497417, 
            0.5212139106063183, 
            3.472138, 
            2.116168, 
            -0.890606, 
            -2.277247, 
            1.199213, 
            -2.058412, 
            0.673597, 
            0.6651238603221823, 
            2.023907, 
            -1.674187, 
            -2.180253, 
            -1.064128, 
            0.25687, 
            -3.661047, 
            2.038029, 
            -0.2767907753370853, 
            1.598809, 
            0.341088, 
            0.296862, 
            -0.414708, 
            -1.605105, 
            2.253972, 
            0.242738, 
            -0.47084859771899445, 
            -0.49609, 
            -1.26952, 
            -0.782107, 
            0.670361, 
            1.521949, 
            -2.721152, 
            1.004232, 
            -0.014792227797336466
        ], 
        [
            -1.340519, 
            1.738318, 
            -0.35445, 
            -0.301193, 
            0.730275, 
            2.680203, 
            -1.898877, 
            -0.786157000236084, 
            -2.061001, 
            -2.607278, 
            1.971789, 
            0.993217, 
            0.947887, 
            -2.385279, 
            -0.21285, 
            -0.23595441092320568, 
            -0.966066, 
            1.657531, 
            1.297979, 
            0.976073, 
            -0.595778, 
            0.637486, 
            2.080338, 
            0.47069454052506976, 
            1.765133, 
            0.660174, 
            -1.839876, 
            -0.036654, 
            1.98152, 
            -1.891956, 
            0.113303, 
            -0.7304250538242045, 
            2.146073, 
            -1.75793, 
            -0.196618, 
            0.444388, 
            -0.557863, 
            2.005022, 
            -3.068055, 
            -0.8157973717740898, 
            2.217703, 
            -0.904394, 
            -1.453047, 
            2.353899, 
            -0.920626, 
            -2.171097, 
            -0.317232, 
            -0.647194831761527, 
            1.91853, 
            1.771849, 
            2.419335, 
            -3.461995, 
            1.100293, 
            -1.890327, 
            -1.220245, 
            0.9560397784377401, 
            1.806269, 
            -2.032303, 
            1.539867, 
            0.281511, 
            -0.154472, 
            1.077409, 
            -0.500895, 
            0.2045913283035352
        ], 
        [
            -1.153403, 
            2.279042, 
            1.207105, 
            -0.236453, 
            2.898671, 
            0.433164, 
            -1.935002, 
            2.346242, 
            1.100344, 
            1.832471, 
            0.874531, 
            -1.323164, 
            -1.921139, 
            2.8756, 
            -1.284037, 
            -1.414255
        ]
    ], 
    "nodes" : [
        [
            0.7132740554846433, 
            0.7800985605076951, 
            -0.917099963383376, 
            -0.23245769570001015, 
            1.0
        ], 
        [
            0.8918460027949445, 
            0.8963993708144704, 
            0.44019579022164324, 
            -0.9261581913218577, 
            0.9993582814344816, 
            -0.8196799369097072, 
            0.9703830508180866, 
            0.7615941559557649
        ], 
        [
            -0.9119227155840991, 
            -0.9073894596862461, 
            0.9999998612178503, 
            -0.9983349031750942, 
            0.5010390920031844, 
            0.9999185936775806, 
            -0.9999627226186127, 
            0.7615941559557649
        ], 
        [
            0.9999987823767179, 
            -0.9999998266063965
        ]
    ], 
    "pre activation nodes" : [
        [
            0.0, 
            0.0, 
            0.0, 
            0.0, 
            0.0
        ], 
        [
            1.4308761204433338, 
            1.4535844481113287, 
            0.4724736257795431, 
            -1.6306788195877908, 
            4.022093495822346, 
            -1.1558412527970092, 
            2.0988182199601493, 
            1.0
        ], 
        [
            -1.5388250055088966, 
            -1.512543924830747, 
            8.241753756408684, 
            -3.5450931447652754, 
            0.5506925616360745, 
            5.054582046771346, 
            -5.445126177034051, 
            1.0
        ], 
        [
            7.155878150254528, 
            -8.130424377985733
        ]
    ],