{
    "child iterations" : 15, 
    "is fertile" : false, 
    "is classifier" : false, 
    "is child" : false, 
    "weights" : [
        [
            -0.11103098748977214, 
            -0.8135150556040562, 
            0.020501606404581763, 
            0.3576424033161256, 
            0.6112356043593499, 
            -0.28291832451971644, 
            -0.3167280814494031, 
            -0.9280329712092314, 
            0.4536056673542228, 
            0.09557409100998582, 
            0.5599117315977773, 
            -0.8184627555628201, 
            0.5820228245039576, 
            0.021165228494456123, 
            0.3079993058770931, 
            0.002172874281845205, 
            0.6112792431912817, 
            -0.021547098743788906, 
            -0.13104199636284197, 
            -0.31099223596820846, 
            0.33012884028300116, 
            0.5181018687385193, 
            -0.031292965414129625, 
            0.8847810029552552, 
            0.5554974650118576, 
            -0.3100033498661121, 
            0.30717282516168676, 
            0.3968467656827668, 
            0.5951151624689377, 
            -0.15085282633966446, 
            0.3308778534796126, 
            -0.9896665325321228, 
            -0.8143614077037122, 
            0.7188087842364579, 
            -0.06726396270523671, 
            -0.440009094714759, 
            -0.9481713370664364, 
            0.9953200381436547, 
            -0.7408793662848394, 
            -0.11167924072788571, 
            -0.9226063017180304, 
            0.6167395544363012, 
            0.030371068976451143, 
            0.06796296020750292, 
            0.09993707569437138, 
            -0.17193978784321673, 
            -0.9056438192909557, 
            0.7707227166834325, 
            -0.2029861110561768, 
            0.7210065202224549, 
            0.3895888723525096, 
            0.5849341443005014, 
            0.8422928384292523, 
            -0.22889816579475197, 
            -0.7315453206413163, 
            0.16084494298029295, 
            0.5067848960582766, 
            0.9792763066784567, 
            0.013445136374500732, 
            -0.47106509700822596, 
            0.41242526268535373, 
            0.221606190920149, 
            0.8372486257404956, 
            0.8740198695088446, 
            0.3394825499122207, 
            -0.19650425828814777, 
            0.2451345041353601, 
            -0.979352514629007, 
            -0.05171504381776937, 
            0.7207245331771166, 
            -0.8806825789625838, 
            0.3339187291861012, 
            -0.5536761304838118, 
            0.016589683927429988, 
            -0.1039456025180967, 
            0.6501887453765296, 
            -0.2841482708905707, 
            0.18757581371481846, 
            -0.9557421242465143, 
            0.7248229025341806, 
            -0.3152763329632453, 
            -0.7776929202859046, 
            0.5198132909391453, 
            0.3672967493692867, 
            -0.24504210234748047, 
            0.36617688505245716, 
            -0.9764087710293339, 
            -0.38751024801597, 
            0.71653492763385, 
            -0.6073714265762054, 
            0.807313584326717, 
            0.7594875974107802, 
            -0.3713335339180237, 
            -0.10397606003219129, 
            -0.39152790318762154, 
            0.6456181457921788, 
            -0.7180137923580554, 
            -0.0012060757379286358, 
            0.25665215377579, 
            0.3904149129005594, 
            -0.7967023659634975, 
            -0.8929671390559786, 
            -0.21003171030610202, 
            -0.685514812112622, 
            -0.9595483073616244, 
            -0.8732174696920731, 
            -0.7295978315415697, 
            -0.8679854993353635, 
            -0.5218902992254135, 
            -0.196705775113577, 
            0.7635874550840898, 
            0.40872923643305437, 
            0.46349286427767544, 
            -0.30294012398959214, 
            -0.300833369403271, 
            0.8897547099156438, 
            0.18373272521533934, 
            0.948612856282314, 
            0.6930240820637228, 
            -0.8616713527191604, 
            -0.098575, 
            1.033877, 
            -0.483467, 
            -0.888753, 
            -0.131048, 
            0.220913, 
            -0.717253, 
            0.201368, 
            -0.408154, 
            -0.068406, 
            -0.659159, 
            -0.7332780219423416
        ], 
        [
            0.27197, 
            0.04638, 
            -0.738423, 
            0.851025, 
            0.332413, 
            0.813797, 
            -0.597002, 
            0.856444, 
            -0.032897, 
            -0.140706, 
            -0.7799438402515839, 
            0.998435, 
            0.694545, 
            0.186348, 
            -0.392076, 
            0.642102, 
            -0.5285, 
            0.008307, 
            0.722008, 
            -1.008057, 
            0.334182, 
            -0.15029447317673372, 
            0.081668, 
            0.061861, 
            -0.850241, 
            -0.833523, 
            -0.553853, 
            -0.062453, 
            -0.116675, 
            0.672436, 
            -1.016123, 
            0.603503, 
            0.6602783356104573, 
            -0.177191, 
            0.142015, 
            -0.93602, 
            0.404226, 
            -0.134411, 
            0.085034, 
            0.508767, 
            -0.954263, 
            -0.411979, 
            -0.726593, 
            -0.09637396335267345, 
            -0.09299, 
            0.883373, 
            0.214789, 
            -0.813113, 
            -0.965547, 
            -0.656448, 
            0.566839, 
            -0.613394, 
            0.207853, 
            -0.123407, 
            -0.5052366937425383, 
            0.892395, 
            0.19507, 
            -0.331007, 
            -0.002763, 
            -0.723971, 
            0.502878, 
            0.113775, 
            -0.56618, 
            0.192526, 
            -0.516058, 
            0.5293373015859506, 
            -0.783836, 
            -0.44554, 
            0.512747, 
            0.240072, 
            -0.677621, 
            0.630555, 
            -0.119159, 
            -0.448437, 
            -0.248922, 
            -0.243164, 
            -0.19347849236585746, 
            -0.3804, 
            0.372071, 
            0.258635, 
            -0.805402, 
            -0.148804, 
            0.601354, 
            0.382682, 
            0.384584, 
            0.654627, 
            -0.630048, 
            0.13953898665916165, 
            0.732361, 
            0.942713, 
            0.218537, 
            -0.941452, 
            0.394131, 
            -0.060582, 
            -1.035158, 
            1.003714, 
            0.359606, 
            -0.511782, 
            0.2638269649873688, 
            -0.082244, 
            0.489588, 
            0.972233, 
            0.307794, 
            -0.486906, 
            0.898724, 
            -0.327186, 
            1.000814, 
            -0.396524, 
            0.153936, 
            -0.3274597708083471, 
            -0.644672, 
            -0.873602, 
            0.285433, 
            0.180589, 
            0.979822, 
            0.056765, 
            -0.500871, 
            0.216521, 
            0.588292, 
            0.764595, 
            0.3002707758793983, 
            -0.853318, 
            1.014136, 
            -0.844671, 
            -1.040041, 
            -0.921909, 
            0.266828, 
            0.246846, 
            0.216058, 
            -0.049992, 
            0.227378, 
            -0.3593692817031946
        ], 
        [
            0.8795, 
            -0.037292, 
            0.23251, 
            -0.982451, 
            -0.026197, 
            0.134933, 
            0.559063, 
            -0.061633, 
            -0.090681, 
            1.004523, 
            -0.546969
